$MeshFormat
4.1 0 8
$EndMeshFormat
$PhysicalNames
4
1 1 "inlet"
1 2 "outlet"
1 3 "walls"
2 1 "fluid"
$EndPhysicalNames
$Entities
8 8 1 0
1 2.3 0 0 0 
2 1.7 4.481466260980339e-15 0 0 
3 0 0 0 0 
4 0 1 0 0 
5 1.7 0.9999999999999956 0 0 
6 2.3 1 0 0 
7 4 1 0 0 
8 4 0 0 0 
1 1.6999999 -1.000000000028756e-07 -1e-07 2.3000001 0.3000001 1e-07 1 3 2 1 -2 
2 -9.999999994736442e-08 -1e-07 -1e-07 1.7000001 1e-07 1e-07 1 3 2 3 -2 
3 -1e-07 -9.999999994736442e-08 -1e-07 1e-07 1.0000001 1e-07 1 1 2 4 -3 
4 -9.999999994736442e-08 0.9999999000000001 -1e-07 1.7000001 1.0000001 1e-07 1 3 2 5 -4 
5 1.6999999 0.6999999 -1e-07 2.3000001 1.0000001 1e-07 1 3 2 5 -6 
6 2.2999999 0.9999999000000001 -1e-07 4.0000001 1.0000001 1e-07 1 3 2 7 -6 
7 3.9999999 -9.999999994736442e-08 -1e-07 4.0000001 1.0000001 1e-07 1 2 2 8 -7 
8 2.2999999 -1e-07 -1e-07 4.0000001 1e-07 1e-07 1 3 2 1 -8 
1 -9.999999983634211e-08 -9.999999994736442e-08 -1e-07 4.0000001 1.0000001 1e-07 1 1 8 -1 8 7 6 -5 4 3 2 
$EndEntities
$Nodes
17 6630 1 6630
0 1 0 1
1
2.3 0 0
0 2 0 1
2
1.7 4.481466260980339e-15 0
0 3 0 1
3
0 0 0
0 4 0 1
4
0 1 0
0 5 0 1
5
1.7 0.9999999999999956 0
0 6 0 1
6
2.3 1 0
0 7 0 1
7
4 1 0
0 8 0 1
8
4 0 0
1 1 0 39
9
10
11
12
13
14
15
16
17
18
19
20
21
22
23
24
25
26
27
28
29
30
31
32
33
34
35
36
37
38
39
40
41
42
43
44
45
46
47
2.299075200119939 0.02353772871835346 0
2.296306502178541 0.04693033951206923 0
2.291710976119303 0.07003360915677158 0
2.285316954888546 0.09270509831248416 0
2.277163859753386 0.1148050297095269 0
2.26730195725651 0.136197149921864 0
2.255792049306228 0.1567495694147846 0
2.242705098312484 0.1763355756877419 0
2.228121789680009 0.194834414499055 0
2.212132034355964 0.2121320343559642 0
2.194834414499055 0.2281217896800092 0
2.176335575687742 0.2427050983124842 0
2.156749569414785 0.2557920493062276 0
2.136197149921864 0.2673019572565103 0
2.114805029709527 0.277163859753386 0
2.092705098312484 0.285316954888546 0
2.070033609156772 0.2917109761193029 0
2.046930339512069 0.2963065021785413 0
2.023537728718354 0.2990752001199383 0
2 0.3 0
1.976462271281647 0.2990752001199384 0
1.953069660487931 0.2963065021785414 0
1.929966390843229 0.2917109761193031 0
1.907294901687516 0.2853169548885462 0
1.885194970290474 0.2771638597533862 0
1.863802850078136 0.2673019572565105 0
1.843250430585216 0.255792049306228 0
1.823664424312259 0.2427050983124846 0
1.805165585500945 0.2281217896800097 0
1.787867965644036 0.2121320343559648 0
1.771878210319991 0.1948344144990558 0
1.757294901687516 0.1763355756877427 0
1.744207950693773 0.1567495694147855 0
1.73269804274349 0.1361971499218648 0
1.722836140246614 0.1148050297095276 0
1.714683045111454 0.09270509831248464 0
1.708289023880697 0.07003360915677204 0
1.703693497821459 0.04693033951206956 0
1.700924799880062 0.02353772871835365 0
1 2 0 70
48
49
50
51
52
53
54
55
56
57
58
59
60
61
62
63
64
65
66
67
68
69
70
71
72
73
74
75
76
77
78
79
80
81
82
83
84
85
86
87
88
89
90
91
92
93
94
95
96
97
98
99
100
101
102
103
104
105
106
107
108
109
110
111
112
113
114
115
116
117
0.02414510978043282 0 0
0.04808589392642662 0 0
0.0720266780724204 0 0
0.09596746221841419 0 0
0.119908246364408 0 0
0.1438490305104018 0 0
0.1677898146563956 0 0
0.1917305988023894 0 0
0.2156713829483832 0 0
0.239612167094377 0 0
0.2635529512403708 0 0
0.2874937353863646 0 0
0.3114345195323583 0 0
0.3353753036783521 0 0
0.3593160878243458 0 0
0.3832568719703396 0 0
0.4071976561163334 0 0
0.4311384402623273 0 0
0.455079224408321 0 0
0.4790200085543149 0 0
0.5029607927003086 0 0
0.5269015768463025 0 0
0.5508423609922962 0 0
0.57478314513829 0 0
0.5987239292842838 0 0
0.6226647134302775 0 0
0.6466054975762713 0 0
0.670546281722265 0 0
0.6944870658682588 0 0
0.7184278500142526 0 0
0.7423686341602463 0 0
0.7663094183062402 0 0
0.7902502024522342 0 0
0.8141909865982281 0 0
0.838131770744222 0 0
0.8620725548902158 0 0
0.8860133390362097 0 0
0.9099541231822037 0 0
0.9338949073281976 0 0
0.9578356914741916 0 0
0.9817764756201852 0 0
1.005717259766179 0 0
1.029658043912173 0 0
1.053598828058167 0 0
1.077539612204161 0 0
1.101480396350154 0 0
1.125421180496148 0 0
1.149361964642142 0 0
1.173302748788136 0 0
1.197243532934129 0 0
1.221184317080123 0 0
1.245125101226117 0 0
1.269065885372111 0 0
1.293006669518104 0 0
1.316947453664098 0 0
1.340888237810092 0 0
1.364829021956086 0 0
1.388769806102079 0 0
1.412710590248073 0 0
1.436651374394067 0 0
1.460592158540061 0 0
1.484532942686055 0 0
1.508473726832048 0 0
1.532414510978042 0 0
1.556355295124036 0 0
1.58029607927003 0 0
1.604236863416024 0 0
1.628177647562018 0 0
1.652118431708012 0 0
1.676059215854006 0 0
1 3 0 24
118
119
120
121
122
123
124
125
126
127
128
129
130
131
132
133
134
135
136
137
138
139
140
141
0 0.9751302782286428 0
0 0.9495189809813425 0
0 0.9224840111697994 0
0 0.8934213875914563 0
0 0.8617873561141831 0
0 0.8270685326120375 0
0 0.7887549070754645 0
0 0.7463189596430739 0
0 0.6991996664139597 0
0 0.6467895817286167 0
0 0.5888436117014764 0
0 0.5296145372338256 0
0 0.4703854627661749 0
0 0.4111563882985241 0
0 0.3532104182713837 0
0 0.3008003335860406 0
0 0.2536810403569267 0
0 0.2112450929245367 0
0 0.1729314673879633 0
0 0.1382126438858168 0
0 0.1065786124085436 0
0 0.07751598883020072 0
0 0.05048101901865742 0
0 0.02486972177135705 0
1 4 0 70
142
143
144
145
146
147
148
149
150
151
152
153
154
155
156
157
158
159
160
161
162
163
164
165
166
167
168
169
170
171
172
173
174
175
176
177
178
179
180
181
182
183
184
185
186
187
188
189
190
191
192
193
194
195
196
197
198
199
200
201
202
203
204
205
206
207
208
209
210
211
1.676059215854006 1 0
1.652118431708013 1 0
1.628177647562019 1 0
1.604236863416025 1 0
1.580296079270031 1 0
1.556355295124037 1 0
1.532414510978044 1 0
1.50847372683205 1 0
1.484532942686056 1 0
1.460592158540062 1 0
1.436651374394068 1 0
1.412710590248075 1 0
1.388769806102081 1 0
1.364829021956087 1 0
1.340888237810093 1 0
1.316947453664099 1 0
1.293006669518106 1 0
1.269065885372112 1 0
1.245125101226118 1 0
1.221184317080124 1 0
1.19724353293413 1 0
1.173302748788136 1 0
1.149361964642143 1 0
1.125421180496149 1 0
1.101480396350155 1 0
1.077539612204161 1 0
1.053598828058168 1 0
1.029658043912174 1 0
1.00571725976618 1 0
0.9817764756201863 1 0
0.9578356914741928 1 0
0.9338949073281988 1 0
0.9099541231822053 1 0
0.8860133390362113 1 0
0.8620725548902177 1 0
0.8381317707442237 1 0
0.8141909865982302 1 0
0.7902502024522362 1 0
0.7663094183062427 1 0
0.7423686341602487 1 0
0.7184278500142551 1 0
0.6944870658682611 1 0
0.6705462817222672 1 0
0.6466054975762736 1 0
0.6226647134302796 1 0
0.5987239292842861 1 0
0.5747831451382921 1 0
0.5508423609922981 1 0
0.5269015768463046 1 0
0.5029607927003106 1 0
0.479020008554317 1 0
0.455079224408323 1 0
0.4311384402623295 1 0
0.4071976561163355 1 0
0.3832568719703415 1 0
0.359316087824348 1 0
0.335375303678354 1 0
0.3114345195323605 1 0
0.2874937353863665 1 0
0.2635529512403729 1 0
0.2396121670943789 1 0
0.2156713829483854 1 0
0.1917305988023914 1 0
0.1677898146563979 1 0
0.1438490305104039 1 0
0.1199082463644099 1 0
0.09596746221841546 1 0
0.07202667807242191 1 0
0.04808589392642793 1 0
0.02414510978043394 1 0
1 5 0 39
212
213
214
215
216
217
218
219
220
221
222
223
224
225
226
227
228
229
230
231
232
233
234
235
236
237
238
239
240
241
242
243
244
245
246
247
248
249
250
1.700924799880062 0.9764622712816465 0
1.703693497821459 0.9530696604879307 0
1.708289023880697 0.9299663908432284 0
1.714683045111454 0.9072949016875158 0
1.722836140246614 0.8851949702904731 0
1.73269804274349 0.8638028500781361 0
1.744207950693772 0.8432504305852153 0
1.757294901687516 0.8236644243122579 0
1.771878210319991 0.8051655855009449 0
1.787867965644036 0.7878679656440357 0
1.805165585500945 0.7718782103199906 0
1.823664424312258 0.7572949016875157 0
1.843250430585215 0.7442079506937722 0
1.863802850078136 0.7326980427434895 0
1.885194970290473 0.7228361402466139 0
1.907294901687516 0.7146830451114539 0
1.929966390843229 0.7082890238806969 0
1.953069660487931 0.7036934978214586 0
1.976462271281647 0.7009247998800616 0
2 0.7 0
2.023537728718353 0.7009247998800616 0
2.046930339512069 0.7036934978214586 0
2.070033609156771 0.7082890238806969 0
2.092705098312484 0.7146830451114539 0
2.114805029709526 0.7228361402466138 0
2.136197149921863 0.7326980427434894 0
2.156749569414784 0.744207950693772 0
2.176335575687741 0.7572949016875152 0
2.194834414499054 0.7718782103199902 0
2.212132034355963 0.7878679656440349 0
2.228121789680009 0.8051655855009441 0
2.242705098312483 0.8236644243122572 0
2.255792049306227 0.8432504305852142 0
2.26730195725651 0.8638028500781352 0
2.277163859753386 0.8851949702904721 0
2.285316954888546 0.9072949016875151 0
2.291710976119303 0.929966390843228 0
2.296306502178541 0.9530696604879304 0
2.299075200119939 0.9764622712816463 0
1 6 0 70
251
252
253
254
255
256
257
258
259
260
261
262
263
264
265
266
267
268
269
270
271
272
273
274
275
276
277
278
279
280
281
282
283
284
285
286
287
288
289
290
291
292
293
294
295
296
297
298
299
300
301
302
303
304
305
306
307
308
309
310
311
312
313
314
315
316
317
318
319
320
3.975854890219567 1 0
3.951914106073573 1 0
3.927973321927579 1 0
3.904032537781586 1 0
3.880091753635592 1 0
3.856150969489598 1 0
3.832210185343604 1 0
3.80826940119761 1 0
3.784328617051617 1 0
3.760387832905623 1 0
3.736447048759629 1 0
3.712506264613635 1 0
3.688565480467642 1 0
3.664624696321648 1 0
3.640683912175654 1 0
3.61674312802966 1 0
3.592802343883666 1 0
3.568861559737673 1 0
3.544920775591679 1 0
3.520979991445685 1 0
3.497039207299691 1 0
3.473098423153697 1 0
3.449157639007704 1 0
3.42521685486171 1 0
3.401276070715716 1 0
3.377335286569722 1 0
3.353394502423729 1 0
3.329453718277735 1 0
3.305512934131741 1 0
3.281572149985747 1 0
3.257631365839753 1 0
3.23369058169376 1 0
3.209749797547766 1 0
3.185809013401772 1 0
3.161868229255778 1 0
3.137927445109784 1 0
3.11398666096379 1 0
3.090045876817796 1 0
3.066105092671803 1 0
3.042164308525809 1 0
3.018223524379815 1 0
2.994282740233821 1 0
2.970341956087827 1 0
2.946401171941833 1 0
2.922460387795839 1 0
2.898519603649846 1 0
2.874578819503852 1 0
2.850638035357858 1 0
2.826697251211864 1 0
2.802756467065871 1 0
2.778815682919877 1 0
2.754874898773883 1 0
2.730934114627889 1 0
2.706993330481895 1 0
2.683052546335902 1 0
2.659111762189908 1 0
2.635170978043914 1 0
2.61123019389792 1 0
2.587289409751927 1 0
2.563348625605933 1 0
2.539407841459939 1 0
2.515467057313945 1 0
2.491526273167952 1 0
2.467585489021958 1 0
2.443644704875964 1 0
2.41970392072997 1 0
2.395763136583976 1 0
2.371822352437982 1 0
2.347881568291988 1 0
2.323940784145994 1 0
1 7 0 24
321
322
323
324
325
326
327
328
329
330
331
332
333
334
335
336
337
338
339
340
341
342
343
344
4 0.02486972177135716 0
4 0.05048101901865756 0
4 0.07751598883020061 0
4 0.1065786124085437 0
4 0.1382126438858168 0
4 0.1729314673879625 0
4 0.2112450929245356 0
4 0.253681040356926 0
4 0.3008003335860403 0
4 0.3532104182713833 0
4 0.4111563882985236 0
4 0.4703854627661744 0
4 0.5296145372338251 0
4 0.5888436117014759 0
4 0.6467895817286163 0
4 0.6991996664139594 0
4 0.7463189596430733 0
4 0.7887549070754633 0
4 0.8270685326120367 0
4 0.8617873561141832 0
4 0.8934213875914564 0
4 0.9224840111697993 0
4 0.9495189809813426 0
4 0.975130278228643 0
1 8 0 70
345
346
347
348
349
350
351
352
353
354
355
356
357
358
359
360
361
362
363
364
365
366
367
368
369
370
371
372
373
374
375
376
377
378
379
380
381
382
383
384
385
386
387
388
389
390
391
392
393
394
395
396
397
398
399
400
401
402
403
404
405
406
407
408
409
410
411
412
413
414
2.323940784145994 0 0
2.347881568291987 0 0
2.371822352437981 0 0
2.395763136583975 0 0
2.419703920729969 0 0
2.443644704875963 0 0
2.467585489021956 0 0
2.49152627316795 0 0
2.515467057313944 0 0
2.539407841459938 0 0
2.563348625605932 0 0
2.587289409751925 0 0
2.611230193897919 0 0
2.635170978043913 0 0
2.659111762189907 0 0
2.683052546335901 0 0
2.706993330481894 0 0
2.730934114627888 0 0
2.754874898773882 0 0
2.778815682919876 0 0
2.80275646706587 0 0
2.826697251211864 0 0
2.850638035357857 0 0
2.874578819503851 0 0
2.898519603649845 0 0
2.922460387795839 0 0
2.946401171941832 0 0
2.970341956087826 0 0
2.99428274023382 0 0
3.018223524379814 0 0
3.042164308525807 0 0
3.066105092671801 0 0
3.090045876817795 0 0
3.113986660963789 0 0
3.137927445109782 0 0
3.161868229255776 0 0
3.18580901340177 0 0
3.209749797547764 0 0
3.233690581693757 0 0
3.257631365839751 0 0
3.281572149985745 0 0
3.305512934131739 0 0
3.329453718277733 0 0
3.353394502423726 0 0
3.37733528656972 0 0
3.401276070715714 0 0
3.425216854861708 0 0
3.449157639007702 0 0
3.473098423153695 0 0
3.497039207299689 0 0
3.520979991445683 0 0
3.544920775591677 0 0
3.56886155973767 0 0
3.592802343883664 0 0
3.616743128029658 0 0
3.640683912175652 0 0
3.664624696321646 0 0
3.68856548046764 0 0
3.712506264613634 0 0
3.736447048759627 0 0
3.760387832905621 0 0
3.784328617051615 0 0
3.808269401197609 0 0
3.832210185343602 0 0
3.856150969489596 0 0
3.88009175363559 0 0
3.904032537781585 0 0
3.927973321927578 0 0
3.951914106073572 0 0
3.975854890219566 0 0
2 1 0 6216
415
416
417
418
419
420
421
422
423
424
425
426
427
428
429
430
431
432
433
434
435
436
437
438
439
440
441
442
443
444
445
446
447
448
449
450
451
452
453
454
455
456
457
458
459
460
461
462
463
464
465
466
467
468
469
470
471
472
473
474
475
476
477
478
479
480
481
482
483
484
485
486
487
488
489
490
491
492
493
494
495
496
497
498
499
500
501
502
503
504
505
506
507
508
509
510
511
512
513
514
515
516
517
518
519
520
521
522
523
524
525
526
527
528
529
530
531
532
533
534
535
536
537
538
539
540
541
542
543
544
545
546
547
548
549
550
551
552
553
554
555
556
557
558
559
560
561
562
563
564
565
566
567
568
569
570
571
572
573
574
575
576
577
578
579
580
581
582
583
584
585
586
587
588
589
590
591
592
593
594
595
596
597
598
599
600
601
602
603
604
605
606
607
608
609
610
611
612
613
614
615
616
617
618
619
620
621
622
623
624
625
626
627
628
629
630
631
632
633
634
635
636
637
638
639
640
641
642
643
644
645
646
647
648
649
650
651
652
653
654
655
656
657
658
659
660
661
662
663
664
665
666
667
668
669
670
671
672
673
674
675
676
677
678
679
680
681
682
683
684
685
686
687
688
689
690
691
692
693
694
695
696
697
698
699
700
701
702
703
704
705
706
707
708
709
710
711
712
713
714
715
716
717
718
719
720
721
722
723
724
725
726
727
728
729
730
731
732
733
734
735
736
737
738
739
740
741
742
743
744
745
746
747
748
749
750
751
752
753
754
755
756
757
758
759
760
761
762
763
764
765
766
767
768
769
770
771
772
773
774
775
776
777
778
779
780
781
782
783
784
785
786
787
788
789
790
791
792
793
794
795
796
797
798
799
800
801
802
803
804
805
806
807
808
809
810
811
812
813
814
815
816
817
818
819
820
821
822
823
824
825
826
827
828
829
830
831
832
833
834
835
836
837
838
839
840
841
842
843
844
845
846
847
848
849
850
851
852
853
854
855
856
857
858
859
860
861
862
863
864
865
866
867
868
869
870
871
872
873
874
875
876
877
878
879
880
881
882
883
884
885
886
887
888
889
890
891
892
893
894
895
896
897
898
899
900
901
902
903
904
905
906
907
908
909
910
911
912
913
914
915
916
917
918
919
920
921
922
923
924
925
926
927
928
929
930
931
932
933
934
935
936
937
938
939
940
941
942
943
944
945
946
947
948
949
950
951
952
953
954
955
956
957
958
959
960
961
962
963
964
965
966
967
968
969
970
971
972
973
974
975
976
977
978
979
980
981
982
983
984
985
986
987
988
989
990
991
992
993
994
995
996
997
998
999
1000
1001
1002
1003
1004
1005
1006
1007
1008
1009
1010
1011
1012
1013
1014
1015
1016
1017
1018
1019
1020
1021
1022
1023
1024
1025
1026
1027
1028
1029
1030
1031
1032
1033
1034
1035
1036
1037
1038
1039
1040
1041
1042
1043
1044
1045
1046
1047
1048
1049
1050
1051
1052
1053
1054
1055
1056
1057
1058
1059
1060
1061
1062
1063
1064
1065
1066
1067
1068
1069
1070
1071
1072
1073
1074
1075
1076
1077
1078
1079
1080
1081
1082
1083
1084
1085
1086
1087
1088
1089
1090
1091
1092
1093
1094
1095
1096
1097
1098
1099
1100
1101
1102
1103
1104
1105
1106
1107
1108
1109
1110
1111
1112
1113
1114
1115
1116
1117
1118
1119
1120
1121
1122
1123
1124
1125
1126
1127
1128
1129
1130
1131
1132
1133
1134
1135
1136
1137
1138
1139
1140
1141
1142
1143
1144
1145
1146
1147
1148
1149
1150
1151
1152
1153
1154
1155
1156
1157
1158
1159
1160
1161
1162
1163
1164
1165
1166
1167
1168
1169
1170
1171
1172
1173
1174
1175
1176
1177
1178
1179
1180
1181
1182
1183
1184
1185
1186
1187
1188
1189
1190
1191
1192
1193
1194
1195
1196
1197
1198
1199
1200
1201
1202
1203
1204
1205
1206
1207
1208
1209
1210
1211
1212
1213
1214
1215
1216
1217
1218
1219
1220
1221
1222
1223
1224
1225
1226
1227
1228
1229
1230
1231
1232
1233
1234
1235
1236
1237
1238
1239
1240
1241
1242
1243
1244
1245
1246
1247
1248
1249
1250
1251
1252
1253
1254
1255
1256
1257
1258
1259
1260
1261
1262
1263
1264
1265
1266
1267
1268
1269
1270
1271
1272
1273
1274
1275
1276
1277
1278
1279
1280
1281
1282
1283
1284
1285
1286
1287
1288
1289
1290
1291
1292
1293
1294
1295
1296
1297
1298
1299
1300
1301
1302
1303
1304
1305
1306
1307
1308
1309
1310
1311
1312
1313
1314
1315
1316
1317
1318
1319
1320
1321
1322
1323
1324
1325
1326
1327
1328
1329
1330
1331
1332
1333
1334
1335
1336
1337
1338
1339
1340
1341
1342
1343
1344
1345
1346
1347
1348
1349
1350
1351
1352
1353
1354
1355
1356
1357
1358
1359
1360
1361
1362
1363
1364
1365
1366
1367
1368
1369
1370
1371
1372
1373
1374
1375
1376
1377
1378
1379
1380
1381
1382
1383
1384
1385
1386
1387
1388
1389
1390
1391
1392
1393
1394
1395
1396
1397
1398
1399
1400
1401
1402
1403
1404
1405
1406
1407
1408
1409
1410
1411
1412
1413
1414
1415
1416
1417
1418
1419
1420
1421
1422
1423
1424
1425
1426
1427
1428
1429
1430
1431
1432
1433
1434
1435
1436
1437
1438
1439
1440
1441
1442
1443
1444
1445
1446
1447
1448
1449
1450
1451
1452
1453
1454
1455
1456
1457
1458
1459
1460
1461
1462
1463
1464
1465
1466
1467
1468
1469
1470
1471
1472
1473
1474
1475
1476
1477
1478
1479
1480
1481
1482
1483
1484
1485
1486
1487
1488
1489
1490
1491
1492
1493
1494
1495
1496
1497
1498
1499
1500
1501
1502
1503
1504
1505
1506
1507
1508
1509
1510
1511
1512
1513
1514
1515
1516
1517
1518
1519
1520
1521
1522
1523
1524
1525
1526
1527
1528
1529
1530
1531
1532
1533
1534
1535
1536
1537
1538
1539
1540
1541
1542
1543
1544
1545
1546
1547
1548
1549
1550
1551
1552
1553
1554
1555
1556
1557
1558
1559
1560
1561
1562
1563
1564
1565
1566
1567
1568
1569
1570
1571
1572
1573
1574
1575
1576
1577
1578
1579
1580
1581
1582
1583
1584
1585
1586
1587
1588
1589
1590
1591
1592
1593
1594
1595
1596
1597
1598
1599
1600
1601
1602
1603
1604
1605
1606
1607
1608
1609
1610
1611
1612
1613
1614
1615
1616
1617
1618
1619
1620
1621
1622
1623
1624
1625
1626
1627
1628
1629
1630
1631
1632
1633
1634
1635
1636
1637
1638
1639
1640
1641
1642
1643
1644
1645
1646
1647
1648
1649
1650
1651
1652
1653
1654
1655
1656
1657
1658
1659
1660
1661
1662
1663
1664
1665
1666
1667
1668
1669
1670
1671
1672
1673
1674
1675
1676
1677
1678
1679
1680
1681
1682
1683
1684
1685
1686
1687
1688
1689
1690
1691
1692
1693
1694
1695
1696
1697
1698
1699
1700
1701
1702
1703
1704
1705
1706
1707
1708
1709
1710
1711
1712
1713
1714
1715
1716
1717
1718
1719
1720
1721
1722
1723
1724
1725
1726
1727
1728
1729
1730
1731
1732
1733
1734
1735
1736
1737
1738
1739
1740
1741
1742
1743
1744
1745
1746
1747
1748
1749
1750
1751
1752
1753
1754
1755
1756
1757
1758
1759
1760
1761
1762
1763
1764
1765
1766
1767
1768
1769
1770
1771
1772
1773
1774
1775
1776
1777
1778
1779
1780
1781
1782
1783
1784
1785
1786
1787
1788
1789
1790
1791
1792
1793
1794
1795
1796
1797
1798
1799
1800
1801
1802
1803
1804
1805
1806
1807
1808
1809
1810
1811
1812
1813
1814
1815
1816
1817
1818
1819
1820
1821
1822
1823
1824
1825
1826
1827
1828
1829
1830
1831
1832
1833
1834
1835
1836
1837
1838
1839
1840
1841
1842
1843
1844
1845
1846
1847
1848
1849
1850
1851
1852
1853
1854
1855
1856
1857
1858
1859
1860
1861
1862
1863
1864
1865
1866
1867
1868
1869
1870
1871
1872
1873
1874
1875
1876
1877
1878
1879
1880
1881
1882
1883
1884
1885
1886
1887
1888
1889
1890
1891
1892
1893
1894
1895
1896
1897
1898
1899
1900
1901
1902
1903
1904
1905
1906
1907
1908
1909
1910
1911
1912
1913
1914
1915
1916
1917
1918
1919
1920
1921
1922
1923
1924
1925
1926
1927
1928
1929
1930
1931
1932
1933
1934
1935
1936
1937
1938
1939
1940
1941
1942
1943
1944
1945
1946
1947
1948
1949
1950
1951
1952
1953
1954
1955
1956
1957
1958
1959
1960
1961
1962
1963
1964
1965
1966
1967
1968
1969
1970
1971
1972
1973
1974
1975
1976
1977
1978
1979
1980
1981
1982
1983
1984
1985
1986
1987
1988
1989
1990
1991
1992
1993
1994
1995
1996
1997
1998
1999
2000
2001
2002
2003
2004
2005
2006
2007
2008
2009
2010
2011
2012
2013
2014
2015
2016
2017
2018
2019
2020
2021
2022
2023
2024
2025
2026
2027
2028
2029
2030
2031
2032
2033
2034
2035
2036
2037
2038
2039
2040
2041
2042
2043
2044
2045
2046
2047
2048
2049
2050
2051
2052
2053
2054
2055
2056
2057
2058
2059
2060
2061
2062
2063
2064
2065
2066
2067
2068
2069
2070
2071
2072
2073
2074
2075
2076
2077
2078
2079
2080
2081
2082
2083
2084
2085
2086
2087
2088
2089
2090
2091
2092
2093
2094
2095
2096
2097
2098
2099
2100
2101
2102
2103
2104
2105
2106
2107
2108
2109
2110
2111
2112
2113
2114
2115
2116
2117
2118
2119
2120
2121
2122
2123
2124
2125
2126
2127
2128
2129
2130
2131
2132
2133
2134
2135
2136
2137
2138
2139
2140
2141
2142
2143
2144
2145
2146
2147
2148
2149
2150
2151
2152
2153
2154
2155
2156
2157
2158
2159
2160
2161
2162
2163
2164
2165
2166
2167
2168
2169
2170
2171
2172
2173
2174
2175
2176
2177
2178
2179
2180
2181
2182
2183
2184
2185
2186
2187
2188
2189
2190
2191
2192
2193
2194
2195
2196
2197
2198
2199
2200
2201
2202
2203
2204
2205
2206
2207
2208
2209
2210
2211
2212
2213
2214
2215
2216
2217
2218
2219
2220
2221
2222
2223
2224
2225
2226
2227
2228
2229
2230
2231
2232
2233
2234
2235
2236
2237
2238
2239
2240
2241
2242
2243
2244
2245
2246
2247
2248
2249
2250
2251
2252
2253
2254
2255
2256
2257
2258
2259
2260
2261
2262
2263
2264
2265
2266
2267
2268
2269
2270
2271
2272
2273
2274
2275
2276
2277
2278
2279
2280
2281
2282
2283
2284
2285
2286
2287
2288
2289
2290
2291
2292
2293
2294
2295
2296
2297
2298
2299
2300
2301
2302
2303
2304
2305
2306
2307
2308
2309
2310
2311
2312
2313
2314
2315
2316
2317
2318
2319
2320
2321
2322
2323
2324
2325
2326
2327
2328
2329
2330
2331
2332
2333
2334
2335
2336
2337
2338
2339
2340
2341
2342
2343
2344
2345
2346
2347
2348
2349
2350
2351
2352
2353
2354
2355
2356
2357
2358
2359
2360
2361
2362
2363
2364
2365
2366
2367
2368
2369
2370
2371
2372
2373
2374
2375
2376
2377
2378
2379
2380
2381
2382
2383
2384
2385
2386
2387
2388
2389
2390
2391
2392
2393
2394
2395
2396
2397
2398
2399
2400
2401
2402
2403
2404
2405
2406
2407
2408
2409
2410
2411
2412
2413
2414
2415
2416
2417
2418
2419
2420
2421
2422
2423
2424
2425
2426
2427
2428
2429
2430
2431
2432
2433
2434
2435
2436
2437
2438
2439
2440
2441
2442
2443
2444
2445
2446
2447
2448
2449
2450
2451
2452
2453
2454
2455
2456
2457
2458
2459
2460
2461
2462
2463
2464
2465
2466
2467
2468
2469
2470
2471
2472
2473
2474
2475
2476
2477
2478
2479
2480
2481
2482
2483
2484
2485
2486
2487
2488
2489
2490
2491
2492
2493
2494
2495
2496
2497
2498
2499
2500
2501
2502
2503
2504
2505
2506
2507
2508
2509
2510
2511
2512
2513
2514
2515
2516
2517
2518
2519
2520
2521
2522
2523
2524
2525
2526
2527
2528
2529
2530
2531
2532
2533
2534
2535
2536
2537
2538
2539
2540
2541
2542
2543
2544
2545
2546
2547
2548
2549
2550
2551
2552
2553
2554
2555
2556
2557
2558
2559
2560
2561
2562
2563
2564
2565
2566
2567
2568
2569
2570
2571
2572
2573
2574
2575
2576
2577
2578
2579
2580
2581
2582
2583
2584
2585
2586
2587
2588
2589
2590
2591
2592
2593
2594
2595
2596
2597
2598
2599
2600
2601
2602
2603
2604
2605
2606
2607
2608
2609
2610
2611
2612
2613
2614
2615
2616
2617
2618
2619
2620
2621
2622
2623
2624
2625
2626
2627
2628
2629
2630
2631
2632
2633
2634
2635
2636
2637
2638
2639
2640
2641
2642
2643
2644
2645
2646
2647
2648
2649
2650
2651
2652
2653
2654
2655
2656
2657
2658
2659
2660
2661
2662
2663
2664
2665
2666
2667
2668
2669
2670
2671
2672
2673
2674
2675
2676
2677
2678
2679
2680
2681
2682
2683
2684
2685
2686
2687
2688
2689
2690
2691
2692
2693
2694
2695
2696
2697
2698
2699
2700
2701
2702
2703
2704
2705
2706
2707
2708
2709
2710
2711
2712
2713
2714
2715
2716
2717
2718
2719
2720
2721
2722
2723
2724
2725
2726
2727
2728
2729
2730
2731
2732
2733
2734
2735
2736
2737
2738
2739
2740
2741
2742
2743
2744
2745
2746
2747
2748
2749
2750
2751
2752
2753
2754
2755
2756
2757
2758
2759
2760
2761
2762
2763
2764
2765
2766
2767
2768
2769
2770
2771
2772
2773
2774
2775
2776
2777
2778
2779
2780
2781
2782
2783
2784
2785
2786
2787
2788
2789
2790
2791
2792
2793
2794
2795
2796
2797
2798
2799
2800
2801
2802
2803
2804
2805
2806
2807
2808
2809
2810
2811
2812
2813
2814
2815
2816
2817
2818
2819
2820
2821
2822
2823
2824
2825
2826
2827
2828
2829
2830
2831
2832
2833
2834
2835
2836
2837
2838
2839
2840
2841
2842
2843
2844
2845
2846
2847
2848
2849
2850
2851
2852
2853
2854
2855
2856
2857
2858
2859
2860
2861
2862
2863
2864
2865
2866
2867
2868
2869
2870
2871
2872
2873
2874
2875
2876
2877
2878
2879
2880
2881
2882
2883
2884
2885
2886
2887
2888
2889
2890
2891
2892
2893
2894
2895
2896
2897
2898
2899
2900
2901
2902
2903
2904
2905
2906
2907
2908
2909
2910
2911
2912
2913
2914
2915
2916
2917
2918
2919
2920
2921
2922
2923
2924
2925
2926
2927
2928
2929
2930
2931
2932
2933
2934
2935
2936
2937
2938
2939
2940
2941
2942
2943
2944
2945
2946
2947
2948
2949
2950
2951
2952
2953
2954
2955
2956
2957
2958
2959
2960
2961
2962
2963
2964
2965
2966
2967
2968
2969
2970
2971
2972
2973
2974
2975
2976
2977
2978
2979
2980
2981
2982
2983
2984
2985
2986
2987
2988
2989
2990
2991
2992
2993
2994
2995
2996
2997
2998
2999
3000
3001
3002
3003
3004
3005
3006
3007
3008
3009
3010
3011
3012
3013
3014
3015
3016
3017
3018
3019
3020
3021
3022
3023
3024
3025
3026
3027
3028
3029
3030
3031
3032
3033
3034
3035
3036
3037
3038
3039
3040
3041
3042
3043
3044
3045
3046
3047
3048
3049
3050
3051
3052
3053
3054
3055
3056
3057
3058
3059
3060
3061
3062
3063
3064
3065
3066
3067
3068
3069
3070
3071
3072
3073
3074
3075
3076
3077
3078
3079
3080
3081
3082
3083
3084
3085
3086
3087
3088
3089
3090
3091
3092
3093
3094
3095
3096
3097
3098
3099
3100
3101
3102
3103
3104
3105
3106
3107
3108
3109
3110
3111
3112
3113
3114
3115
3116
3117
3118
3119
3120
3121
3122
3123
3124
3125
3126
3127
3128
3129
3130
3131
3132
3133
3134
3135
3136
3137
3138
3139
3140
3141
3142
3143
3144
3145
3146
3147
3148
3149
3150
3151
3152
3153
3154
3155
3156
3157
3158
3159
3160
3161
3162
3163
3164
3165
3166
3167
3168
3169
3170
3171
3172
3173
3174
3175
3176
3177
3178
3179
3180
3181
3182
3183
3184
3185
3186
3187
3188
3189
3190
3191
3192
3193
3194
3195
3196
3197
3198
3199
3200
3201
3202
3203
3204
3205
3206
3207
3208
3209
3210
3211
3212
3213
3214
3215
3216
3217
3218
3219
3220
3221
3222
3223
3224
3225
3226
3227
3228
3229
3230
3231
3232
3233
3234
3235
3236
3237
3238
3239
3240
3241
3242
3243
3244
3245
3246
3247
3248
3249
3250
3251
3252
3253
3254
3255
3256
3257
3258
3259
3260
3261
3262
3263
3264
3265
3266
3267
3268
3269
3270
3271
3272
3273
3274
3275
3276
3277
3278
3279
3280
3281
3282
3283
3284
3285
3286
3287
3288
3289
3290
3291
3292
3293
3294
3295
3296
3297
3298
3299
3300
3301
3302
3303
3304
3305
3306
3307
3308
3309
3310
3311
3312
3313
3314
3315
3316
3317
3318
3319
3320
3321
3322
3323
3324
3325
3326
3327
3328
3329
3330
3331
3332
3333
3334
3335
3336
3337
3338
3339
3340
3341
3342
3343
3344
3345
3346
3347
3348
3349
3350
3351
3352
3353
3354
3355
3356
3357
3358
3359
3360
3361
3362
3363
3364
3365
3366
3367
3368
3369
3370
3371
3372
3373
3374
3375
3376
3377
3378
3379
3380
3381
3382
3383
3384
3385
3386
3387
3388
3389
3390
3391
3392
3393
3394
3395
3396
3397
3398
3399
3400
3401
3402
3403
3404
3405
3406
3407
3408
3409
3410
3411
3412
3413
3414
3415
3416
3417
3418
3419
3420
3421
3422
3423
3424
3425
3426
3427
3428
3429
3430
3431
3432
3433
3434
3435
3436
3437
3438
3439
3440
3441
3442
3443
3444
3445
3446
3447
3448
3449
3450
3451
3452
3453
3454
3455
3456
3457
3458
3459
3460
3461
3462
3463
3464
3465
3466
3467
3468
3469
3470
3471
3472
3473
3474
3475
3476
3477
3478
3479
3480
3481
3482
3483
3484
3485
3486
3487
3488
3489
3490
3491
3492
3493
3494
3495
3496
3497
3498
3499
3500
3501
3502
3503
3504
3505
3506
3507
3508
3509
3510
3511
3512
3513
3514
3515
3516
3517
3518
3519
3520
3521
3522
3523
3524
3525
3526
3527
3528
3529
3530
3531
3532
3533
3534
3535
3536
3537
3538
3539
3540
3541
3542
3543
3544
3545
3546
3547
3548
3549
3550
3551
3552
3553
3554
3555
3556
3557
3558
3559
3560
3561
3562
3563
3564
3565
3566
3567
3568
3569
3570
3571
3572
3573
3574
3575
3576
3577
3578
3579
3580
3581
3582
3583
3584
3585
3586
3587
3588
3589
3590
3591
3592
3593
3594
3595
3596
3597
3598
3599
3600
3601
3602
3603
3604
3605
3606
3607
3608
3609
3610
3611
3612
3613
3614
3615
3616
3617
3618
3619
3620
3621
3622
3623
3624
3625
3626
3627
3628
3629
3630
3631
3632
3633
3634
3635
3636
3637
3638
3639
3640
3641
3642
3643
3644
3645
3646
3647
3648
3649
3650
3651
3652
3653
3654
3655
3656
3657
3658
3659
3660
3661
3662
3663
3664
3665
3666
3667
3668
3669
3670
3671
3672
3673
3674
3675
3676
3677
3678
3679
3680
3681
3682
3683
3684
3685
3686
3687
3688
3689
3690
3691
3692
3693
3694
3695
3696
3697
3698
3699
3700
3701
3702
3703
3704
3705
3706
3707
3708
3709
3710
3711
3712
3713
3714
3715
3716
3717
3718
3719
3720
3721
3722
3723
3724
3725
3726
3727
3728
3729
3730
3731
3732
3733
3734
3735
3736
3737
3738
3739
3740
3741
3742
3743
3744
3745
3746
3747
3748
3749
3750
3751
3752
3753
3754
3755
3756
3757
3758
3759
3760
3761
3762
3763
3764
3765
3766
3767
3768
3769
3770
3771
3772
3773
3774
3775
3776
3777
3778
3779
3780
3781
3782
3783
3784
3785
3786
3787
3788
3789
3790
3791
3792
3793
3794
3795
3796
3797
3798
3799
3800
3801
3802
3803
3804
3805
3806
3807
3808
3809
3810
3811
3812
3813
3814
3815
3816
3817
3818
3819
3820
3821
3822
3823
3824
3825
3826
3827
3828
3829
3830
3831
3832
3833
3834
3835
3836
3837
3838
3839
3840
3841
3842
3843
3844
3845
3846
3847
3848
3849
3850
3851
3852
3853
3854
3855
3856
3857
3858
3859
3860
3861
3862
3863
3864
3865
3866
3867
3868
3869
3870
3871
3872
3873
3874
3875
3876
3877
3878
3879
3880
3881
3882
3883
3884
3885
3886
3887
3888
3889
3890
3891
3892
3893
3894
3895
3896
3897
3898
3899
3900
3901
3902
3903
3904
3905
3906
3907
3908
3909
3910
3911
3912
3913
3914
3915
3916
3917
3918
3919
3920
3921
3922
3923
3924
3925
3926
3927
3928
3929
3930
3931
3932
3933
3934
3935
3936
3937
3938
3939
3940
3941
3942
3943
3944
3945
3946
3947
3948
3949
3950
3951
3952
3953
3954
3955
3956
3957
3958
3959
3960
3961
3962
3963
3964
3965
3966
3967
3968
3969
3970
3971
3972
3973
3974
3975
3976
3977
3978
3979
3980
3981
3982
3983
3984
3985
3986
3987
3988
3989
3990
3991
3992
3993
3994
3995
3996
3997
3998
3999
4000
4001
4002
4003
4004
4005
4006
4007
4008
4009
4010
4011
4012
4013
4014
4015
4016
4017
4018
4019
4020
4021
4022
4023
4024
4025
4026
4027
4028
4029
4030
4031
4032
4033
4034
4035
4036
4037
4038
4039
4040
4041
4042
4043
4044
4045
4046
4047
4048
4049
4050
4051
4052
4053
4054
4055
4056
4057
4058
4059
4060
4061
4062
4063
4064
4065
4066
4067
4068
4069
4070
4071
4072
4073
4074
4075
4076
4077
4078
4079
4080
4081
4082
4083
4084
4085
4086
4087
4088
4089
4090
4091
4092
4093
4094
4095
4096
4097
4098
4099
4100
4101
4102
4103
4104
4105
4106
4107
4108
4109
4110
4111
4112
4113
4114
4115
4116
4117
4118
4119
4120
4121
4122
4123
4124
4125
4126
4127
4128
4129
4130
4131
4132
4133
4134
4135
4136
4137
4138
4139
4140
4141
4142
4143
4144
4145
4146
4147
4148
4149
4150
4151
4152
4153
4154
4155
4156
4157
4158
4159
4160
4161
4162
4163
4164
4165
4166
4167
4168
4169
4170
4171
4172
4173
4174
4175
4176
4177
4178
4179
4180
4181
4182
4183
4184
4185
4186
4187
4188
4189
4190
4191
4192
4193
4194
4195
4196
4197
4198
4199
4200
4201
4202
4203
4204
4205
4206
4207
4208
4209
4210
4211
4212
4213
4214
4215
4216
4217
4218
4219
4220
4221
4222
4223
4224
4225
4226
4227
4228
4229
4230
4231
4232
4233
4234
4235
4236
4237
4238
4239
4240
4241
4242
4243
4244
4245
4246
4247
4248
4249
4250
4251
4252
4253
4254
4255
4256
4257
4258
4259
4260
4261
4262
4263
4264
4265
4266
4267
4268
4269
4270
4271
4272
4273
4274
4275
4276
4277
4278
4279
4280
4281
4282
4283
4284
4285
4286
4287
4288
4289
4290
4291
4292
4293
4294
4295
4296
4297
4298
4299
4300
4301
4302
4303
4304
4305
4306
4307
4308
4309
4310
4311
4312
4313
4314
4315
4316
4317
4318
4319
4320
4321
4322
4323
4324
4325
4326
4327
4328
4329
4330
4331
4332
4333
4334
4335
4336
4337
4338
4339
4340
4341
4342
4343
4344
4345
4346
4347
4348
4349
4350
4351
4352
4353
4354
4355
4356
4357
4358
4359
4360
4361
4362
4363
4364
4365
4366
4367
4368
4369
4370
4371
4372
4373
4374
4375
4376
4377
4378
4379
4380
4381
4382
4383
4384
4385
4386
4387
4388
4389
4390
4391
4392
4393
4394
4395
4396
4397
4398
4399
4400
4401
4402
4403
4404
4405
4406
4407
4408
4409
4410
4411
4412
4413
4414
4415
4416
4417
4418
4419
4420
4421
4422
4423
4424
4425
4426
4427
4428
4429
4430
4431
4432
4433
4434
4435
4436
4437
4438
4439
4440
4441
4442
4443
4444
4445
4446
4447
4448
4449
4450
4451
4452
4453
4454
4455
4456
4457
4458
4459
4460
4461
4462
4463
4464
4465
4466
4467
4468
4469
4470
4471
4472
4473
4474
4475
4476
4477
4478
4479
4480
4481
4482
4483
4484
4485
4486
4487
4488
4489
4490
4491
4492
4493
4494
4495
4496
4497
4498
4499
4500
4501
4502
4503
4504
4505
4506
4507
4508
4509
4510
4511
4512
4513
4514
4515
4516
4517
4518
4519
4520
4521
4522
4523
4524
4525
4526
4527
4528
4529
4530
4531
4532
4533
4534
4535
4536
4537
4538
4539
4540
4541
4542
4543
4544
4545
4546
4547
4548
4549
4550
4551
4552
4553
4554
4555
4556
4557
4558
4559
4560
4561
4562
4563
4564
4565
4566
4567
4568
4569
4570
4571
4572
4573
4574
4575
4576
4577
4578
4579
4580
4581
4582
4583
4584
4585
4586
4587
4588
4589
4590
4591
4592
4593
4594
4595
4596
4597
4598
4599
4600
4601
4602
4603
4604
4605
4606
4607
4608
4609
4610
4611
4612
4613
4614
4615
4616
4617
4618
4619
4620
4621
4622
4623
4624
4625
4626
4627
4628
4629
4630
4631
4632
4633
4634
4635
4636
4637
4638
4639
4640
4641
4642
4643
4644
4645
4646
4647
4648
4649
4650
4651
4652
4653
4654
4655
4656
4657
4658
4659
4660
4661
4662
4663
4664
4665
4666
4667
4668
4669
4670
4671
4672
4673
4674
4675
4676
4677
4678
4679
4680
4681
4682
4683
4684
4685
4686
4687
4688
4689
4690
4691
4692
4693
4694
4695
4696
4697
4698
4699
4700
4701
4702
4703
4704
4705
4706
4707
4708
4709
4710
4711
4712
4713
4714
4715
4716
4717
4718
4719
4720
4721
4722
4723
4724
4725
4726
4727
4728
4729
4730
4731
4732
4733
4734
4735
4736
4737
4738
4739
4740
4741
4742
4743
4744
4745
4746
4747
4748
4749
4750
4751
4752
4753
4754
4755
4756
4757
4758
4759
4760
4761
4762
4763
4764
4765
4766
4767
4768
4769
4770
4771
4772
4773
4774
4775
4776
4777
4778
4779
4780
4781
4782
4783
4784
4785
4786
4787
4788
4789
4790
4791
4792
4793
4794
4795
4796
4797
4798
4799
4800
4801
4802
4803
4804
4805
4806
4807
4808
4809
4810
4811
4812
4813
4814
4815
4816
4817
4818
4819
4820
4821
4822
4823
4824
4825
4826
4827
4828
4829
4830
4831
4832
4833
4834
4835
4836
4837
4838
4839
4840
4841
4842
4843
4844
4845
4846
4847
4848
4849
4850
4851
4852
4853
4854
4855
4856
4857
4858
4859
4860
4861
4862
4863
4864
4865
4866
4867
4868
4869
4870
4871
4872
4873
4874
4875
4876
4877
4878
4879
4880
4881
4882
4883
4884
4885
4886
4887
4888
4889
4890
4891
4892
4893
4894
4895
4896
4897
4898
4899
4900
4901
4902
4903
4904
4905
4906
4907
4908
4909
4910
4911
4912
4913
4914
4915
4916
4917
4918
4919
4920
4921
4922
4923
4924
4925
4926
4927
4928
4929
4930
4931
4932
4933
4934
4935
4936
4937
4938
4939
4940
4941
4942
4943
4944
4945
4946
4947
4948
4949
4950
4951
4952
4953
4954
4955
4956
4957
4958
4959
4960
4961
4962
4963
4964
4965
4966
4967
4968
4969
4970
4971
4972
4973
4974
4975
4976
4977
4978
4979
4980
4981
4982
4983
4984
4985
4986
4987
4988
4989
4990
4991
4992
4993
4994
4995
4996
4997
4998
4999
5000
5001
5002
5003
5004
5005
5006
5007
5008
5009
5010
5011
5012
5013
5014
5015
5016
5017
5018
5019
5020
5021
5022
5023
5024
5025
5026
5027
5028
5029
5030
5031
5032
5033
5034
5035
5036
5037
5038
5039
5040
5041
5042
5043
5044
5045
5046
5047
5048
5049
5050
5051
5052
5053
5054
5055
5056
5057
5058
5059
5060
5061
5062
5063
5064
5065
5066
5067
5068
5069
5070
5071
5072
5073
5074
5075
5076
5077
5078
5079
5080
5081
5082
5083
5084
5085
5086
5087
5088
5089
5090
5091
5092
5093
5094
5095
5096
5097
5098
5099
5100
5101
5102
5103
5104
5105
5106
5107
5108
5109
5110
5111
5112
5113
5114
5115
5116
5117
5118
5119
5120
5121
5122
5123
5124
5125
5126
5127
5128
5129
5130
5131
5132
5133
5134
5135
5136
5137
5138
5139
5140
5141
5142
5143
5144
5145
5146
5147
5148
5149
5150
5151
5152
5153
5154
5155
5156
5157
5158
5159
5160
5161
5162
5163
5164
5165
5166
5167
5168
5169
5170
5171
5172
5173
5174
5175
5176
5177
5178
5179
5180
5181
5182
5183
5184
5185
5186
5187
5188
5189
5190
5191
5192
5193
5194
5195
5196
5197
5198
5199
5200
5201
5202
5203
5204
5205
5206
5207
5208
5209
5210
5211
5212
5213
5214
5215
5216
5217
5218
5219
5220
5221
5222
5223
5224
5225
5226
5227
5228
5229
5230
5231
5232
5233
5234
5235
5236
5237
5238
5239
5240
5241
5242
5243
5244
5245
5246
5247
5248
5249
5250
5251
5252
5253
5254
5255
5256
5257
5258
5259
5260
5261
5262
5263
5264
5265
5266
5267
5268
5269
5270
5271
5272
5273
5274
5275
5276
5277
5278
5279
5280
5281
5282
5283
5284
5285
5286
5287
5288
5289
5290
5291
5292
5293
5294
5295
5296
5297
5298
5299
5300
5301
5302
5303
5304
5305
5306
5307
5308
5309
5310
5311
5312
5313
5314
5315
5316
5317
5318
5319
5320
5321
5322
5323
5324
5325
5326
5327
5328
5329
5330
5331
5332
5333
5334
5335
5336
5337
5338
5339
5340
5341
5342
5343
5344
5345
5346
5347
5348
5349
5350
5351
5352
5353
5354
5355
5356
5357
5358
5359
5360
5361
5362
5363
5364
5365
5366
5367
5368
5369
5370
5371
5372
5373
5374
5375
5376
5377
5378
5379
5380
5381
5382
5383
5384
5385
5386
5387
5388
5389
5390
5391
5392
5393
5394
5395
5396
5397
5398
5399
5400
5401
5402
5403
5404
5405
5406
5407
5408
5409
5410
5411
5412
5413
5414
5415
5416
5417
5418
5419
5420
5421
5422
5423
5424
5425
5426
5427
5428
5429
5430
5431
5432
5433
5434
5435
5436
5437
5438
5439
5440
5441
5442
5443
5444
5445
5446
5447
5448
5449
5450
5451
5452
5453
5454
5455
5456
5457
5458
5459
5460
5461
5462
5463
5464
5465
5466
5467
5468
5469
5470
5471
5472
5473
5474
5475
5476
5477
5478
5479
5480
5481
5482
5483
5484
5485
5486
5487
5488
5489
5490
5491
5492
5493
5494
5495
5496
5497
5498
5499
5500
5501
5502
5503
5504
5505
5506
5507
5508
5509
5510
5511
5512
5513
5514
5515
5516
5517
5518
5519
5520
5521
5522
5523
5524
5525
5526
5527
5528
5529
5530
5531
5532
5533
5534
5535
5536
5537
5538
5539
5540
5541
5542
5543
5544
5545
5546
5547
5548
5549
5550
5551
5552
5553
5554
5555
5556
5557
5558
5559
5560
5561
5562
5563
5564
5565
5566
5567
5568
5569
5570
5571
5572
5573
5574
5575
5576
5577
5578
5579
5580
5581
5582
5583
5584
5585
5586
5587
5588
5589
5590
5591
5592
5593
5594
5595
5596
5597
5598
5599
5600
5601
5602
5603
5604
5605
5606
5607
5608
5609
5610
5611
5612
5613
5614
5615
5616
5617
5618
5619
5620
5621
5622
5623
5624
5625
5626
5627
5628
5629
5630
5631
5632
5633
5634
5635
5636
5637
5638
5639
5640
5641
5642
5643
5644
5645
5646
5647
5648
5649
5650
5651
5652
5653
5654
5655
5656
5657
5658
5659
5660
5661
5662
5663
5664
5665
5666
5667
5668
5669
5670
5671
5672
5673
5674
5675
5676
5677
5678
5679
5680
5681
5682
5683
5684
5685
5686
5687
5688
5689
5690
5691
5692
5693
5694
5695
5696
5697
5698
5699
5700
5701
5702
5703
5704
5705
5706
5707
5708
5709
5710
5711
5712
5713
5714
5715
5716
5717
5718
5719
5720
5721
5722
5723
5724
5725
5726
5727
5728
5729
5730
5731
5732
5733
5734
5735
5736
5737
5738
5739
5740
5741
5742
5743
5744
5745
5746
5747
5748
5749
5750
5751
5752
5753
5754
5755
5756
5757
5758
5759
5760
5761
5762
5763
5764
5765
5766
5767
5768
5769
5770
5771
5772
5773
5774
5775
5776
5777
5778
5779
5780
5781
5782
5783
5784
5785
5786
5787
5788
5789
5790
5791
5792
5793
5794
5795
5796
5797
5798
5799
5800
5801
5802
5803
5804
5805
5806
5807
5808
5809
5810
5811
5812
5813
5814
5815
5816
5817
5818
5819
5820
5821
5822
5823
5824
5825
5826
5827
5828
5829
5830
5831
5832
5833
5834
5835
5836
5837
5838
5839
5840
5841
5842
5843
5844
5845
5846
5847
5848
5849
5850
5851
5852
5853
5854
5855
5856
5857
5858
5859
5860
5861
5862
5863
5864
5865
5866
5867
5868
5869
5870
5871
5872
5873
5874
5875
5876
5877
5878
5879
5880
5881
5882
5883
5884
5885
5886
5887
5888
5889
5890
5891
5892
5893
5894
5895
5896
5897
5898
5899
5900
5901
5902
5903
5904
5905
5906
5907
5908
5909
5910
5911
5912
5913
5914
5915
5916
5917
5918
5919
5920
5921
5922
5923
5924
5925
5926
5927
5928
5929
5930
5931
5932
5933
5934
5935
5936
5937
5938
5939
5940
5941
5942
5943
5944
5945
5946
5947
5948
5949
5950
5951
5952
5953
5954
5955
5956
5957
5958
5959
5960
5961
5962
5963
5964
5965
5966
5967
5968
5969
5970
5971
5972
5973
5974
5975
5976
5977
5978
5979
5980
5981
5982
5983
5984
5985
5986
5987
5988
5989
5990
5991
5992
5993
5994
5995
5996
5997
5998
5999
6000
6001
6002
6003
6004
6005
6006
6007
6008
6009
6010
6011
6012
6013
6014
6015
6016
6017
6018
6019
6020
6021
6022
6023
6024
6025
6026
6027
6028
6029
6030
6031
6032
6033
6034
6035
6036
6037
6038
6039
6040
6041
6042
6043
6044
6045
6046
6047
6048
6049
6050
6051
6052
6053
6054
6055
6056
6057
6058
6059
6060
6061
6062
6063
6064
6065
6066
6067
6068
6069
6070
6071
6072
6073
6074
6075
6076
6077
6078
6079
6080
6081
6082
6083
6084
6085
6086
6087
6088
6089
6090
6091
6092
6093
6094
6095
6096
6097
6098
6099
6100
6101
6102
6103
6104
6105
6106
6107
6108
6109
6110
6111
6112
6113
6114
6115
6116
6117
6118
6119
6120
6121
6122
6123
6124
6125
6126
6127
6128
6129
6130
6131
6132
6133
6134
6135
6136
6137
6138
6139
6140
6141
6142
6143
6144
6145
6146
6147
6148
6149
6150
6151
6152
6153
6154
6155
6156
6157
6158
6159
6160
6161
6162
6163
6164
6165
6166
6167
6168
6169
6170
6171
6172
6173
6174
6175
6176
6177
6178
6179
6180
6181
6182
6183
6184
6185
6186
6187
6188
6189
6190
6191
6192
6193
6194
6195
6196
6197
6198
6199
6200
6201
6202
6203
6204
6205
6206
6207
6208
6209
6210
6211
6212
6213
6214
6215
6216
6217
6218
6219
6220
6221
6222
6223
6224
6225
6226
6227
6228
6229
6230
6231
6232
6233
6234
6235
6236
6237
6238
6239
6240
6241
6242
6243
6244
6245
6246
6247
6248
6249
6250
6251
6252
6253
6254
6255
6256
6257
6258
6259
6260
6261
6262
6263
6264
6265
6266
6267
6268
6269
6270
6271
6272
6273
6274
6275
6276
6277
6278
6279
6280
6281
6282
6283
6284
6285
6286
6287
6288
6289
6290
6291
6292
6293
6294
6295
6296
6297
6298
6299
6300
6301
6302
6303
6304
6305
6306
6307
6308
6309
6310
6311
6312
6313
6314
6315
6316
6317
6318
6319
6320
6321
6322
6323
6324
6325
6326
6327
6328
6329
6330
6331
6332
6333
6334
6335
6336
6337
6338
6339
6340
6341
6342
6343
6344
6345
6346
6347
6348
6349
6350
6351
6352
6353
6354
6355
6356
6357
6358
6359
6360
6361
6362
6363
6364
6365
6366
6367
6368
6369
6370
6371
6372
6373
6374
6375
6376
6377
6378
6379
6380
6381
6382
6383
6384
6385
6386
6387
6388
6389
6390
6391
6392
6393
6394
6395
6396
6397
6398
6399
6400
6401
6402
6403
6404
6405
6406
6407
6408
6409
6410
6411
6412
6413
6414
6415
6416
6417
6418
6419
6420
6421
6422
6423
6424
6425
6426
6427
6428
6429
6430
6431
6432
6433
6434
6435
6436
6437
6438
6439
6440
6441
6442
6443
6444
6445
6446
6447
6448
6449
6450
6451
6452
6453
6454
6455
6456
6457
6458
6459
6460
6461
6462
6463
6464
6465
6466
6467
6468
6469
6470
6471
6472
6473
6474
6475
6476
6477
6478
6479
6480
6481
6482
6483
6484
6485
6486
6487
6488
6489
6490
6491
6492
6493
6494
6495
6496
6497
6498
6499
6500
6501
6502
6503
6504
6505
6506
6507
6508
6509
6510
6511
6512
6513
6514
6515
6516
6517
6518
6519
6520
6521
6522
6523
6524
6525
6526
6527
6528
6529
6530
6531
6532
6533
6534
6535
6536
6537
6538
6539
6540
6541
6542
6543
6544
6545
6546
6547
6548
6549
6550
6551
6552
6553
6554
6555
6556
6557
6558
6559
6560
6561
6562
6563
6564
6565
6566
6567
6568
6569
6570
6571
6572
6573
6574
6575
6576
6577
6578
6579
6580
6581
6582
6583
6584
6585
6586
6587
6588
6589
6590
6591
6592
6593
6594
6595
6596
6597
6598
6599
6600
6601
6602
6603
6604
6605
6606
6607
6608
6609
6610
6611
6612
6613
6614
6615
6616
6617
6618
6619
6620
6621
6622
6623
6624
6625
6626
6627
6628
6629
6630
2.622793403268648 0.9807673446612226 0
1.376841684417272 0.02038940971360048 0
3.461914478238237 0.9803000868802673 0
3.31420789234997 0.9779429600772678 0
3.078893868615576 0.9802614747959516 0
2.934376639345329 0.9795400563493957 0
2.765922474717994 0.01989831418350019 0
0.9486361070488905 0.9762955129489164 0
0.5387493334027278 0.9798166475735055 0
0.7315075185615876 0.979965175584141 0
1.087148712677485 0.9793901482933014 0
1.23040894012442 0.9807325215504601 0
3.197889558278133 0.01978137862523743 0
0.6327090500534736 0.02112903788998355 0
0.8490622907691017 0.01965303922702366 0
2.253308368421115 0.195634908334013 0
1.751005409530725 0.8007656841035085 0
3.389265078758002 0.0191760050184725 0
3.006253132306817 0.02073332725695015 0
1.02147844635769 0.02105253063242846 0
1.161300025604126 0.0193014409801826 0
0.4918130144231521 0.01923268185259985 0
2.79367181376333 0.9783283403826737 0
1.374359216146703 0.9784341664993654 0
2.623200585970916 0.02073332725695032 0
1.74807982865793 0.1974200766964107 0
2.251433908347356 0.8017854891596486 0
3.200177468557917 0.9760346118486953 0
3.581353335312999 0.9803558488328958 0
2.887812188953742 0.01932963385410102 0
3.507569286030945 0.0201605007025018 0
0.4159560710100347 0.9821541750814755 0
0.3719966684836515 0.01981951300368801 0
3.628787468857474 0.01605895132233959 0
2.177162041085243 0.2666525425275262 0
1.822839863444646 0.7370397202218191 0
2.177876204569926 0.7337894471995815 0
1.822123795430074 0.2662105528004184 0
2.504314454208796 0.9835845729971614 0
1.497532377393332 0.02105039687368893 0
1.496496380057018 0.980463872618657 0
2.502380365631798 0.02032150159582796 0
0.05065640170610619 0.4991481062382477 0
3.955960777415087 0.5016640665380381 0
2.110815851517525 0.300379509332698 0
1.888713748313088 0.2992877830412932 0
1.281919907355322 0.0199056918423321 0
0.6347069820893836 0.9792094677151241 0
3.29177198375039 0.02036409581748178 0
0.8228660132086956 0.9801925060388352 0
3.104345048686923 0.0199450840845955 0
0.7543390262332437 0.02073332725695037 0
3.675069353212352 0.9764845558522959 0
3.726394685783428 0.02164505897841307 0
0.3267251646687508 0.9784056308982881 0
0.2755233433133675 0.02073332725695032 0
2.112268151131957 0.7010279529957939 0
1.889499148465313 0.6996744552868175 0
2.037274017616215 0.3160745832124938 0
1.9625869415158 0.3162543567499834 0
2.037373923669097 0.6839293713298423 0
1.961884943547973 0.6823694499359181 0
1.711453421256369 0.867416447420337 0
2.290045909000422 0.1345670229035106 0
2.290779279849006 0.8683718088811516 0
1.709240971950358 0.1340417479076357 0
0.2275808499813095 0.979739045414143 0
3.77235822497862 0.9792666727430499 0
0.04256420279646456 0.3252515576097105 0
3.95629387218282 0.3280742595137735 0
3.956902515151609 0.6729946240712879 0
0.04136204634416374 0.6689929524873603 0
3.817991973828172 0.02075232225440182 0
0.1788148647287269 0.01949432783872224 0
0.03050823538827885 0.8061943336512007 0
3.970012564433898 0.8131230187137561 0
1.568050570766489 0.9782810089599777 0
2.432298519487177 0.01970288800816045 0
1.571272738165716 0.02290575834335462 0
2.431674312802967 0.9792666727430495 0
2.693952719465595 0.9788136600468917 0
3.008860969894471 0.9792006596060224 0
3.389491591576612 0.9816598782300299 0
1.304734187771959 0.981499747917256 0
1.16293573243747 0.9795675579094931 0
1.018250516094005 0.9778498743258528 0
2.694167987583719 0.02098450376679051 0
0.9187910906244143 0.02135723816755331 0
0.5638203935029142 0.01930057070914482 0
2.865144519432739 0.9801310101998595 0
1.089551333290537 0.02111947988165935 0
3.842794093409802 0.9774833840434944 0
0.1578444715446765 0.9795307037335494 0
3.969280329090013 0.1917444499610751 0
0.03162397808406192 0.19208828015625 0
3.891334738351514 0.02000516324882728 0
0.1065710601753931 0.01976802507616482 0
0.02714939600959765 0.9062852980242658 0
3.980095203922148 0.9083614205710758 0
1.784435702959345 0.2347433736006281 0
2.217111746452203 0.7658103276788482 0
1.783481022663878 0.7657736100635379 0
2.21733075873843 0.2351070902390759 0
1.689427263921717 0.9104268913172685 0
2.310719863941605 0.08927188874819614 0
2.307736844293112 0.9146112153011963 0
1.691851948945605 0.0869067385528009 0
3.975699785259 0.09129330135522362 0
0.02429097048340578 0.09204730061937227 0
1.616373149069816 0.9803759893176651 0
2.380094318095957 0.02036304901454844 0
1.612457259652382 0.0185057302575995 0
2.384323008361979 0.9773288662169626 0
2.552747737943292 0.02099376585351997 0
1.449401881592018 0.9788032486681395 0
2.552564901914631 0.9797006287536647 0
1.447902250266402 0.02067348879110376 0
1.329317982116549 0.02013900529771923 0
1.232760478313951 0.02038010217475295 0
3.268509900425951 0.9805847442613429 0
3.246979564335175 0.02126418995893203 0
2.836396838142549 0.01985808868147027 0
3.34305135492395 0.02053788363921683 0
0.8746974530042846 0.9805912363426966 0
0.6819564294559981 0.9804689215567283 0
0.5874358003037097 0.9781083775182291 0
0.7801154971346369 0.9758924955398631 0
0.4909904006273134 0.9792666727430499 0
2.743000077686438 0.9812071264686146 0
2.955808939347123 0.02043696940730055 0
3.052895147261077 0.01964903021640141 0
3.150000409193522 0.01871642184718925 0
0.707095166496555 0.02090564292770331 0
3.149897837182781 0.9792666727430495 0
3.508800976503541 0.9806287755773259 0
3.435842752094078 0.02232399315069883 0
0.8022205945252321 0.02073332725695043 0
0.4412834342153285 0.02020090225438181 0
0.9704043312414741 0.02010258151724675 0
3.891771184990835 0.9800686705660147 0
3.724585984554643 0.9791135167311654 0
3.627472280570223 0.9797138218536431 0
0.2748497533146865 0.9796081551975627 0
3.67584930436498 0.02440559186519725 0
0.3713612118844258 0.97818649332492 0
0.2297487073909577 0.01980985523519035 0
3.576894213615298 0.02206612013294285 0
0.3216306626368197 0.02016959603814539 0
0.1054215292059453 0.9810812862851259 0
3.772251310559424 0.0199960456362609 0
3.937197892091567 0.02148621296538916 0
0.06166598753305008 0.9785191838911218 0
3.940744951443801 0.9765164139882934 0
0.06005628599942159 0.02073332725695037 0
1.68188366689853 0.03551096109065427 0
1.679245102406653 0.9633041952748962 0
2.317282561416832 0.9609430488633958 0
2.320513816328651 0.03682275873858942 0
3.980952038533228 0.0380230074707415 0
0.02450373816992135 0.9627160457319879 0
3.978448728890157 0.9615072892063081 0
0.01849773924804499 0.03775095142097279 0
0.04003330229542601 0.2775277725589336 0
0.08280899243833595 0.2993755484956887 0
0.08703455150069295 0.3462483170397224 0
0.1259014615811536 0.3192316939076344 0
0.1307859348825755 0.3648902147368552 0
0.167914556148953 0.3367231948816393 0
0.1724255779182289 0.3828521926684719 0
0.2080313236547329 0.355159963012662 0
0.2127482722849272 0.3992323196861331 0
0.2463376718326202 0.3740791790274852 0
0.2509696295165766 0.4157965818678603 0
0.2837378531507917 0.3918576203272522 0
0.2892037278467323 0.4284662327181371 0
0.3199772386791824 0.4063797300702769 0
0.3233483903131409 0.441572097779501 0
0.353444110853516 0.4203040017287929 0
0.3574338079214914 0.4536792119389418 0
0.3862042600203499 0.4343123057009873 0
0.3910786972363824 0.4675139016069092 0
0.4184124801289186 0.4484421312317276 0
0.4223146235603845 0.4817576454287335 0
0.4488480985016965 0.4618104548101067 0
0.4528337923394952 0.4944615337933911 0
0.478835292033398 0.4750955510135892 0
0.4828392663497085 0.5068642909040074 0
0.5079513040340693 0.4878964776977733 0
0.5116875976693891 0.5186530104130467 0
0.5363924269969185 0.4999761759874429 0
0.5400818622868573 0.530187141504604 0
0.5640715306389046 0.511966708442627 0
0.5685621300254602 0.5398387059503924 0
0.5915049717619745 0.5233214210777424 0
0.5879910533452251 0.4944815749234474 0
0.6148052465231322 0.5062013719988819 0
0.618220131280721 0.5349184920092525 0
0.6411750587008336 0.5175235477947645 0
0.6378755954267643 0.4891023970680979 0
0.6640552075229296 0.5002739139890379 0
0.6674233101841878 0.5284673330888354 0
0.6898808738986448 0.511340402376719 0
0.6934830776222698 0.5391889449039046 0
0.7155715706747219 0.5222037924503655 0
0.7122602505850342 0.4947508467456438 0
0.7375841192671344 0.5057056610638743 0
0.7408949924045278 0.5330734565721345 0
0.7624595159189356 0.5167717964173443 0
0.7593626074288797 0.4894774974495197 0
0.7842055977964284 0.5000014949174321 0
0.7873752668700291 0.5272199592109429 0
0.8090275237132578 0.5104463206993743 0
0.8125969371185295 0.536721540539455 0
0.8336549013151973 0.5206331254879525 0
0.8303397234554886 0.4944441693031815 0
0.8547013120366467 0.5048402591695776 0
0.8580917829677832 0.5309069631517644 0
0.8789312403073077 0.5149760036837171 0
0.8756677855096326 0.4890160003478892 0
0.8997476524070225 0.4992077860049788 0
0.9030311247779155 0.5250500256221011 0
0.9237112376304233 0.5093656992074761 0
0.9269741609293705 0.5350573872803723 0
0.9475220086147336 0.5193811123781622 0
0.9443239885588861 0.4938073592283149 0
0.9680291330484208 0.5037891431918953 0
0.9712911207606778 0.5291990565389111 0
0.9916575706635871 0.5137205709085707 0
0.9950427657390544 0.5389864814837476 0
1.015253969313498 0.5235225714208479 0
1.012021060657144 0.498318624561619 0
1.035481136002941 0.5082202097578757 0
1.038748408042073 0.5333674347544218 0
1.058868487630255 0.5179887388843385 0
1.055675069350078 0.4929002326502081 0
1.07896101598539 0.5026820553150184 0
1.082181848279954 0.5277256997650135 0
1.102201437676448 0.5124438390038512 0
1.105410044624583 0.5374265670737665 0
1.125374595699148 0.5221869787131064 0
1.122255933850388 0.4973111999367959 0
1.145335183286045 0.5070341606385633 0
1.148466057718279 0.5318662606549347 0
1.168366982576821 0.5166543030175843 0
1.165227315487398 0.4919290167514898 0
1.188234745065796 0.5014579830666638 0
1.191367868702481 0.5262359567287509 0
1.211166842659083 0.5110535114221294 0
1.214293111232314 0.535752128856406 0
1.233999127557502 0.5207095682030959 0
1.230734566094249 0.4956559085158918 0
1.253634784920002 0.5056701875192994 0
1.256801194763067 0.5302260055997808 0
1.276405273445866 0.5152858022736666 0
1.279545948162985 0.5397448475783584 0
1.299101378130998 0.524817395593233 0
1.2960112322909 0.5004296193607787 0
1.318449014450639 0.5095636272664994 0
1.321676261055809 0.5343045758426925 0
1.341234491524641 0.5193970213474209 0
1.33775745935034 0.4943889489008815 0
1.36033351737524 0.5040641276369785 0
1.36372240699174 0.528769883982774 0
1.383150719388146 0.5139189885495685 0
1.379752110729092 0.4893180792524485 0
1.402534338998672 0.4991372553351974 0
1.39958965876116 0.4751679405246167 0
1.422129715173337 0.4847204546541443 0
1.386326216666659 0.5383931686522937 0
1.419061613925552 0.4606088659827507 0
1.441510147248073 0.4700743063991987 0
1.438208415437123 0.4456641292025452 0
1.415896249399647 0.4362886334819389 0
1.460605118334213 0.4550981558270997 0
1.463703493204459 0.4792737352604201 0
1.482915030711388 0.4644396955723517 0
1.43514168065218 0.4216019811823349 0
1.412877838971909 0.4120262751335944 0
1.485959658573821 0.4888503673554048 0
1.50519167337917 0.4738276318791124 0
1.432090458533702 0.3975310941308154 0
1.40980219152253 0.3881431866404359 0
1.50826948660484 0.497769490152269 0
1.527457212363287 0.4830836172580295 0
0.3959520578174895 0.498523566052283 0
0.515910937685621 0.5484318673517968 0
1.428979986826655 0.3735266596885976 0
1.40674663714764 0.3641515951924775 0
1.530524213508785 0.5069764397516109 0
1.54967520616308 0.4923727825023735 0
0.4751671800039854 0.4428690697401838 0
1.546615366520599 0.4685071804472161 0
1.568794245242931 0.4777945669663068 0
1.55273414518072 0.5162414975354964 0
1.425912585859543 0.3495260143541284 0
1.403657217382446 0.3401611245524722 0
1.565754327463358 0.453965652489814 0
1.587905325758586 0.4632343637784184 0
1.422833748662812 0.3255404572333997 0
1.400612433186526 0.3161752378036083 0
1.5848620067466 0.4394407476456634 0
1.606973868765588 0.4486909008124169 0
1.419776756913157 0.3015687264424714 0
1.397562507320842 0.2922054579919225 0
1.378341728773454 0.3068223449775159 0
1.375296450001501 0.282844081029767 0
1.356038016294901 0.2974751552060874 0
0.3517798598398725 0.38476486651403 0
1.352985586565178 0.2734827795797487 0
1.333712861290592 0.2881191776798857 0
1.604017246234995 0.4250453755053925 0
1.626148747803208 0.4342931811752532 0
1.629059561827059 0.4579272492461695 0
1.64827397860151 0.4436151134994387 0
1.651068557017224 0.4673296027640827 0
1.670161602049867 0.4527640481172071 0
1.67306054495055 0.4765426832520667 0
1.692083835333861 0.4619452600966443 0
1.695039169627064 0.4856763613472577 0
1.714065207297305 0.4710729902379458 0
1.716937964921332 0.4949145891157362 0
1.736004229293248 0.4803512826693674 0
1.533606376932361 0.5308296979847051 0
1.555778106431714 0.5401477256805226 0
1.536688901486674 0.5546853130876159 0
1.558841822225777 0.5639979053892376 0
1.539769738296854 0.5785189950721474 0
1.561913085407299 0.5878058008851051 0
1.542854302558734 0.6023238937914469 0
1.330657764397306 0.2641025302587897 0
1.31136661252371 0.2787516805306131 0
1.564975477804023 0.6116070424342237 0
1.545918390646179 0.626131952953873 0
1.416790181793071 0.27760655006384 0
1.439124906380478 0.2873462765839366 0
1.30830438727902 0.254716359604819 0
1.288997275745814 0.2693841875723499 0
1.436016551891264 0.2630533793234739 0
1.458276728330924 0.2724569662667773 0
1.623464143171182 0.4109638374369043 0
1.568048425745327 0.6353586096225254 0
1.549004538886262 0.6498962967130222 0
1.739018939572073 0.5038343859141359 0
1.757909180133038 0.4894389340785647 0
1.285928524995353 0.2453167294086817 0
1.266598536215179 0.2600067807297756 0
1.263543003281272 0.2358982822081435 0
1.244173254153309 0.2505887516073286 0
1.454920507954346 0.2481210314749863 0
1.477334242464477 0.2577151217949717 0
1.571121241660278 0.6591178811786826 0
1.552074582217948 0.6736585400164101 0
1.529949592475511 0.6644346948780125 0
1.533027971900538 0.6882509278102146 0
1.51103220048839 0.6791945567289851 0
1.514001969726991 0.7029076416450875 0
1.491972853727269 0.6938097253649557 0
1.494921579272806 0.7174876279615515 0
1.472892889863024 0.708428677499229 0
1.475800594193423 0.7320574849239114 0
1.453657650520507 0.7228708150656253 0
1.497953275935717 0.7413748915426395 0
1.456656023364859 0.746638419685711 0
1.434616801416189 0.737608214858593 0
1.59014728179947 0.6445893498721257 0
1.5551199707581 0.6976834239743523 0
1.76087200287785 0.5133803820593246 0
1.779782553352028 0.498655994317149 0
1.437541181761737 0.7612623749284944 0
1.415309934602058 0.7520077770652848 0
1.247241247783954 0.2747469905659721 0
1.224779412898884 0.2653133262718756 0
1.221717526181098 0.2411402009230352 0
1.202307519192013 0.2558674289707519 0
1.199241775443696 0.2316767276355329 0
1.179776781789417 0.2464200232975181 0
1.327623928900571 0.2400499444765836 0
1.689244002996611 0.4384183450147565 0
1.182857847912066 0.270674701442132 0
1.160532918167732 0.2606016176538553 0
1.157254939412235 0.236813972408097 0
1.137983884573101 0.2509935312388163 0
1.134697164827968 0.2272507129979531 0
1.115121202052863 0.2420509396657553 0
1.11711436888931 0.2646484664530737 0
1.0949740262479 0.256092090543645 0
1.092262619192868 0.2323694065302627 0
1.072575348770969 0.2472407634344431 0
1.075258232222354 0.2709416990477932 0
1.052877584706094 0.262175904799793 0
1.049891788336098 0.2377762031615503 0
1.030151714786727 0.2527346010058178 0
1.027115382620411 0.2281834123304463 0
1.007319363057026 0.2430988782592297 0
1.010388066549348 0.2677657400049868 0
0.9874706101951005 0.258071466637117 0
0.9844187042108263 0.2333752581854808 0
0.9645340911670175 0.2483415574766881 0
1.474009586905649 0.2334873780163343 0
1.496422190080049 0.2431091353477361 0
0.9615191963021417 0.2236111841107843 0
0.9415610025112218 0.2386021808298406 0
0.9445968734088699 0.2634389069452003 0
0.9215125140935576 0.2536900591699835 0
0.9184284020174014 0.2286280181988968 0
0.8983203421913313 0.2437197869037299 0
0.2392536234955029 0.3335108778720132 0
1.741896053886081 0.5281350020775817 0
0.9013950528750696 0.2688649237562831 0
0.878186515203385 0.2589332624758531 0
0.8750935231116461 0.2337599836659935 0
0.8548529752901035 0.2489850599147567 0
0.8518439531677755 0.2238285746718112 0
0.8314723073207109 0.2389946637157635 0
0.8345299770471402 0.2642866464228628 0
0.8110096976652836 0.2542612041587385 0
0.8079735431641737 0.2288533125236349 0
0.7873869157799853 0.2441855407420833 0
1.754927999103393 0.4659357724129861 0
1.412459319113831 0.7289048678164832 0
1.393262150569053 0.7430844806805781 0
1.396155028861715 0.766701747443608 0
1.373910644190173 0.757421161067817 0
1.370342853704027 0.7344411179851382 0
1.351445749167382 0.7484433562162689 0
1.354668440978748 0.7721095059030996 0
1.332375866768349 0.7628326121962887 0
1.329209805336541 0.73899368412633 0
1.31007661813144 0.7535268626894076 0
1.313216331646902 0.7774700051665394 0
1.290887179010412 0.7682157896959367 0
1.287762691424936 0.7442073571397827 0
1.268527949044149 0.7589474748167967 0
1.26538836629313 0.734904522952962 0
1.246143056130466 0.7496498787968811 0
1.249313405893818 0.7736914170842546 0
1.226906387724756 0.7644157446866615 0
1.223726591489359 0.7403428001602136 0
1.204455342248796 0.7551406741370819 0
1.201265596864106 0.7310302553424988 0
1.18196128328234 0.7458542313344395 0
1.185196242663419 0.7699456913113119 0
1.162666936220836 0.7606985911749079 0
1.159452584714283 0.7365642814195479 0
1.14012357746153 0.751415895654863 0
1.493056995081822 0.2188972473379925 0
1.515492834566849 0.2285522989374453 0
1.47032598984393 0.2088791821606177 0
1.782813502141723 0.522702378234588 0
1.801656992385976 0.5078532664985931 0
1.143355949987493 0.7755809882352929 0
1.120813410862784 0.7662975939795142 0
1.117563155592081 0.7420945214853296 0
1.098210558863813 0.7570171450689565 0
1.094949488207356 0.7327614592419005 0
1.075555102426801 0.747724292417733 0
1.078816467188332 0.7720102896318614 0
1.056149795699551 0.7627191104276654 0
1.052882805528466 0.7384071771972798 0
1.033451894359614 0.7534097451658099 0
0.7844376855443627 0.2186400268356291 0
0.7636932263556795 0.2340219875292657 0
0.7668316698827207 0.2639814325689189 0
0.7425456159324422 0.2498804028310026 0
0.7394688551115851 0.2233415172329756 0
0.7183175793370522 0.2390510885708704 0
0.7212664335387096 0.2652563845047065 0
0.6970194444356681 0.2549453167023563 0
0.6939012993737967 0.2283650400560537 0
0.6725382772442892 0.2443995817190451 0
0.2943973873518428 0.4662205150592261 0
1.036751563471404 0.7777310093621508 0
1.014049119805986 0.7684454230959599 0
1.01071004998394 0.7440736914641735 0
0.9912256250878604 0.7591877356401207 0
0.9878992404622993 0.7347348825781925 0
0.9683921867913712 0.7498670432746855 0
0.9717385949371145 0.774322755901048 0
0.9488983430032925 0.7650167728256408 0
0.9455041163752993 0.7405409020450935 0
0.925942251386435 0.7557242880174397 0
0.9226107503782957 0.7312416912812492 0
0.9030110509141045 0.7465371924487124 0
0.9063322932124001 0.7710724434867331 0
0.8832981699333662 0.7617070738647764 0
0.880400815483295 0.7368368660715352 0
0.8602519712787842 0.752359793366557 0
0.8636545184466857 0.7770862237337484 0
0.8405273201295846 0.7677927388775652 0
0.8369742994866325 0.7430682437475833 0
0.8172534859767433 0.7585135142157912 0
0.8136827456144293 0.7336409922217275 0
0.7938592294551239 0.7491884602742065 0
0.7974379363201416 0.7741546254349596 0
0.7740201334956267 0.764844634841056 0
0.7704226184276919 0.7398241029261752 0
0.7505275856428419 0.7554931517520553 0
0.6695280569038045 0.2177877711834448 0
0.6478519518573851 0.2337621962272891 0
0.6507875010797637 0.2606646829105086 0
0.6260190171162021 0.2491000098654501 0
1.314422591180525 0.302809998884394 0
0.6226396699668146 0.222476480403338 0
0.6006051242730033 0.2378172406148397 0
0.754201746934676 0.7805341999424287 0
0.7307015144681168 0.771239291731693 0
0.7269435476034425 0.7461529702405902 0
0.7069809670244696 0.7619709012165299 0
0.7031877059814291 0.736674232235315 0
0.6830796796769696 0.7526396397544757 0
0.6864304929673026 0.7786865718160546 0
0.6625768734584248 0.769321959562457 0
0.658952100724834 0.7433604284430551 0
0.6387228586560241 0.7595039486434549 0
1.8046768698338 0.531889463082754 0
1.823507485030603 0.5170168882444117 0
1.82050460545987 0.4934495082837076 0
1.842333243387987 0.5025879913622112 0
1.845341293074169 0.5260236815326712 0
1.864150210794009 0.5116834104595547 0
1.861148167078472 0.4882450195387171 0
1.882948597490297 0.4973606136387802 0
1.51213095580176 0.2042030846450806 0
1.534546683072792 0.2139691376512736 0
1.537634492922616 0.2378399409078228 0
0.6424810486539525 0.7855006188587265 0
0.6186258904485795 0.7757126959821367 0
0.6144704767983771 0.749904189268096 0
0.5939333429451179 0.7665224320097991 0
0.6303433206843114 0.2754572284779314 0
0.5971284276473436 0.2111211321606929 0
0.5746481107910018 0.2275336872994704 0
1.556676673283678 0.2233713333262446 0
1.582026331883494 0.4158507938754848 0
1.553699128177817 0.1996122709716596 0
1.88595585159948 0.5207984061329257 0
1.904743097409225 0.5064796143455376 0
0.5898277780632888 0.7403056549525264 0
0.5692017963594389 0.7570559907672429 0
0.5733667372479365 0.7832955426078221 0
0.5484696279895116 0.7739200918243005 0
0.5442355691814238 0.7475258901921907 0
0.5233285858898997 0.7645448507281323 0
0.5189142794777934 0.7378405973324133 0
0.4977837565058205 0.7551149298703221 0
0.4933087535678156 0.72795655706819 0
0.4719399308554191 0.7455046512491413 0
0.4767202807037636 0.7726936893894061 0
0.4505570635768394 0.7632287336273289 0
0.445700598695177 0.735783215160923 0
0.4253897818167791 0.7533537777586875 0
0.4192641093664649 0.7255726079618195 0
0.3974053046214414 0.7486674531658475 0
0.3920464817482958 0.7159467973449052 0
0.3690472769530819 0.7343743553516955 0
0.3643597422037095 0.7040865498559632 0
0.3405609477181599 0.722922185300663 0
0.3441936326580524 0.7545474249932509 0
0.3159971870039726 0.7437090660932586 0
0.3109338555671435 0.7114533523073135 0
0.2860578618267329 0.7327658469673026 0
0.280387403403175 0.7004563252234941 0
0.4306555988190695 0.7810781111831174 0
1.559628988596247 0.2473083200882111 0
0.5716447459836691 0.2001160474927108 0
0.5489288007153936 0.2166297610994111 0
1.879950282914599 0.4739200217547086 0
0.291124721668512 0.7646662397993241 0
1.578598112956157 0.232956437239179 0
0.5529269644285264 0.80006176500545 0
0.552135992474126 0.2447686745135488 0
0.5255844374559118 0.2330333955408702 0
0.52268492640974 0.2049600103243067 0
0.5001738935812516 0.2217572457936607 0
1.907752005668937 0.5299027716852563 0
1.926523503107063 0.5155926995808201 0
1.581632551907282 0.2566204951249482 0
1.469364118609366 0.6856924166550267 0
1.480428281292791 0.2816093724041002 0
0.2619225016826809 0.7545126073430262 0
0.4965153238859716 0.1930761690885217 0
0.4705481507577585 0.2139380545059961 0
0.2665352120361442 0.7858128440462979 0
1.580985406846287 0.5735212124305905 0
1.929525848613941 0.5390071206832711 0
1.94829701849224 0.524702410810917 0
1.945298091892468 0.5012950717225192 0
1.967065058384641 0.510405489155405 0
1.964069204633589 0.4870053369389947 0
1.985829623357165 0.496111795927437 0
1.988826876725429 0.5195065350077476 0
2.00758550514133 0.5052158910862219 0
2.010578485255522 0.5286063779142348 0
2.029336596005852 0.5143167907989191 0
2.026344651410138 0.4909317598749822 0
2.048091474922187 0.5000332374266494 0
2.051085509367202 0.5234148776328726 0
2.069829703207061 0.5091421229960993 0
2.066842125793812 0.4857541526315809 0
2.08938728084912 0.4947484894464533 0
2.091700975235765 0.5182278710984852 0
2.111462120951919 0.5034825149435916 0
2.113524761874153 0.5272484611284312 0
2.132922171243274 0.5124226529658352 0
2.135235285451683 0.5362989636407296 0
2.153803495720847 0.5221343436325271 0
2.151515823480218 0.4981718147590719 0
2.172673445183322 0.5077546806289753 0
2.1755697600124 0.531219218478261 0
2.194303600712767 0.5169484770464389 0
2.197302269904354 0.5403407778465967 0
2.216070623108158 0.5260474105426355 0
2.213071743469603 0.5026445865262655 0
2.234845305731659 0.511745489491839 0
2.237846104096158 0.5351599658222767 0
2.256630787628752 0.5208554926215143 0
2.259637114390734 0.5442781245068085 0
2.278429448508262 0.5299649568709659 0
2.281435043109403 0.5534017594286244 0
2.300239975139041 0.5390787704917442 0
2.297229070617294 0.5156261881642079 0
2.319051236908771 0.5247465925029347 0
2.322061121130932 0.5482093112945874 0
2.340880564467242 0.5338693761904083 0
2.343894481895356 0.5573542088413271 0
2.36273106405599 0.5429928460341791 0
2.365743614337297 0.5664983309600655 0
2.384591874094792 0.5521327295275391 0
2.381574247850275 0.5286219600683802 0
2.403445946102484 0.5377622881321256 0
2.40042523739282 0.5142436059549554 0
2.422309709249749 0.5233882549091126 0
2.419286645806437 0.4998608124898839 0
2.441181157630298 0.5090066932030959 0
2.444193220418454 0.5325556079867158 0
2.46308275591241 0.5181610651600272 0
2.460058902883241 0.4946107087967099 0
2.481971861457797 0.503765236324934 0
2.484996078874277 0.5273264666591928 0
2.503895069175031 0.5129253507559111 0
2.506918814548272 0.536498124472062 0
2.525827957119737 0.5220909491949139 0
2.522797327128271 0.4985087636252528 0
2.544740721294171 0.5076704913805189 0
2.547770616778773 0.531264510014482 0
2.566694252031575 0.5168490190918938 0
2.563661022022841 0.4932422848926259 0
2.585622709156751 0.5024233359358473 0
2.588652622478535 0.5260346331962467 0
2.607589580375752 0.5116046816476363 0
2.610618659201609 0.5352239780150839 0
2.629563618938481 0.5207894109504514 0
2.626383443543384 0.4975174138568174 0
2.648488469353532 0.506407553595543 0
2.650998951767669 0.5288437774058798 0
2.670523748744347 0.5150784382583228 0
2.667715535849992 0.4921593590117405 0
2.689458989326968 0.501092206484829 0
2.692615142732494 0.5243801161699574 0
2.711479040620441 0.5102277906988808 0
2.714516018540639 0.5338712531786739 0
2.733470545312544 0.5194646091085061 0
2.730428827680576 0.495820753545604 0
2.752438867494838 0.5050226518045112 0
2.755473913022002 0.5286867938940216 0
2.774451197104849 0.5142293460360614 0
2.777487001986453 0.5378992502322228 0
2.796470419605393 0.5234350511745013 0
2.793431778802319 0.4997649497030039 0
2.8154558173611 0.5089676989949002 0
2.818487583746791 0.5326379262283758 0
2.837482449703769 0.51817634871857 0
2.834444750287639 0.4944947450759635 0
2.856475462598061 0.5037044382109105 0
2.859513628500642 0.5273906863008772 0
2.8785100227034 0.5129162849460288 0
2.881548716635272 0.5366079024683971 0
2.900547738150272 0.5221302963417934 0
2.897504635606349 0.4984458276605923 0
2.91954887232728 0.5076522819409263 0
2.922578201870288 0.5313349945275423 0
2.941592004155935 0.5168674893991404 0
2.938550156408683 0.4931625279095871 0
2.960600161521641 0.5023846953519514 0
2.963645089323339 0.5260947064770738 0
2.98266498835341 0.5116030990928864 0
2.985711540328747 0.5353294473772109 0
3.004751375946782 0.5208371498441946 0
3.001565334645305 0.4973228976513695 0
3.023808795132579 0.5062638559027676 0
3.027026932686639 0.5297838563458148 0
3.046118055687722 0.5155832686739041 0
3.042977651612161 0.4914919922878452 0
3.065373268430651 0.5008374263416032 0
3.068549299520275 0.5250942697929515 0
3.08802370621735 0.510150367076137 0
3.091177361975582 0.534526260694365 0
3.110993470219272 0.5196416497970059 0
3.107777160500491 0.4948291221501689 0
3.131142966423379 0.5044451543601023 0
3.134423607697258 0.529779654567487 0
3.155174542444027 0.5142102773596124 0
3.158454901059609 0.5405302276849726 0
3.179933221836513 0.5239265809290619 0
3.127849757939331 0.479163576962513 0
3.183172915569309 0.5512135285356273 0
3.205201105779282 0.5341307915675331 0
3.208351743252571 0.5618378478008415 0
3.230088151231016 0.5440984463203267 0
3.227173449752904 0.5167021879229202 0
3.25297616487856 0.5268204636169314 0
3.249895481364404 0.4988462085977937 0
3.276525600156527 0.51013765305039 0
3.278758711015145 0.5371899436323977 0
3.273246292545216 0.4807785701009254 0
3.300495781157955 0.4923930649646823 0
3.296979840911578 0.4625076084190341 0
3.325380227260675 0.4744717548079463 0
3.186367612328934 0.5784382900085363 0
3.321353135029542 0.4438047031115231 0
3.350197119294258 0.4559915207582557 0
3.345766416673602 0.4249556060599074 0
3.317381842608176 0.4133363113979456 0
3.374920892581728 0.4367539735040386 0
3.379273444274066 0.4685061072938322 0
3.405098710888383 0.44832993432315 0
3.409216340662466 0.4814023702952012 0
3.341334620763746 0.3945345228936934 0
3.313369081233474 0.3832281555839069 0
3.43572574570106 0.4604811234467692 0
3.43996568940771 0.4944975018166406 0
3.336367552975909 0.3647982466988525 0
3.309369297158633 0.3535558321435591 0
3.331742943172981 0.3353275150889556 0
3.305437555050625 0.324355898124839 0
3.466737539702365 0.473634183825038 0
3.471163750035028 0.5076327343320097 0
3.462594698687527 0.4391998835372415 0
3.494454545081711 0.4524151960164022 0
3.490460965039087 0.4184894077510379 0
3.327973669493564 0.3063897832346351 0
3.301502467887331 0.2958936692478319 0
3.522625505475725 0.4312961687040642 0
3.518563340277464 0.3968800734930632 0
3.551026153136976 0.4097561034518596 0
3.546233474793797 0.374358372836996 0
2.387591793588617 0.5756432047123752 0
2.368748675505789 0.5900065051592305 0
2.390602152745072 0.599155289347966 0
2.231841782107953 0.4883328760558541 0
3.279079135263903 0.3132738392725871 0
3.27519638432818 0.2852319065598508 0
3.253184826223135 0.3022645133036572 0
3.249590760035203 0.2750102158784286 0
3.227915390437908 0.2915790302408043 0
3.223823728738187 0.2662054723431294 0
3.202994806577284 0.2813205789383812 0
3.199255283535459 0.2556230265594604 0
3.179870720940864 0.2710548677291403 0
3.324017079696004 0.2782229532072503 0
3.555143666853252 0.4455149525360905 0
3.211486052105808 0.589311818807344 0
3.189666993552183 0.605568900896483 0
3.214506146427616 0.6164975653673817 0
3.192831181748663 0.6327369903151605 0
3.219039454148783 0.6432338435560373 0
3.196053476863785 0.6595660328912744 0
3.221680445549975 0.6700401428759155 0
3.1991393251821 0.6860773425675888 0
3.223598672563783 0.6969454840685089 0
3.17453688008003 0.6755950110826947 0
3.177628664254186 0.70175024793031 0
3.15350976815498 0.6912654686606068 0
3.156458786001857 0.7170644051673338 0
3.132755973205891 0.7067783978080572 0
3.244697470944879 0.6810610070088188 0
3.247816664661673 0.7078215931175738 0
3.268973901853167 0.6929867174752812 0
3.272466284232608 0.718964273758156 0
3.294399867612886 0.7028201963826453 0
3.297539023223402 0.7299096046617689 0
3.319678678564383 0.7135859166679452 0
3.135672477204633 0.7322960250744064 0
3.112211258873207 0.7221677812149181 0
3.323076840910299 0.7402172352211804 0
3.345068823222469 0.7245560544593436 0
3.174933833999081 0.2464891723909652 0
3.154297121403878 0.2651216382769196 0
3.115147937485073 0.7474481367691215 0
3.091842293972727 0.7373768706508755 0
3.138158809764742 0.7576444020920039 0
2.37176091234129 0.6135015188874329 0
2.393607511056893 0.6226680370568095 0
3.348268306686313 0.7517618690608135 0
3.370541624310934 0.7357322648123795 0
3.151269778078119 0.2354303507350644 0
3.130975155316196 0.2511496821856515 0
3.579398315345142 0.3876764494348504 0
3.574677803380069 0.3519953326895894 0
3.094794247353542 0.7624832651482802 0
3.071618478018456 0.7524599390580383 0
3.127527506753161 0.2259494160366972 0
3.107566094701678 0.241456877210821 0
3.110680401669723 0.2662512031692486 0
3.087566798894392 0.256672173844025 0
3.084307179001075 0.2318609567619646 0
3.064490408798323 0.2471777064344283 0
3.067703412370252 0.2718407832268428 0
3.044737950638805 0.2623126186212926 0
3.041499959336162 0.2377191140997829 0
3.021897221043218 0.2528076019490551 0
3.018652433401849 0.2282951025966497 0
2.999133662894112 0.2433232036271577 0
3.00228757081378 0.267722553636119 0
2.979628672308555 0.2582473268030042 0
2.976463992822812 0.2339203913378027 0
2.957030867051873 0.2489021792598057 0
2.960194091338907 0.273107814512408 0
2.937658733252203 0.2637593725368301 0
2.93446974560619 0.2395954622946869 0
2.915184959206701 0.2544368132328585 0
2.911993642869419 0.2303234120822654 0
2.892746310495879 0.2451277136710601 0
2.895894401577532 0.2691850329136777 0
2.873509792487897 0.2598757876747531 0
2.870334984868462 0.235880784149285 0
2.8511610692805 0.2506447376350599 0
2.85431395768201 0.2745924604143579 0
2.832007017910684 0.2653500284041274 0
2.828843268652331 0.241432690431104 0
2.809725997569417 0.2561150258631547 0
2.80656751251925 0.2322362639858701 0
2.787478287281613 0.246917412507043 0
2.790630923255065 0.270782917700048 0
2.768371403302325 0.2616534897311569 0
2.765239754773118 0.2377350778690742 0
2.746157567738527 0.2524749943302112 0
2.743055851651457 0.2284980483471896 0
2.724020144104323 0.2431523082043521 0
2.726996257477838 0.2671001130789782 0
2.704924907933311 0.2578308209363533 0
2.701875078941964 0.2339169596747656 0
2.68285999504819 0.2485854073848283 0
2.6859337191603 0.2724037813249828 0
2.663840504521771 0.2632506027984218 0
2.660732779135406 0.2394522616779887 0
2.641730091543501 0.2541044428153476 0
2.638590076807059 0.2303768696887064 0
2.619628993147167 0.2449675900606691 0
2.622766010071194 0.2686986408067041 0
2.60068480064935 0.2595528247959444 0
2.597538021646278 0.2358602612534405 0
2.578612045955831 0.2504278047754589 0
2.581771019916594 0.2741464689930363 0
2.559609308771649 0.2652031638257012 0
2.55654484889525 0.2413648810186917 0
2.537550964497014 0.2561283046035286 0
2.534506117444562 0.2322807285589883 0
2.515620991855323 0.2468127494361156 0
2.518765113469292 0.2703660808049316 0
2.496760351202563 0.2612714982191929 0
2.493632346326485 0.2376837324470735 0
2.474775301144327 0.2521875567735106 0
2.477718461715746 0.2755217836470449 0
2.455900094330489 0.2666437516033591 0
2.471643473364118 0.2286118702674425 0
2.458835331507418 0.2899539798457862 0
2.437057906179008 0.2811173603376722 0
3.241108579058395 0.2511365182903932 0
3.374004181999918 0.7625694838781976 0
3.396172129760966 0.7468232499539245 0
2.374768869541499 0.6370168801017883 0
2.396619798732554 0.646187881667494 0
3.302365998806286 0.7597106741148809 0
3.074527434114944 0.7774089523355474 0
3.051483557644587 0.7674333016625421 0
3.048567287389329 0.7425820268651416 0
3.028566908070745 0.7574304683995958 0
3.025670213050025 0.7327182928735834 0
3.005784319195849 0.7476209467304458 0
3.008613641602002 0.7721777259203372 0
2.985943194488019 0.7623441777916229 0
2.983101703199546 0.7378736732208508 0
2.963391296305545 0.752550204416646 0
2.960552109489039 0.7281631969323439 0
2.940913315213041 0.7428001742923466 0
2.943574218767205 0.7670043913074286 0
2.921248958780055 0.757301094513412 0
2.918495071159417 0.7331467683547219 0
2.898942037369151 0.7477121360850865 0
2.901632493073447 0.7717875296879046 0
2.879424687190142 0.7621946032305484 0
2.876836364596394 0.7379508843740982 0
2.857222575743127 0.752589186461189 0
2.859984333562003 0.7766527769319457 0
2.837772589174546 0.7670599732924775 0
2.834971086682482 0.7430394259762843 0
2.815590966933005 0.7574562903538271 0
2.812797127929107 0.7334869081503477 0
2.793453557477461 0.7478956784901117 0
2.796232462067523 0.7718352983129888 0
2.774116280066552 0.7622843410737132 0
2.771352961432356 0.7383444439118945 0
2.752038189233771 0.7527383284952648 0
2.749299393677771 0.7287766708254506 0
2.729976948602564 0.7431986330518088 0
2.732740019100787 0.7670735600552029 0
2.710696025334773 0.7575340341569294 0
2.707917493596763 0.7336944247766637 0
2.68870090005399 0.7479564120404935 0
2.691440422339255 0.7718328364921496 0
2.669436919308995 0.7623177943494218 0
2.666698961995374 0.7384446763591692 0
2.647446958906568 0.7528054227252429 0
2.644678927698134 0.7290213764839144 0
2.625464510005408 0.7433193040005421 0
2.628223664903845 0.767092494289535 0
2.606266076381662 0.7575838226442895 0
2.60350252525119 0.7338363054971185 0
2.584319107449555 0.7480984503411237 0
2.587104401829668 0.7718676945102918 0
2.565134638521477 0.7623510699028095 0
2.581563263620934 0.7243607736191813 0
2.440180640577066 0.3046588147236635 0
2.418268511478475 0.295636982214994 0
2.460803619594897 0.314526148257801 0
3.608268771102646 0.3655779639354788 0
3.603107391118541 0.3296898279547582 0
3.570176915980673 0.3166452781345952 0
3.597990515055606 0.2948999437125188 0
3.565782926824035 0.2820001406923394 0
2.567923654470597 0.7861174270321505 0
2.545976728905669 0.7766037675008592 0
3.399047012616392 0.7748824601989701 0
3.421703218685097 0.7581999346106421 0
2.377764353432861 0.6605661555975308 0
2.355896131008751 0.6513519629075901 0
3.630789081017329 0.3073419700765674 0
3.625100825668722 0.2733989858850532 0
3.174452615486374 0.2213895801811347 0
2.42120495036841 0.3189223282462659 0
2.399437914390035 0.310085814108308 0
3.424261740091735 0.7868679950917983 0
3.447336831595668 0.7694045145191308 0
3.443865440657075 0.7410024839259024 0
3.470626800673145 0.7526811457400048 0
3.473634346035364 0.781720092940534 0
3.497176719945657 0.7646129456255 0
3.494333226670144 0.7352304342776488 0
3.521667648172729 0.7475717320257916 0
3.518748444767652 0.7173477744587471 0
3.546992062601421 0.730023160177375 0
3.549534870884854 0.761346135536891 0
3.576487525049142 0.7440703412139099 0
3.573049969480996 0.7112810305665738 0
3.603822744835993 0.7258920393480852 0
3.600585923485252 0.6917431800520157 0
3.631248541106094 0.7059964479937211 0
3.628383886232347 0.6711123879508973 0
3.634991564199052 0.7411071053850804 0
2.26263798875597 0.5677160674651593 0
2.399653036402125 0.6697144106641373 0
2.418474852125733 0.6553739573549582 0
2.380779425025338 0.6841013634153936 0
2.415150920545731 0.2721234760800504 0
2.397394906391411 0.4907175929963077 0
2.548724061231002 0.8004002615387934 0
2.52762822037854 0.7919522661777721 0
2.570669957997818 0.8100493193023073 0
3.658340907814754 0.2855899272861337 0
3.341997632501795 0.6968430869798602 0
3.378158794847336 0.791896296522455 0
2.086529646263859 0.4713530337517988 0
3.652768950618452 0.2513707793178256 0
3.685927859243887 0.2637329368775846 0
3.691747925608222 0.2968308801329539 0
3.662629073080192 0.720997867590182 0
3.6655646029836 0.7560941767688905 0
3.184666636142277 0.29433850037217 0
3.109053135025706 0.6971609612750336 0
2.529667219984724 0.8148221150329895 0
2.508541517673334 0.8066102534395498 0
3.350505681085856 0.2885631687151894 0
3.346644219194089 0.2604036345739427 0
2.402365166358361 0.3333404283163316 0
2.380631454321062 0.3245360450596483 0
3.680757370934698 0.228717570369431 0
3.712390326113826 0.2406992274061869 0
3.646000092231551 0.2183987909222153 0
3.693918731767071 0.7361545646932003 0
3.695760200043628 0.7713933731999025 0
2.510545496550131 0.829067684860909 0
2.48860455139181 0.8198147564212714 0
2.383749494937196 0.3480321850943876 0
2.361876220551943 0.3390206275936554 0
2.358759828521943 0.3155450435393067 0
2.339986002005913 0.3299996731795636 0
2.34310852318533 0.3534679866471942 0
2.321221052519316 0.3444432998979297 0
0.504014360085435 0.2485283230673825 0
1.600588508650529 0.2422532720987556 0
1.604003872389645 0.2663186486556458 0
2.116312789989142 0.5506933258066624 0
2.522764970941757 0.7704414816747338 0
0.5939992106749095 0.1837788984125971 0
2.324344175955111 0.3678896283680654 0
2.302475757483951 0.3588629299533224 0
0.4692488984284391 0.1822320971669228 0
0.4462594295515849 0.1984886557430212 0
3.373111218111631 0.2710036026597389 0
3.369160114779996 0.2426382684544082 0
1.910762897996766 0.5533141240568124 0
2.405029480255465 0.3568966884003445 0
3.668275792200962 0.7907473310262481 0
2.402665550000352 0.6932436840267788 0
2.383799611232758 0.7076226137412962 0
2.491303466895205 0.8431108083523182 0
2.469391043279831 0.8335143798092273 0
3.444161969497932 0.5281926572320533 0
3.708205271814634 0.2073277024715504 0
3.739064037658141 0.2188862981019508 0
3.245834505701818 0.4710813100001081 0
0.4144483743921765 0.6972725362958588 0
3.698944014865694 0.8058728521430731 0
3.725787606935785 0.7879927920080039 0
0.237443361891337 0.7755775416358488 0
1.39035162841745 0.4019397988835577 0
1.520686484690277 0.593085853985077 0
0.242728062359383 0.8064266283875882 0
0.2718246100553925 0.8161080602431385 0
0.4426913312351664 0.1695498071099911 0
0.4187226824704682 0.1864138209321003 0
1.585434360393053 0.2815362293111923 0
0.5148180228366619 0.7105283756308745 0
1.622745983032345 0.251087714161959 0
1.626339637415239 0.2754931900381919 0
1.451608980105582 0.3831241167729146 0
3.395566488575247 0.2532395282279971 0
3.391307076374963 0.2249073125839428 0
3.365116898818441 0.2145211396433552 0
3.38705951628867 0.1966510346272284 0
3.360940243027168 0.186520905200144 0
3.413242549682614 0.2070845272108084 0
3.40897050086355 0.1789769898235191 0
3.435095602960509 0.1893170773390068 0
2.336860099826877 0.3065505887651844 0
3.475206604281911 0.5414315409730058 0
2.513146738486792 0.8525815398979975 0
1.618673194181753 0.2271945799400268 0
0.4933519224444136 0.1643965817198102 0
0.4181383207073597 0.2178060377839306 0
0.392564434397801 0.2033239934861915 0
0.3906696301060495 0.1736178604317744 0
0.3658441466259399 0.1916482380685267 0
3.734829657995128 0.1861347090777111 0
3.766320472736612 0.1985888760356367 0
3.448093168749987 0.561299072515683 0
2.305385948649645 0.382040310382012 0
2.283700500265438 0.3732302767562699 0
2.280619981605899 0.3498351131064614 0
2.261883673272717 0.3642399441104639 0
3.729193108119377 0.821046463869825 0
3.756626982563378 0.8037317093312991 0
1.932529749038285 0.5624139824212013 0
1.676024088012904 0.5004922456301963 0
2.405682979905604 0.7167816301519627 0
2.386806168006076 0.7311464163495073 0
2.364931361799814 0.7219925377120541 0
2.367938995838841 0.7455015549611574 0
3.770830602139873 0.2292719042967172 0
3.430834521810043 0.1616621260638207 0
3.4570376977318 0.171771249152455 0
1.644705026160745 0.2602977535090955 0
1.647845333712954 0.2839369213399174 0
2.472144786018858 0.8572019047835828 0
2.450283656650157 0.8477297120749187 0
3.671281365540321 0.8239609888329829 0
1.913768164513701 0.5767171804226613 0
0.2125157717179356 0.7957206144204167 0
0.2182691620937545 0.8269885146043423 0
0.362403566534629 0.1610963799356024 0
0.3379284745334219 0.1793591416186544 0
2.346084903397062 0.7363611547369526 0
3.399861701167612 0.2819847470049796 0
1.666637980433865 0.2694968519458822 0
1.66957269289707 0.2933459711566537 0
2.349090220765189 0.7598524449649747 0
3.758831664355657 0.8360708206684293 0
3.786811920775241 0.8181865188252677 0
3.784933673345894 0.7860590354645165 0
2.31603918397272 0.5012852299614373 0
2.326416462489113 0.3913007672135336 0
3.452511550248303 0.1441487285073847 0
3.478911653257338 0.1540570499187117 0
0.3691315931907053 0.2237661176664397 0
0.2104325596194476 0.7620984664920089 0
3.761884567374903 0.1655842507606446 0
3.792178082335588 0.1776940351495894 0
3.731389199715829 0.1520428258479518 0
0.3342172413210232 0.1484526249420272 0
0.3095458318018245 0.1668879562034652 0
0.163813722319345 0.2956531312634618 0
3.595354377558337 0.6522891440617459 0
3.625558988579526 0.635245127741356 0
0.3847138188672066 0.1420306522052914 0
3.426824711398672 0.1342995871686098 0
2.370938567059104 0.7689982576667398 0
2.258779567903908 0.3408210560889823 0
2.240055013909315 0.3552243893516426 0
2.242186909452096 0.3786741123679303 0
2.221329721072276 0.3696230548939454 0
3.788536640188325 0.8507528308921344 0
0.1881343746831052 0.8163872404395233 0
2.469457240735514 0.8097493562874486 0
2.453023223323344 0.8713812785334353 0
2.431180344368615 0.8619380113564721 0
0.1937657478765642 0.8476787824461224 0
0.2254990072149257 0.8597711524953163 0
0.415379933485736 0.4137652168694844 0
0.2179826475836981 0.4430271985094897 0
1.688526821192073 0.2787392870367087 0
1.691115502415266 0.3033607123933745 0
1.651480474424391 0.3092070425801952 0
0.4581247681964047 0.525500321666451 0
3.255725827944748 0.3333851640862234 0
3.1605418734716 0.5967696175070352 0
0.5327985634031074 0.4696117438535203 0
3.250762921676723 0.7347373894887878 0
3.81610259026736 0.8331788124782028 0
3.734447509896453 0.8475076665806569 0
0.6908313419162506 0.2019044458296052 0
1.93553181185067 0.5858120023714349 0
3.53912413877646 0.3031582800434256 0
0.5775482341900353 0.8093989994095961 0
0.5573494887928336 0.8259356298183783 0
0.5815758929714252 0.8351488868977088 0
0.561562265197566 0.8514996596850422 0
0.5854835313871694 0.8605824104345031 0
0.5374315899309061 0.842394220725871 0
0.541641868950856 0.8678703171090107 0
0.5176475439421639 0.8589409254599973 0
2.352089483089668 0.7833463934530795 0
0.6606245814325775 0.4721125876879447 0
0.6711762067233096 0.5562572005041166 0
0.6968717440563781 0.5667739958212963 0
0.6750041881770708 0.5835766876275104 0
0.700291695001114 0.5941653349126199 0
0.6799250332510365 0.6105304503053023 0
0.7040346998500158 0.6210248383633363 0
0.7254063268258535 0.604674305691718 0
0.7292819886080326 0.6310511341640438 0
0.7511642341217053 0.6142994628649239 0
3.054254811307351 0.7921210361117768 0
3.077255475415345 0.8022091988058335 0
3.057116418501287 0.8168683851338285 0
3.079938061212133 0.8268871605560616 0
3.059959500104255 0.8414174736825594 0
3.082680337468859 0.8514201563998389 0
3.062891189151133 0.866127058932595 0
3.040224968945039 0.8561071551628616 0
3.102585939370996 0.8368040439846057 0
3.105310187407131 0.8613355483020106 0
3.12520530471927 0.846740996811168 0
3.127979165168801 0.8712894581420196 0
3.147908861432766 0.8566232596667326 0
3.150874253159351 0.8814977614475861 0
3.170815395282718 0.8666937543738208 0
0.780945790843889 0.4731569371766414 0
0.8720609918809699 0.2086710176176774 0
3.364313877822639 0.3757392846433059 0
1.9168474685746 0.5999364685607538 0
1.895019750522609 0.5909897166976502 0
0.8965086738082761 0.473377138595914 0
3.047960778445334 0.2869524827671655 0
0.9064006069133859 0.5507423356566511 0
0.9302403707297044 0.5606776836107434 0
0.9098161677709222 0.5763214942397624 0
0.9335299524960736 0.586181960684646 0
0.9131952913254513 0.6017683030809218 0
0.9367913939339712 0.6115763870171679 0
0.9164940401185611 0.6271340193609893 0
0.8929059402475872 0.6173379049677609 0
0.9813723730843811 0.2086867860257271 0
3.071587700868068 0.549379240384902 0
1.046820746869455 0.2132770432330923 0
2.988779816595473 0.7868099402903381 0
0.6346425648821978 0.4609519928619019 0
0.657356352246754 0.4441127539639059 0
0.6315024684089459 0.4328290926426088 0
0.6541118183645218 0.4160622774105831 0
0.6282427735717677 0.4048060185113275 0
0.6506705089565485 0.3884591773155579 0
0.6765342653357904 0.3994553952407067 0
1.075778001288222 0.4776377200146788 0
1.250213084069798 0.4806539895780652 0
1.154162652669021 0.2125847173472122 0
1.085433175306996 0.55266661056001 0
1.108595024968465 0.5623281080658598 0
1.088710066862778 0.5775350716648462 0
1.111808772171017 0.5871750300381625 0
1.091959654261526 0.6023283091188067 0
1.114951729940507 0.6119409820087341 0
1.0951757146465 0.6270405788025577 0
1.072167759976641 0.6174768066775824 0
1.118479317422593 0.6357606306869942 0
1.137918416162972 0.6214081640713747 0
0.8049506612051258 0.2034194802641233 0
0.965143797765079 0.4785332154581907 0
1.282813133261883 0.2210124389789646 0
3.038192768561175 0.213253134215395 0
3.01541921380818 0.2038785641517454 0
3.034856494542245 0.1888631210644662 0
3.012168688349506 0.1795228260525113 0
3.031546193881929 0.164561304919543 0
3.008949262492442 0.1552639782390974 0
3.028261235956204 0.1403565579897947 0
3.050845477027379 0.1495907988228151 0
3.00571795685583 0.1311242508003716 0
2.986435027145426 0.1459617910842144 0
2.983228792821436 0.1218944804012695 0
2.963831795078487 0.1367482848852725 0
3.047567896588408 0.1253939900686257 0
3.07017702440412 0.1346501107335838 0
1.185091101340829 0.4763948102419056 0
1.459723494596285 0.7704753174704349 0
2.840567100476147 0.7910696060794555 0
1.052544816899714 0.4678760416094731 0
1.072618781405361 0.452687922421154 0
1.049441049917404 0.4428887024235266 0
1.069470025429983 0.4277369678970476 0
1.046331587294834 0.4179403326244394 0
1.066355451594122 0.4028128697477045 0
1.089502023649603 0.4127209980664595 0
1.043236214808103 0.3930391983203296 0
1.086321983316754 0.3876683016363604 0
1.109350510036942 0.3973746769580968 0
1.106223268605699 0.3726231490631732 0
1.129170814093305 0.3823168819877672 0
1.425055714685408 0.5088909869575345 0
1.663298417876721 0.2450917910772297 0
2.940839318525205 0.2879300934334099 0
1.25997883017992 0.554679177041089 0
1.282687225787993 0.5641555162001382 0
1.263168278839732 0.5790708972301483 0
1.285831606628646 0.5885145749472014 0
1.266345512181809 0.6034070406906383 0
1.288961497156601 0.6128254911746059 0
1.269402578440012 0.6277739016380425 0
1.29209254003957 0.6371042429266188 0
1.311516765059812 0.6222623720826759 0
1.246738300766806 0.6185211302066689 0
0.8725182301423648 0.4631908504070242 0
0.8932236162933922 0.4475411514006795 0
0.8693874258976935 0.4373858026115094 0
0.8900220882189585 0.4217840122100295 0
0.8662615584613746 0.4116441795425191 0
0.8869162148882159 0.3960971981700592 0
0.9107682175774041 0.4065858337029922 0
0.8631439289255198 0.3859685273932795 0
0.9075321428138969 0.3806616161501969 0
0.9311766914430115 0.3906542039926902 0
2.562243521632852 0.2889270334916009 0
2.980197480913496 0.7135107600990533 0
2.957705401394408 0.7038399734467466 0
2.977271596952143 0.6892143107290518 0
2.954840836280863 0.6795680605796302 0
2.974362521990775 0.6649895787804914 0
2.952020429471987 0.6553805070829669 0
2.971465621325726 0.6408447525485593 0
2.993814037369826 0.6503979499054497 0
2.949153497909545 0.631298024305849 0
2.929745434991471 0.6457746293483833 0
1.631984749847312 0.4822811604977988 0
1.543602378559927 0.4446623705340139 0
2.672194478309518 0.7861414735517134 0
1.218530070205508 0.2167526395731928 0
2.771574480028815 0.2855823894491738 0
2.666977201144727 0.2869959589306478 0
2.832400296917875 0.7190567950980712 0
2.81003780004222 0.7095339258056058 0
2.829616177707552 0.6951108238987176 0
2.80725446200717 0.6856008474122353 0
2.826695981502236 0.6709927808325258 0
2.804442065133188 0.6616702349427973 0
2.82361562707876 0.6472535288102098 0
2.801472495249559 0.6381075295082873 0
2.782331747756392 0.6522325813289896 0
1.432114041642907 0.2380834781023952 0
0.940054267280954 0.6368937912066499 0
0.9605664984421312 0.6204190227503789 0
3.070883288408607 0.2965000015486839 0
3.051137197247014 0.3116075975684137 0
3.07402900929108 0.3211489946782586 0
3.054312222518963 0.3362672657873543 0
3.077242310940805 0.3458061147492868 0
3.05745655928354 0.3608190108985602 0
3.034642801515333 0.3513205811193191 0
3.037747852173845 0.3757273196409645 0
3.015100822537199 0.3662726723576596 0
3.080322575191366 0.3703914871668862 0
3.018199892427314 0.3906145531214217 0
2.99562245655493 0.3811041791842055 0
2.776902268924406 0.7862044350998696 0
2.286391075018108 0.3967107692855474 0
1.593203681312924 0.6683161403347476 0
1.612210325769896 0.6538139991558161 0
1.615193879496504 0.6776588957495346 0
1.634220599340948 0.6630492344415828 0
1.637201108169161 0.6868622505110341 0
1.656211797091861 0.6722506689721022 0
1.653192888891746 0.6485901581981057 0
1.675171850270612 0.6577762956202906 0
1.659251706946778 0.6958737375306338 0
1.64031476276622 0.7105505468360609 0
1.672138162033564 0.6341639160865167 0
1.694090169241797 0.6433312095454199 0
1.662301497970403 0.719490455828858 0
1.643416253244664 0.7338800670866579 0
1.691063635787831 0.6197434568129903 0
1.712992672462851 0.6289237724960688 0
1.716021518128948 0.6524787740415923 0
1.734897669251064 0.6380932614998536 0
1.73791545842828 0.6616264238083132 0
1.756771351081937 0.6472456131454374 0
1.753771358328369 0.6237378280571093 0
1.775628948210319 0.6328867291417698 0
1.665348793593836 0.7430435048397721 0
1.646477231356546 0.7574495452815722 0
1.684222588989329 0.7286507338167927 0
1.669115882978508 0.6105657222417606 0
2.835157451968049 0.2892637455474789 0
2.857441876614674 0.2985095244773519 0
2.838300012691676 0.3131733536900675 0
2.860561374264179 0.3224171098468068 0
2.841438581805869 0.3370685609338818 0
2.863682765530832 0.3463085614795737 0
2.844566989274711 0.3609373068386434 0
2.866803843557307 0.370181132874641 0
2.822350654113375 0.3517232652046237 0
2.825475334422891 0.3755500472224487 0
2.803299904122933 0.3663611745962704 0
2.805417298629424 0.390194531931278 0
2.782396605652333 0.3814349194980509 0
2.828408728125123 0.3993575477512145 0
2.825662061233538 0.2175469737404837 0
2.803401435905377 0.2083634215842262 0
2.822474352821653 0.1936781770188111 0
2.800225079496056 0.1844950315790438 0
2.819291467290476 0.1698249049772855 0
2.797067496356389 0.1606472795783985 0
2.816113075880495 0.1459914240618874 0
2.793892790476091 0.1368350453005472 0
2.838329782818935 0.155139097912927 0
2.774852014368979 0.1514818771592591 0
2.771692511294103 0.1276751583611804 0
2.752670790745833 0.1423062845928014 0
2.83514609326433 0.1313387098735859 0
2.749516201635183 0.1185302996870962 0
2.730522276283661 0.1331504021089149 0
2.857381316535553 0.1404709940642762 0
2.600734807846673 0.7101030890463483 0
2.578800703400244 0.7006287181117024 0
2.597963442397871 0.6863786240286192 0
2.576047726230124 0.6769094425665383 0
2.595198277344644 0.662663950292087 0
2.573289298090494 0.6532056151118117 0
2.554147368144944 0.6674408534659736 0
2.551392817119978 0.6437542117061097 0
2.532260519884202 0.6579813568278677 0
2.592434785349878 0.6389622176486001 0
2.614342403674673 0.6484186590197115 0
2.529357488167522 0.6346605126766731 0
1.982834267380348 0.472716974236519 0
1.96107711248654 0.4636118481890523 0
1.979839840782881 0.4493236002635749 0
1.958088345805609 0.440218413141598 0
1.976825489073511 0.4259047684759084 0
1.955043181887745 0.4167243594382133 0
1.99859404271008 0.4350312769460758 0
2.663895097504546 0.7147011009371577 0
2.689079466317541 0.2961496897848416 0
2.670120788259916 0.3107257135773787 0
2.692184811230408 0.3198751915852664 0
2.673251247938705 0.3344443882428196 0
2.695403829969438 0.3437067025177197 0
2.676381093825396 0.3581479852129257 0
2.654291692434535 0.3490033845632001 0
2.657418337058632 0.3726910883843502 0
2.635351311311091 0.3635640181718635 0
2.678376302349297 0.3823669112940006 0
2.638472827754859 0.387228902890159 0
2.615577501650826 0.3782476637459137 0
2.657562733761631 0.2157050301453537 0
2.635439664971413 0.2066563004340231 0
2.654393994073915 0.1920932141552871 0
2.632285990440484 0.1829613743381618 0
2.65124274967313 0.1683828091774789 0
2.629133691547865 0.1592541480729439 0
2.648089731399692 0.1446707998820342 0
2.625979956433304 0.1355511950994729 0
2.607030258467773 0.1501251444449925 0
2.603876130871373 0.126432309039654 0
2.584935898958187 0.1409992206851655 0
2.644963740511365 0.1208573859431199 0
2.581785355727649 0.1173165844512167 0
2.562851161328001 0.131879669429408 0
1.440603405554999 0.7850780167252088 0
1.462798572807284 0.7943246740688448 0
1.443703722798514 0.8089115772054785 0
1.465873645124008 0.8181546423809134 0
1.446795493604157 0.8327324086722462 0
1.468956882361411 0.8419582031407145 0
1.488022208058646 0.8273998107769795 0
1.491102154894559 0.8511701869624163 0
1.510142898368436 0.8366401518315288 0
1.513218810460496 0.8603791367136201 0
1.532237544613303 0.8458680496703412 0
1.449886390416434 0.8565317488407258 0
1.427728150444516 0.8473076975973848 0
1.430818955664406 0.8711054684599921 0
1.408679296103746 0.8619054652765483 0
1.535302940937191 0.8695864249411647 0
1.554311084236091 0.8550711627489364 0
1.551246803386639 0.8313744292663767 0
1.573287892070005 0.8405837162768235 0
1.576345351362012 0.8642460425305751 0
1.59530533787812 0.8497769396061217 0
1.598367628388238 0.8734201828326925 0
1.570238184782218 0.8169243757841023 0
1.452920714616081 0.8803543750085701 0
1.858153586835067 0.4647998717014425 0
1.876954325881983 0.4504837266029447 0
1.855161899928815 0.4413600006067487 0
1.873963010496477 0.4270475837435679 0
1.852172163000433 0.4179244972777392 0
1.870966884534452 0.4036222782331478 0
1.849180723854936 0.3944965329746448 0
2.349902447858342 0.6043048666260609 0
2.694195108356307 0.795660177628742 0
2.674953155335213 0.8099650932961213 0
2.696949018726083 0.8194777626044012 0
2.67771253856364 0.8337820330503615 0
2.699705550418996 0.8432891597182517 0
2.680468503824851 0.8575827066138397 0
2.702399007655786 0.86710229344103 0
2.683212368778905 0.8813815818692909 0
2.661233017667968 0.8718686921369762 0
2.758600188293042 0.5521318864998297 0
2.210269137246462 0.479507933138536 0
2.692095191978172 0.5468115998009022 0
2.74940042367004 0.4813591889281352 0
2.58258933110078 0.4788157186056753 0
2.56062395964332 0.4696322568369389 0
2.862751284708543 0.8006827884068479 0
2.84336150787316 0.8150711319910491 0
2.865514614324661 0.8246800622334121 0
2.846144582253292 0.8390496936821767 0
2.868270265096608 0.8486499292909344 0
2.848918256193636 0.8630160967513554 0
2.870982888371086 0.8727129243676524 0
2.890378670336592 0.8582638382548853 0
2.826783943531289 0.8533766597943264 0
2.829577073356644 0.8773643613255092 0
2.893090781810409 0.8823259102705076 0
2.912507298574746 0.8678512565271149 0
2.807485486068644 0.8678218906308349 0
2.488010885692984 0.5509037033132723 0
2.178536563929624 0.55464894723581 0
2.490503930198206 0.2140918809858183 0
2.468506432513681 0.2050262677339018 0
2.487321380711659 0.1904328218666376 0
2.46534897418022 0.1814306040686816 0
2.44651204355723 0.1959482751440847 0
2.443379541061075 0.1723776245183303 0
2.424512583804987 0.1869877357326475 0
2.462199544320984 0.1578546441252442 0
2.440231640111587 0.1487959290190868 0
2.459142108152967 0.1341430023530503 0
2.437084875966633 0.125174838442573 0
2.418227184016114 0.1397249482074966 0
2.415073661232352 0.1161299140911521 0
2.396256473675749 0.1306675676943016 0
2.416258598033056 0.4763327445861831 0
2.478944241294692 0.4802057882340361 0
2.424563647927377 0.7023998234833174 0
0.9585422832186776 0.1989387286827297 0
0.9783023180929107 0.1840456007005749 0
0.9555936881957223 0.1743568606491712 0
0.9752646834198155 0.1595282672429231 0
0.9526605077924453 0.1498823698505917 0
0.9722053315164647 0.1352895879172074 0
0.9948345981997511 0.1447375555959018 0
0.949623472890041 0.1257057062638777 0
1.830382658525874 0.4088017621358908 0
1.827392551062973 0.3853663050897476 0
1.131605586065329 0.2030792922839139 0
1.151077630635298 0.1883418852306404 0
1.128615697994037 0.1788556521392984 0
1.148024285754871 0.1641493460244156 0
1.125618180852462 0.1546805608397249 0
1.144975536725788 0.1400197108276615 0
1.167372447688085 0.1494481171141921 0
1.122591042388216 0.1305724405456831 0
1.164199920680857 0.1252900835541184 0
1.186648993636549 0.1347509625084912 0
1.103239839179293 0.1452186585470887 0
1.100235866747285 0.1210749007965075 0
1.624472321734081 0.7485929138002869 0
2.47483103839394 0.8809393624616292 0
2.412438816814473 0.6083600123837338 0
1.488804717498986 0.5135205704024212 0
2.95757687666693 0.4786617226026958 0
2.935487749096265 0.4694249194299728 0
1.29405266185508 0.7921505739517719 0
1.316372055939901 0.8014065307139085 0
1.297198726100725 0.8161190703535229 0
1.319486273315368 0.8253481684982085 0
1.300360878866663 0.8400153777802757 0
1.322614933143484 0.8492378796300254 0
1.30346411806047 0.8638487059672681 0
1.281248540220455 0.8546734363214333 0
1.325791977615608 0.8729551626540406 0
1.284349251227217 0.8784928094814075 0
1.262146144431434 0.8693310622061396 0
1.230088805572616 0.7884492752522423 0
0.9300823022055908 0.1402700423768468 0
0.9271423613921734 0.1159303768418015 0
0.9075826074454938 0.1305137593693724 0
1.124063100089545 0.7904489578577032 0
1.146578441084381 0.7996901880837867 0
1.127315355340742 0.8145530904759006 0
1.149777889791817 0.8237828098774409 0
1.130560306327828 0.8386100202326756 0
1.153052412196879 0.8478200895112247 0
1.133746948923181 0.8625526426944419 0
1.111398744699086 0.8534254775392511 0
1.156364316249797 0.8717286504423045 0
1.114565093688903 0.8773244673498417 0
1.092244002980272 0.8682148616255896 0
1.808589586803996 0.3996731575035729 0
1.805644793893624 0.3762939314814879 0
1.786787234292492 0.3905624651666385 0
1.783841732532264 0.3671622747960188 0
1.38464159265577 0.3543957157936173 0
1.017371048942094 0.7927564091824241 0
1.764960559729198 0.3814378895794032 0
1.22784167804522 0.2895093468046226 0
0.7815645197492291 0.1931930217205185 0
0.8019585164463165 0.1780314235460575 0
0.7787677231774128 0.1679020543760588 0
0.7989250723118342 0.1531857350626082 0
0.775988913456565 0.1428653199610822 0
0.796690487914133 0.1288715818227723 0
2.885928111793818 0.3555350803786875 0
1.995578877854708 0.4116164149098978 0
2.017350374700459 0.4207498814614807 0
1.007425465686743 0.7195980970932518 0
0.9905720067402164 0.2828162552473088 0
1.013520854334854 0.2925253986787015 0
0.9522969080813974 0.7894477770826031 0
3.417404455815862 0.5478995664413853 0
3.421865809544379 0.5810241148070087 0
3.451430194593687 0.5940100006533227 0
2.790752235071827 0.1132143017919056 0
0.8440737746119773 0.7924600432181569 0
0.8671031898642172 0.8017224198713548 0
0.8476200777883363 0.8170326371644338 0
0.8705449192026988 0.8262712686898188 0
0.851157538375187 0.8414938865187415 0
0.8739643494254441 0.8506863470710408 0
0.8546434617193661 0.8658517244573456 0
0.8318763245891139 0.8567492110862526 0
0.8774368245673825 0.8749572412191331 0
0.8967143558784378 0.8598772759304752 0
0.9001195910511028 0.884071724817031 0
0.9195492874705657 0.8689241313902404 0
0.8335058742873647 0.7180707027838705 0
2.960527457539924 0.1128083168927498 0
0.8100476521040534 0.7085820706831489 0
3.043114541173859 0.8806413491934065 0
3.020712207108925 0.8708938609318366 0
3.788019647268683 0.1453924499192734 0
3.817242172540751 0.1569737495700848 0
0.3061263655422932 0.6785535903974926 0
0.2743917160309075 0.6673923042519441 0
0.3009588703371662 0.6453805284850043 0
0.2682959056273075 0.6335397457281521 0
0.2413110820972681 0.6562367295869831 0
0.2343876700904912 0.6209169394959577 0
2.86254795352079 0.5510817879520803 0
0.7344664345585974 0.7962352075386028 0
0.6105404026082701 0.7236058001504968 0
3.423081935616314 0.2637816881904764 0
2.727383491215924 0.4721582013250071 0
0.6564178584216602 0.5984743162409117 0
0.8424010783524847 0.4015442409555827 0
0.8392562282190201 0.3757574740205085 0
0.8185180407648933 0.3911944863737647 0
0.8152804023572591 0.3653548971506942 0
0.7944065041701771 0.3809579191546309 0
3.240139411553675 0.6265950883728113 0
0.7732395177964544 0.1180840610439015 0
0.7530805389439132 0.1328028144861546 0
0.3068493311149267 0.1358345474717696 0
0.2811562460923516 0.1537484819394718 0
0.2840917876008584 0.186063018605263 0
0.2545164937419151 0.1723564920773462 0
0.2539905338491486 0.1356357338359414 0
0.2254883933371463 0.1578051980818195 0
1.183660054431632 0.110751849347755 0
1.205928337266724 0.120128075453778 0
2.455920598906213 0.1102835053455706 0
2.394373408673072 0.4671855353823741 0
2.413232151979369 0.4528057216007554 0
0.992774012499102 0.1208672587643999 0
0.7001390587253358 0.2815459434958715 0
3.658057365866776 0.6503660200311207 0
3.65505649820969 0.6134348505270559 0
3.688888690328349 0.6293657730590325 0
3.685629187977052 0.5913527908894313 0
3.720760220197104 0.6071264905348739 0
3.717411582516618 0.5679520742132964 0
3.754006297568115 0.5847280004303725 0
3.750331276838138 0.5441560380665558 0
3.714959179291151 0.5269662998590396 0
3.746532536842193 0.5024418361697046 0
3.62556978781134 0.6016616953727401 0
3.757611817751861 0.6252373593657079 0
3.791533969332737 0.6020719516942058 0
3.104010698741412 0.4669054521952662 0
3.1255901556223 0.4531115010594439 0
3.427314201336134 0.293659968036233 0
3.392383088181958 0.7184605199628328 0
3.167942335732852 0.8417781890568086 0
3.190853564844806 0.8517662674122786 0
3.193597226157503 0.8767125285776146 0
3.213868507862039 0.8618330572087444 0
3.188118036737558 0.8267410198708262 0
3.216633966243224 0.8868337702646309 0
3.237018527449997 0.8720284531961816 0
3.234184483596352 0.8468302402422964 0
3.257456706380409 0.8570452305032933 0
3.26021485735766 0.8823158037951289 0
3.280713976599765 0.8673483900554975 0
2.889047822334673 0.3794274148054825 0
3.099560150646628 0.358257673294016 0
0.7248807596548423 0.2921216134606771 0
3.483180501186612 0.1816950226006386 0
3.505333862252757 0.1634995566888575 0
3.501154017756415 0.1357597858880915 0
3.528042117387037 0.1457866953282754 0
2.854204099018741 0.1166646437615887 0
0.1639790286559224 0.8370379143562693 0
0.9936528352473266 0.3076244888244042 0
0.2953435732596856 0.61144680828885 0
0.327713867559392 0.6236577772916611 0
0.9046344735932323 0.1062625413511298 0
0.8353732893416776 0.8809920528125645 0
0.8126244491594912 0.8719300441458419 0
1.411754217687587 0.8856827714923798 0
3.291421419928181 0.675236387953517 0
1.163168875614041 0.2830512419313251 0
3.613478803392395 0.4021826536627815 0
1.22057766824847 0.7162075724155035 0
1.198060240186022 0.7068626820810273 0
1.314650833997111 0.6464707721023717 0
1.334024742197071 0.6316875939007669 0
2.32725372631967 0.7507065801340886 0
2.324245649431011 0.7272345128236837 0
3.822229811459955 0.1892871307775205 0
2.433917531965053 0.8855685015680709 0
2.412085590734958 0.8761317234877224 0
2.853444140662462 0.4800128824336274 0
0.1584769435481546 0.8062369674683031 0
3.817494928425268 0.8650491778002032 0
1.516240037066083 0.8841094697868419 0
1.710350819974527 0.2880461995178133 0
0.624963660899408 0.3766509563544964 0
0.6021422582474176 0.3936225966227616 0
0.598887743529076 0.3650824459379182 0
0.5757520119665993 0.3823064595660004 0
0.5724332500232201 0.3535004093991794 0
0.6848623277035921 0.637281538588922 0
2.705210038713314 0.8908969176929015 0
3.499852980163189 0.7934749429407899 0
3.476675841497435 0.8105027161590574 0
3.50228323316168 0.8219931987594129 0
3.479581245522976 0.8384039671165364 0
3.504729658325358 0.8499346290884792 0
3.482598076291211 0.8662147926360665 0
3.457181891954991 0.8540938745529494 0
3.507063525667395 0.8772482142376277 0
3.529556630431097 0.8614831916839735 0
2.55970110966261 0.1082015166809033 0
3.795920873131165 0.6444599641411851 0
2.727370007741725 0.1093853428165377 0
3.46005034882451 0.8814417512599211 0
3.43549258337562 0.8697445340504492 0
3.108077795215258 0.885882739808872 0
2.990931968746472 0.6262564376443149 0
3.013332150284709 0.6358268904405148 0
0.2229377805899042 0.1220925876119474 0
0.1968986292393886 0.1436938851077272 0
1.075763215521794 0.6413205794327111 0
2.393083250611546 0.1070364920662238 0
0.750262744502777 0.1079434493494482 0
0.7302561004221677 0.1225453780788163 0
1.668390889006106 0.766602966208817 0
2.884604273148438 0.5603163562278329 0
1.083253472228055 0.3629467223086098 0
1.824280055020893 0.3623438216898203 0
3.066850761862169 0.110464531278802 0
3.089497075733641 0.1196979787271424 0
0.8309999790263829 0.6923283957423264 0
3.447965122702057 0.117042004903755 0
2.611580066501804 0.6247144753436024 0
2.633490657156272 0.6341722486545043 0
2.588495996186898 0.611586260572925 0
0.5220442977720219 0.8843187613670734 0
0.4978619903681059 0.875367511733314 0
1.119500352640644 0.106354684167929 0
2.427579191401921 0.7259524825335497 0
2.446474298229864 0.7115591529197745 0
1.579421388102319 0.8878898645250187 0
1.617294138688151 0.8589604424762458 0
2.915806674316782 0.8924466230221152 0
0.8811943808604727 0.2841126932417823 0
0.548958449965864 0.370906583386584 0
0.1693720056361645 0.8676989044191272 0
0.1404166861582421 0.8575008376926657 0
3.339474109830525 0.2040025868182666 0
3.335390892761411 0.1769198560605795 0
0.5458720734672391 0.8931650035524801 0
0.2054616847818778 0.6453955897074234 0
0.1984422378847253 0.606621838355242 0
2.663982836288648 0.895653644909839 0
2.642011155882579 0.8861456577473448 0
3.532219347344029 0.8894549042124046 0
3.554123471567483 0.8740763798530213 0
3.844363017690557 0.8480662124448861 0
3.844148674670228 0.8156460959638431 0
3.845741296545246 0.8787673716192939 0
3.523744620109703 0.117658098453166 0
3.550174680847586 0.1275656661296971 0
2.305623752579418 0.7411665999108414 0
2.302456743835791 0.7180424773952706 0
2.511806796820291 0.6509177767070875 0
0.9227594030345303 0.8931537890632799 0
0.9422006708217063 0.8781102400876646 0
3.490850102919104 0.7050020320280594 0
2.218229232426103 0.3462084975520704 0
2.199517538280715 0.3605973789155543 0
2.202424107517766 0.3837529613306053 0
2.180894023152169 0.3751009297417413 0
2.18388740515021 0.3983555601926401 0
2.162233534080725 0.389536891217462 0
1.265287869833614 0.893196733334688 0
3.283273773061849 0.8925998540463399 0
3.303915426751538 0.8777155070507281 0
3.301327587209325 0.852227891584603 0
3.324822087897024 0.8626991597641152 0
3.327335757256928 0.8883148796378366 0
3.391667195490467 0.567630518753708 0
1.023197892824016 0.4081677701390734 0
0.756197328770857 0.4626174280306203 0
3.438461693209437 0.8966395918784217 0
0.9045243213329996 0.2940393396780246 0
3.040791333896865 0.4000926442822215 0
3.530187621548767 0.1736262784360177 0
2.428071554273771 0.8343668429011177 0
2.908166757446489 0.3648216012641046 0
1.778628121803613 0.6563929327186222 0
1.797473782923554 0.6420188779290121 0
1.794468101085361 0.618545263551837 0
1.816290653178665 0.6276796195158172 0
2.810420687311128 0.8919167986795224 0
1.052409709961046 0.6325043977482174 0
2.229064794612068 0.4652219095508733 0
1.688045249510751 0.5961435836792032 0
1.666086272866402 0.586955813527774 0
2.849391902519599 0.6800254747953816 0
2.165218758492121 0.4127748271478095 0
2.143429941065581 0.4037748227939458 0
1.601436094427966 0.897058825762858 0
1.194569823643004 0.5508316104616789 0
1.095468170547073 0.8921523563659983 0
1.073177356875851 0.8830621132017261 0
3.812460876514316 0.1259045924741009 0
3.841269243255769 0.1370959126936582 0
3.044265443593851 0.1012846236658066 0
1.118254560673104 0.9009732433894392 0
1.898367519643608 0.6135547200133654 0
0.3308565684208982 0.1183027407995242 0
1.243066632143537 0.8839965867917011 0
0.8161284432211451 0.8961350359808402 0
0.7933756629906952 0.8870706384017516 0
2.721629629491879 0.8529966438161377 0
2.140120515929819 0.3813500694043215 0
2.121586107757033 0.3949061483990541 0
1.819301001003601 0.651134802665394 0
3.41876884036339 0.1047620187160205 0
3.784068985251386 0.1141372829888847 0
2.53447312948572 0.6825790401310424 0
2.639259052412115 0.86237104778479 0
2.62004526251073 0.8766472324238924 0
2.80719963442944 0.4140266909505302 0
3.14811245712179 0.4634294310975058 0
3.144826766148472 0.4374482967676814 0
1.761357637271828 0.3563385285135094 0
1.743109114734226 0.3722693969150623 0
1.780792109638338 0.3426357413077742 0
3.092819264948977 0.1439495411508542 0
3.112240755587485 0.1289579471025382 0
3.108848457751674 0.1046336300466407 0
3.13164185957335 0.113815562221187 0
3.39608367604621 0.5999915819905288 0
2.175310797495599 0.348991405851466 0
2.910462710714453 0.3891626034180466 0
3.134991202223764 0.1382276048882305 0
3.154417224167164 0.1231060312830292 0
0.9453369462495682 0.9022372084973076 0
0.9644624426406982 0.8873288975165758 0
0.8850510658072999 0.1208590493040107 0
2.578633190129346 0.09363532294582277 0
0.1934767967482482 0.1136783934335863 0
0.1696679603906392 0.1310372900738697 0
0.1678127650759009 0.1026657430725881 0
0.1438119766145083 0.1185005024947733 0
0.1453400831933969 0.1483148710209988 0
0.1188119959491662 0.1343430141577495 0
0.2574934648904079 0.2056401380357662 0
3.023552542603013 0.8951606838511592 0
3.367019518744245 0.5874993202481865 0
2.580362773876241 0.4550953127898734 0
2.557731052608748 0.4460155983176016 0
2.414822662426775 0.8997565614933078 0
2.393010996931118 0.8903077189481859 0
2.390277835600394 0.866717726466646 0
3.792651890070542 0.8797265535216022 0
2.890340873851294 0.4043474186389938 0
3.641735528328184 0.8096280434695351 0
3.645451251140964 0.8404151425157165 0
2.832510120127226 0.902300020920296 0
2.934782696404007 0.8775314354066488 0
2.937755418432999 0.9017648625530246 0
2.931927638868669 0.8534237820988413 0
1.6494624032558 0.7813230662626157 0
1.671443799928353 0.790177979538638 0
1.080895548214973 0.1356959658769955 0
1.077876179979828 0.1116027083225152 0
1.337132114722393 0.6558274607859951 0
1.356475912865306 0.6410617996105845 0
2.391550927887802 0.4439314053550216 0
2.876424915455543 0.1257756836437891 0
2.879687765426202 0.1494625359185197 0
3.834430573193615 0.1076105783263409 0
3.863842056485719 0.1140522606486301 0
3.871551513415824 0.8625190469076972 0
2.992505343860489 0.3568697994921829 0
3.314387478657166 0.1931414880347935 0
3.310663065442401 0.1667813279351832 0
3.331343337313301 0.1504478565556012 0
3.306740257313939 0.1408314241110077 0
3.286256666140289 0.1568458571206016 0
3.282468751906578 0.1312931855926422 0
3.262189982897159 0.1471847171105183 0
3.258539471102617 0.1218745222501642 0
3.327261595180528 0.1245685772446602 0
2.746366720983344 0.4576844272529335 0
0.8962218384058929 0.6426911108825911 0
0.723290468984173 0.7206752476235762 0
3.279283386443754 0.1057959917609552 0
2.013933163386405 0.3983698919803849 0
2.036035569938709 0.4066413105943936 0
1.132597369022712 0.4075860141442313 0
1.152088027440737 0.3919325047517512 0
1.86797084116099 0.3801997811195512 0
2.931245437858427 0.2155095649868241 0
2.374255729824613 0.1215789292074793 0
2.377434771453145 0.1451460150282933 0
2.954546952987645 0.4548838124088477 0
2.865563542781326 0.5748193476778561 0
2.630727786441141 0.6104648663580413 0
2.652639834319104 0.6199237126402494 0
3.021278116296232 0.4149269638718099 0
1.353398153403538 0.616891967525134 0
1.375804173091417 0.6263341627244239 0
1.378899666288048 0.6504235695582892 0
1.398194367423795 0.6357145078256101 0
0.8726501668235229 0.6329242802187516 0
2.966661496046941 0.5498361351379654 0
0.9677143414159146 0.911528783053084 0
0.9868138178997239 0.8963357161199639 0
0.9835381082757007 0.8723979349354887 0
0.146057698441564 0.8869034800158664 0
0.1730811123327247 0.8952340999562411 0
0.7023206893375618 0.308511907575907 0
0.7895779474523843 0.8630112760705098 0
0.7704937512627188 0.8780912320601026 0
3.869317774004641 0.1473342554511622 0
0.8171625714263566 0.2797161663052565 0
1.548199223646333 0.8076852100024783 0
3.238658965476062 0.1379593600808194 0
3.236235309390771 0.112168462614374 0
2.87340425711776 0.1015027314995253 0
2.613154101086416 0.3544716639921445 0
2.593470067277936 0.3690735548508561 0
0.7911328539051312 0.3549611584106313 0
0.769997515305187 0.3708839123933402 0
1.069334631658407 0.8594534003505093 0
0.7938727987976821 0.10371844470562 0
2.553413093727352 0.2177052091003027 0
0.947195546816856 0.1017078099779901 0
1.272642436631408 0.6520922931456812 0
3.010444092537954 0.6116372312785709 0
3.03268851828018 0.621763928819269 0
3.035786734654175 0.6456431860392006 0
3.05529530836661 0.6314616780267571 0
3.784903387979229 0.5200378807910109 0
3.780210823022 0.477703190925396 0
3.741630781926693 0.4606976342685724 0
3.775010247670747 0.43558835861608 0
1.28754516908404 0.9022550651762531 0
2.481121505740591 0.1431114393666265 0
2.622799163773598 0.9004133602451078 0
2.600844424662455 0.8909215308491142 0
3.241968299672513 0.1630279399572455 0
0.8820949402969269 0.09662651844071912 0
2.780546896438402 0.5615424925225967 0
2.758040295607986 0.5782239214751016 0
0.3225546202830136 0.5895242518548295 0
0.355441622936187 0.6014076974246423 0
0.2897258778814495 0.5769334802887016 0
0.5455545011622618 0.3416173505637694 0
0.521739750134161 0.3593160432126068 0
0.9845680354876163 0.7101972080836098 0
0.838812925441272 0.905184994949242 0
1.114355874960786 0.7178085338575926 0
3.288438081572358 0.4026748431518128 0
0.927541797016755 0.3663729326651619 0
0.1182056692770421 0.8775001256388929 0
1.148912308684404 0.3672495143925795 0
1.171753874935951 0.3768625831669707 0
0.8065086355284166 0.6832600146610267 0
2.436661069358458 0.9092105137682482 0
3.045831838758002 0.9048756818603481 0
2.449491288715355 0.7351319776120043 0
2.468402496343018 0.7207298366651478 0
1.142904598960323 0.6436131792766734 0
1.160723301298367 0.6311008695841022 0
0.951684253392183 0.377378821384606 0
3.414682077412944 0.8857531361364687 0
2.979942449400694 0.09787620277125703 0
0.7272411682041846 0.09773997841890014 0
0.7073269879411943 0.1124668181793123 0
1.103118700916465 0.347938824136775 0
1.202783110423031 0.09596170663457604 0
1.225277127366693 0.105170568385752 0
1.228213285803728 0.1294218534953129 0
1.247573085023871 0.1144851401252137 0
1.25048033012064 0.1387567471980939 0
1.26969167634841 0.1241467062401619 0
1.267316383485179 0.09980904144009312 0
1.289162875479404 0.1094913545449117 0
1.291953260201196 0.133513114996707 0
1.311115254484237 0.1189416253429232 0
1.314143319705745 0.1428547400417992 0
1.333309598116524 0.1282741168589107 0
1.336353677009649 0.1521752144663489 0
1.355524584755071 0.1375932635929361 0
1.358568310562978 0.1614822615216527 0
1.377723174255121 0.1468966551939698 0
1.37468263614153 0.1230396052975433 0
1.396854792773525 0.1323312717607878 0
1.393829102512853 0.1085019045525342 0
1.415968758516719 0.1177845877896119 0
1.399908552572956 0.1561824578026526 0
1.371678581055284 0.0992010346325502 0
1.412947324458464 0.09398069424909339 0
1.435071767348824 0.1032632078950998 0
1.43810364623518 0.1270574826257757 0
1.457192149756893 0.1125390500707386 0
2.509942326664954 0.5600784562451977 0
2.491024644272145 0.5744909066387595 0
2.724339811044834 0.4484742189964847 0
0.2455993485355321 0.1101657651015655 0
3.149300826675283 0.666497320328499 0
3.873383325263159 0.8920870626952702 0
1.938620089174473 0.6089978181583544 0
1.957302182586393 0.5948744738009403 0
3.254443948005314 0.8322094216452934 0
3.151037507098287 0.0986967918758529 0
0.7741147669950665 0.9022454987593868 0
0.7515009422717815 0.8934026413419416 0
0.6054767691580007 0.8444048999337134 0
0.6093680357255591 0.8695490437047899 0
0.629163713607233 0.853568791960314 0
0.6332033823848278 0.8784781160305041 0
0.6526794159156935 0.8626404573077546 0
0.6567125658086184 0.8873084543536174 0
0.6138470619444589 0.8944472410564677 0
0.568867131981297 0.1728405552408239 0
0.5908362151835362 0.156796254814576 0
0.5662636158754191 0.1458949303102942 0
0.5876560808104552 0.1301771141551401 0
0.5636559424066565 0.1194597940907179 0
0.5846208935654285 0.104060455701769 0
0.6129490682144478 0.1416378583263426 0
1.076345676810428 0.906937926862888 0
1.813417993093879 0.6037482521407364 0
1.791489721198381 0.5949947236241242 0
2.896522632955414 0.9073175407122853 0
0.676075685988877 0.8715847449113436 0
0.6799473262411107 0.8961346511620198 0
1.460225093983242 0.1363198757564529 0
1.479298345473198 0.121796860234959 0
1.476267554855149 0.09802647314825552 0
1.498357958924023 0.1072851668721027 0
1.501682171593764 0.1311955950927363 0
1.520507053946388 0.1165210417538655 0
1.517426516841351 0.09279002161421956 0
1.539495490588682 0.1020490835631039 0
1.542543074861092 0.1257244121390939 0
1.561547082793404 0.1113040468473498 0
3.196489897123414 0.9015777443319746 0
3.219187561815905 0.9116233550050823 0
1.707407782838701 0.2643847515892656 0
0.1195002881330822 0.1657746468857346 0
1.175158929139297 0.4016417669562468 0
1.194631778660841 0.3864892195669934 0
1.564967098705691 0.135472028418762 0
1.583627617954518 0.1206307501640641 0
1.587355976370357 0.1447325753445995 0
1.605943943839859 0.1292026251479322 0
1.603437322754926 0.1054588639360062 0
1.609048353989312 0.1533226871388506 0
1.627897351353809 0.138201931052245 0
1.630642910044239 0.1623969679753783 0
1.991853777462265 0.3893518620855381 0
1.191492661450723 0.3619842469426326 0
1.214014155851493 0.3720741756729067 0
1.217327817082993 0.3960704438470876 0
1.236901433157024 0.3811767201627778 0
1.240062415246238 0.4055004499893237 0
1.259609153191919 0.3905787593101532 0
1.256277230743096 0.3667326454974285 0
1.279085475134894 0.375799237002202 0
1.282256936986359 0.4000090295913868 0
1.301706997595507 0.3851905473176095 0
1.304839994673435 0.4094287405366115 0
2.118148587031222 0.372354951385691 0
1.016239692338666 0.3165971678032004 0
3.094234511111022 0.5589137901363379 0
3.737771677378629 0.4209178444841929 0
3.769641356649966 0.3943578182894822 0
3.808246653444733 0.4105827623900048 0
3.802740663383703 0.3687141183835124 0
1.685025317399789 0.572527825989611 0
1.663056228842414 0.5633142570942478 0
1.567198476426228 0.7932288300161163 0
3.180302258328565 0.7272522072567039 0
1.395119443455218 0.6116438837325231 0
1.417502036582542 0.6210117545927354 0
2.788175096838836 0.8821258118314146 0
0.1178754450624566 0.1055925309840472 0
2.673377358304711 0.1774097014760025 0
1.414429914427721 0.5969685900625165 0
1.436790935908102 0.6063254905339546 0
1.433718106623289 0.5823000970359513 0
0.9554348898447831 0.4022558003617365 0
1.172397527665809 0.8329093257813522 0
2.780826388913917 0.3572659049079047 0
2.761055935477219 0.3722941471621141 0
2.851034978887383 0.09224114547021184 0
0.5606832673546323 0.09353148866261396 0
3.458783016500891 0.4018881029855319 0
1.574907811700524 0.5258865193062991 0
1.480047452267484 0.4405616167357805 0
1.88974631616988 0.3893188102252385 0
1.445199922488048 0.3348790865577514 0
2.758690614939967 0.3480200789368566 0
2.733659627085889 0.1569182623270702 0
2.785341964205677 0.8581494902444611 0
2.372530943605788 0.4580845995859128 0
2.355638670174003 0.2920893821278713 0
2.333749388808228 0.2830815398556388 0
2.352514291683595 0.2686275599088853 0
2.330636297691268 0.2595963948820471 0
2.349392658685768 0.2451645530397035 0
2.311875943332953 0.2740535814306182 0
2.327520049742964 0.2361325824805644 0
2.346269297964109 0.2217066621693378 0
2.324394497810633 0.212687963587649 0
1.540716629843208 0.2616034767157278 0
1.706980836125626 0.5817967496952257 0
1.372262345734713 0.2588526211491634 0
2.284431959199091 0.5768419120170898 0
2.265630681416705 0.5911593475047259 0
2.243845319606407 0.5820196235159854 0
2.246838177327874 0.6054695819333749 0
2.268624106157783 0.614595395299789 0
2.249829612888374 0.6288994512821346 0
2.228046186819904 0.619780110818139 0
2.231037997718282 0.6431977580638405 0
2.209265824965959 0.6340829622348891 0
2.271618739961962 0.63802728292306 0
2.21225673663627 0.6574934876092169 0
2.1904935940765 0.6483770204982864 0
2.234020651283041 0.6666107542482393 0
2.187500812116743 0.6249747940112398 0
2.16873439058016 0.6392607921042548 0
2.165743548083053 0.6158692481794035 0
2.146982755160047 0.6301511656656027 0
1.341736515691242 0.834594950075786 0
2.430572861211229 0.7494928138798137 0
2.250657669717012 0.4740719646739417 0
1.377539064591318 0.4648967341863518 0
2.603597928981006 0.9146753954596408 0
2.581651883334791 0.9051779865127745 0
2.578898316585621 0.881436339838902 0
2.559712701071821 0.8956872684838102 0
1.405547442286842 0.8381812762584102 0
1.004150274008892 0.6950169257279829 0
1.81158905657111 0.4230922418301093 0
2.171926241844301 0.6621568265814023 0
1.609196018587386 0.6301503630684383 0
2.410317921468407 0.4294304693005901 0
2.43211184490512 0.4384416529900111 0
2.655409658829619 0.643640351132697 0
2.674572709447792 0.6293818922338343 0
2.368156978761299 0.2307303142777662 0
1.308315444932985 0.09498707883758101 0
1.239809783661992 0.8601966021509773 0
0.539984100867575 0.1085528150760856 0
1.507949033875604 0.6561052341098114 0
2.677314160039667 0.6530750014372921 0
2.696477223356744 0.6387914556549377 0
2.699336429683167 0.6623073767556545 0
2.146508601446063 0.4271307261179927 0
2.280690156784367 0.7343532848205007 0
2.746210902484331 0.09495589960647588 0
1.049108886489893 0.6078796876423569 0
0.8223078329353788 0.1635680468707467 0
3.830704602736886 0.6197829760042057 0
3.834007789993215 0.6624688580543597 0
1.746107243862768 0.3957870672053915 0
3.545335519544921 0.1002197332928652 0
3.571500848156817 0.1094851777022952 0
3.576660916844519 0.1371697050041168 0
3.598198651118339 0.1186399720130491 0
0.8692131084077632 0.6075346250079221 0
0.8488331227537134 0.6231701271425943 0
3.534486958580905 0.2691641161472815 0
2.791152026910466 0.9062663485192499 0
1.724235335061328 0.3866242867324536 0
0.5023325523432909 0.9005834774963013 0
0.47796251625238 0.8915505422738959 0
0.4734893001757094 0.8665888612146062 0
0.4535063804100374 0.8827447065734682 0
2.957467729535233 0.08880696136835037 0
3.045541849935629 0.717893997361233 0
0.9032742875368465 0.9082390925293222 0
3.502671080562138 0.5211267788559411 0
3.506596342387845 0.5552201727421306 0
3.534498741460465 0.5347121686736016 0
0.7465232076766499 0.8699285338702034 0
0.1984071522279101 0.1769661873531299 0
3.459091967872227 0.9087010062020147 0
3.556913582229758 0.900532807825758 0
2.306784304854311 0.76760351212077 0
0.4579735407299588 0.9083555407232102 0
0.4327056825406477 0.9004264814817451 0
0.4288030182331437 0.8736917453651517 0
0.4086059872752559 0.8906493639395957 0
0.403995388676534 0.8643174494394072 0
0.383494133177706 0.8814834239824541 0
0.3787122712869573 0.8547423020375332 0
0.3577836910196863 0.8723249755133058 0
0.3626100436752606 0.8988037046106401 0
0.3370863254955108 0.8899869612767759 0
0.3527939153396864 0.8450093869666175 0
0.5855959566363695 0.7138673008093677 0
0.6066298071236509 0.6969729284051309 0
0.5813668575612723 0.6871846215512654 0
0.6026277961599191 0.669938926355692 0
0.5775721619800525 0.6599114294499256 0
2.411858602719983 0.09238718038071947 0
2.371790367019185 0.09888189388149715 0
3.515678480364476 0.6865295879241805 0
0.8847491148398194 0.3082030052366012 0
3.89222293022703 0.1276854600832396 0
0.4887004205851286 0.700442853661096 0
2.886824570175185 0.5841734765055656 0
3.15787152085093 0.1475889112737159 0
1.284646270265831 0.7201570178740548 0
0.5370181507023639 0.08318899071758912 0
0.5166170477380003 0.09794247949511248 0
2.371225786241117 0.8808691874867693 0
2.372989839538771 0.9035945578601927 0
2.368494087492595 0.8573150645909279 0
3.044004060669673 0.4240627446110661 0
2.429175084274386 0.4150310712940734 0
2.450980895476039 0.4240481674779094 0
2.448153801392143 0.400769442247092 0
2.46988391148883 0.4096800061958321 0
2.466859619753257 0.3861363938747526 0
2.488754538899482 0.3952486365986362 0
2.491770861053298 0.4188011092782927 0
2.510665329180758 0.4043769089655135 0
2.507637468596724 0.3808105133454919 0
3.168896662154885 0.4473507236712873 0
3.165333505902131 0.4211315399450292 0
2.386788657334318 0.3715429018894765 0
3.897712371366339 0.8761387546427152 0
3.898468721648124 0.9046198688931595 0
0.7041587996340706 0.08765428513544682 0
0.6843936376741757 0.1023459449032305 0
0.6853496397340586 0.1263173209638045 0
1.246185119641911 0.9078384161084094 0
1.223982771096837 0.8986449734916605 0
0.51038626033613 0.6826448674140977 0
0.4839595055317836 0.6724361045050413 0
0.5059469670889571 0.654921677666537 0
0.4792762553271541 0.6440489178744699 0
1.401276116962306 0.6597745945231631 0
3.551017901448544 0.8471680790622385 0
2.373090468651867 0.7913847931111677 0
1.216959903444478 0.6920663309434819 0
0.6992960115907891 0.711113640845548 0
2.723983955800702 0.085691011165131 0
0.6813187279479131 0.07781161890331911 0
0.6630260331627766 0.0925609829039224 0
1.250342291418967 0.2989450860201016 0
1.96006227898979 0.6179368926089177 0
1.979000885885128 0.6039398817375471 0
1.982232281761476 0.626110998461531 0
2.000782347207891 0.6130971292263568 0
0.1678424433156838 0.6319153892927152 0
0.1607982546824098 0.5911600419691404 0
0.192242786284893 0.5673105193370034 0
3.889454275915754 0.09993181101533499 0
1.72926206737892 0.2735462493442581 0
1.180011923528989 0.0861923390594056 0
0.6607439329088391 0.9117912052145629 0
3.063502114478889 0.08635917490769568 0
0.2882720818979485 0.2194550771231719 0
3.842217038768157 0.3847773303236039 0
3.835914400834719 0.3427424071764271 0
3.41707230709088 0.9114873328836903 0
1.582481824013757 0.9115438144244183 0
3.410966059648889 0.859221208304221 0
1.080695121951341 0.3389130589021036 0
2.556552327468264 0.08452726870969579 0
2.537623286020726 0.0990903061224 0
1.690286183352791 0.7757488946335521 0
3.520000703414424 0.09066286566621251 0
2.693736403536689 0.6151000101053091 0
2.715672820394083 0.6245425732508926 0
1.091673140635814 0.7084406460499204 0
2.529567933358762 0.389947973823408 0
2.526545082567567 0.366373070548722 0
1.721234646933226 0.3630912772622401 0
1.702339777294195 0.3774621081596316 0
3.362981009393252 0.5572948073160198 0
1.020072259534724 0.3832242013283226 0
1.55955098309362 0.08766132565971163 0
1.886750864484563 0.3659089280369347 0
1.90850948110586 0.3750148648582491 0
2.465377174560169 0.69714740434975 0
3.442905919725488 0.09035137845113572 0
0.644954906257905 0.3595555420994554 0
2.305656633635303 0.2271065485077597 0
2.099759014524806 0.3859251003039902 0
2.096655985174003 0.3625603454289639 0
3.590863277068162 0.08816670132385246 0
3.619334020627905 0.1001169726166045 0
3.624890541401895 0.1278164429932162 0
3.645141492808836 0.1086449479489821 0
3.651655997200469 0.1363953099292342 0
2.247850438599101 0.4509155603819397 0
2.269436606601994 0.4597671849895577 0
2.649870926883767 0.5962158165025833 0
1.732267722938344 0.2970303290806239 0
1.751114975344861 0.2826591178644388 0
3.560809388452443 0.2491690374018654 0
2.591675597237741 0.5496559882992069 0
2.867905339576869 0.5978811751331703 0
2.846513285504381 0.5889358682441979 0
3.352280248066469 0.1333870389803533 0
3.347550865700032 0.1081024228264365 0
2.030831792187937 0.3811574862933573 0
3.578751356848949 0.886008618552114 0
3.581572795456693 0.9121479510031971 0
2.617699273683705 0.4020721168078018 0
2.641279402789952 0.410939887912918 0
0.1235893914414854 0.9050317034293814 0
3.190066512487348 0.4312291703243387 0
3.186256556001993 0.404761123092183 0
3.161529595928018 0.3948287159541239 0
3.18232362740077 0.3783875889832586 0
3.207328404146153 0.3882381034830601 0
3.322193186676753 0.8369665342756015 0
0.6666038469478932 0.1913116528628965 0
0.51829667190463 0.32959502869609 0
0.4940449976669139 0.3475829657340828 0
1.693294776024724 0.7992124804392688 0
1.674424184027118 0.8140613308023227 0
0.7911933732917957 0.5532062891693066 0
0.6721691349101058 0.846888990562784 0
3.848821491185095 0.9088734558780723 0
3.643127251206093 0.3793447820453337 0
3.37110860985879 0.6191292179911501 0
3.342604417003279 0.6063849532645669 0
3.400964585321526 0.6344248032435944 0
2.954167015335921 0.8630411688722158 0
0.5692666789777285 0.324340584529739 0
3.603376399370557 0.8969250364085743 0
1.053624201546417 0.898275542905127 0
1.057270778682973 0.9218411669651301 0
0.3175744232701017 0.5546609910978593 0
0.1890452856348233 0.08666040200734154 0
3.487016418814234 0.6741505284879317 0
3.513010141552497 0.6551163043509673 0
1.324259878087361 0.3946026206539284 0
1.321156271484914 0.3703963205485891 0
1.327381374533875 0.4188294796262719 0
1.307957328888473 0.4336589523800441 0
0.8625463345696112 0.1111469493425656 0
0.8595315001371164 0.08698401742968553 0
0.8790563440237 0.07243040066248729 0
2.215244162143182 0.6809018883380583 0
0.1757713019177976 0.6719127078056351 0
0.5815058044841499 0.07854434380557551 0
1.029275522669995 0.6230948269679712 0
3.120488262030348 0.428256798216913 0
3.041043762300426 0.07722094831403681 0
2.102157325679423 0.409266513759609 0
0.1102218380363755 0.8501318341099999 0
2.355479045618117 0.1360694940828497 0
1.058282403989566 0.6551009853976809 0
2.963324069411146 0.2972686771766938 0
0.7563985896276364 0.9171796263382241 0
1.614240376629207 0.8353516034410859 0
1.838229106802475 0.6363258705855366 0
3.01775657932258 0.8464873353835674 0
1.058224043005626 0.1258273291756058 0
1.055544594542119 0.1020834058439179 0
1.074834529633213 0.0874884113948452 0
1.052557180117368 0.07811484320233836 0
3.54031517668363 0.07435140425890518 0
0.09327647188877108 0.1203028381231347 0
0.0931310257522433 0.09280547337270528 0
0.9902629430698238 0.9203795562186208 0
1.162130746569656 0.4671666371127138 0
0.9163984613787481 0.8445305615321703 0
1.339392843814482 0.1760774738108647 0
1.361623557338538 0.185385836770145 0
1.157592416535728 0.6065580662732175 0
2.743332226816761 0.4339943398533098 0
2.895509104124673 0.1110153336354839 0
2.893079240779104 0.08597520654765839 0
2.967154537659001 0.1607396675073631 0
2.575482513065919 0.0699542177735839 0
2.597570677112051 0.07906492381692343 0
0.1672821352797269 0.07633597904270373 0
3.646915508380666 0.4171867203879626 0
1.180537573521397 0.6159093277374961 0
1.220487773569018 0.420426438014905 0
0.6837241663842735 0.9205088094700948 0
1.294962907268156 0.1574436838039533 0
2.944421475826543 0.1518547525168537 0
0.7324348338774043 0.1469331906609609 0
1.366958943607674 0.5529897533224876 0
0.6276864045127819 0.6799761547817087 0
3.393829214665658 0.9009964150468455 0
1.189779060922951 0.158864073842233 0
2.365001637969017 0.2071393221952023 0
3.419365491409465 0.07740048917924636 0
0.3743207033525016 0.8271689847856218 0
2.768906770283878 0.896453472152583 0
2.771663817498604 0.9202836428333049 0
1.45604005098044 0.5916508715297745 0
1.452983574304491 0.5676424411534837 0
2.237005781765728 0.6900178459235756 0
2.705177297838214 0.1003435752818078 0
0.9102528702038559 0.1546659737347279 0
2.590268271719759 0.3455599521384566 0
1.389580831972217 0.8765881502718964 0
1.392699991059519 0.9002784258095613 0
1.414830410701329 0.9094710731298921 0
1.083718365607552 0.1597072873782255 0
0.5986459070659105 0.6425569792068271 0
0.5730266522967575 0.6324313905818666 0
0.5944551808378014 0.6148630788026328 0
1.719062160979604 0.676009774010049 0
1.740941420892601 0.6851451442593535 0
1.545180930059299 0.7839246368763599 0
1.564180472613356 0.7695003136435397 0
2.565998582702185 0.1555545498463237 0
2.609978480248047 0.3308389196207827 0
2.617289049186058 0.8528845834580934 0
2.417547305509522 0.9234053565894116 0
2.143992814857719 0.6067668287515974 0
2.125237548512964 0.6210475515167755 0
2.321239136045818 0.7037617093816408 0
2.299381583985536 0.694528818883553 0
3.538388719583756 0.5692679158184429 0
2.277504985653291 0.3264178683743514 0
2.255668484314479 0.317404553564885 0
2.427666474116065 0.2104849666669408 0
1.64409614903397 0.577769866906265 0
1.641061949346337 0.5540966907044922 0
1.997783489613012 0.5897197242987142 0
2.019529105740073 0.5988126401425906 0
2.022893442838744 0.6213117727992172 0
2.041333877051617 0.6077570772306787 0
2.038285762224353 0.5845027894757044 0
2.060038055199377 0.5936105717839288 0
2.06301683402902 0.6169958689752155 0
3.535811545320787 0.9162740741521069 0
2.064007351458556 0.4623554583394912 0
1.939314424632189 0.4544838798663949 0
3.122566785524851 0.8222227291240959 0
1.840261183047624 0.6602786621161536 0
2.290422703031681 0.6237168826702129 0
2.930465811004165 0.3740160038366315 0
2.905107227754939 0.3410335724841241 0
0.5127006978173527 0.8337916002769115 0
1.025979324614503 0.5982434860586089 0
3.451098333881567 0.2745443828977676 0
3.455763704737452 0.304905370861938 0
3.431282093058436 0.3242043465520034 0
0.09759540501394581 0.8963874491609497 0
2.951327525075841 0.8390324794085813 0
2.543928346759313 0.1464395144850593 0
1.040039174354441 0.8020152573070236 0
1.019998855045392 0.817569801756983 0
3.058314486101174 0.6552963754380358 0
3.078241727531285 0.6404173173564957 0
0.8454031616602009 0.5975876429813599 0
0.8245279132534762 0.6135862142062394 0
0.5012072770351459 0.627019938860503 0
0.4743919794071796 0.6150731836597236 0
0.4513463009556355 0.6338072181867622 0
0.4459614757092918 0.6032095603646594 0
2.908799765659001 0.2062552141546956 0
0.7578553402142083 0.8054802743549001 0
3.8975978610279 0.8468434277519049 0
2.929126321596939 0.8293838051947213 0
2.534475201363758 0.07542076404550618 0
2.515570604692133 0.08993648936057141 0
0.821480486924691 0.4165606177134811 0
3.030586464952348 0.5986898129591939 0
1.939400530776538 0.6306139568137158 0
1.459129335354826 0.6156333376435702 0
1.604271748234054 0.9212234075737835 0
1.623388945038451 0.9063181370541856 0
0.7471007194498813 0.08293930275890926 0
3.819322098760697 0.495296861042154 0
3.026302641245311 0.9193015591105345 0
3.004075718034122 0.9096581985078718 0
0.4904909178030612 0.3172814315378903 0
0.4658347449178133 0.335635724566116 0
0.4622443471736302 0.3048267525649954 0
0.4371045751941651 0.323506894274038 0
0.756090431867924 0.6388942009830388 0
3.345871661935722 0.8505970022910565 0
1.221774490985578 0.08034985362372699 0
1.648623707929108 0.1481057437458582 0
1.652293347477074 0.1716559363954474 0
1.646388427801703 0.1245951960634975 0
1.82217755047414 0.6745725240445266 0
0.8195263090030016 0.9202587463616863 0
2.831396394023052 0.4707956459832642 0
2.850725432024079 0.4567164697901497 0
0.4334894084467205 0.2922929374149935 0
0.4077112204075481 0.3110816884688566 0
3.639831394714343 0.0829875760933535 0
3.664230358220419 0.09057202927797914 0
3.138290784977229 0.1628284832904864 0
1.276159966582184 0.3524809483234198 0
3.7975994311418 0.3272733632974886 0
3.829773121659738 0.3015767396675911 0
2.562465120576819 0.9194264147100873 0
2.540532977290116 0.9099405433826644 0
0.1371945849207115 0.4099267041023112 0
2.931384056399679 0.398492119177334 0
3.024289379700456 0.4391860861727575 0
0.9962398138522943 0.3316665633203593 0
0.9740914188420193 0.3216039614196359 0
2.625548316041592 0.924177150184692 0
2.504595722923051 0.3572174282661749 0
2.523504214203486 0.3427795269124148 0
2.471421434938474 0.744320447603485 0
2.49034893809082 0.7299061688685842 0
2.20502834021951 0.4071607755429915 0
0.8362292919773471 0.3498069217414838 0
0.5795140996992818 0.4101271182914769 0
1.432041448406894 0.07947285577973984 0
0.3425422559302373 0.9158901168549369 0
0.3172849758604106 0.9076440522099852 0
0.3114195101042236 0.881265128694761 0
0.2918272093829068 0.8999079963525243 0
1.905519067227421 0.351623235793204 0
1.927267684260784 0.3607250954404626 0
2.370511312635164 0.4346028200819036 0
2.350809648847721 0.4489282163889455 0
2.168098588088319 0.4358761266640553 0
0.4114986654419659 0.9171646009394994 0
0.2610711796131617 0.2397652551912222 0
0.2902326331281553 0.2526102064151503 0
2.712805087247531 0.6010750438249499 0
2.976813853770041 0.07391919661964658 0
0.9811603270198241 0.6855678990196594 0
0.7733872266644304 0.3962719662898905 0
0.7493792849267629 0.3856638094516329 0
3.799798693116536 0.6867968919856492 0
3.836877240394313 0.7046746560671355 0
0.7668263275401039 0.3446628464337369 0
1.195049375113712 0.6830047669955069 0
2.34946997440142 0.8714448556525445 0
2.346639201009359 0.84815981477115 0
1.227111013038692 0.9224708782410318 0
1.204940465610227 0.9133268429657792 0
1.249307428196938 0.9316691896120993 0
2.302616376905198 0.2037779702138836 0
2.321477233425144 0.1895198856516511 0
2.721291620625377 0.4247837599275641 0
2.702999412809731 0.4395083609062427 0
1.382009022492747 0.6744657183976748 0
3.157601259592117 0.3687636519153747 0
2.701659116517051 0.07738083437605781 0
3.203291685604997 0.361528863279006 0
1.626217253957114 0.9304633821584901 0
3.173802377957973 0.107962778440197 0
3.170412058015301 0.08363900465084018 0
1.409935735168259 0.07019292885818607 0
0.1159674114885654 0.07889545476514281 0
2.720986699650868 0.06159703407801265 0
3.147759983259299 0.07439980418434916 0
1.317802543423226 0.6706136330461696 0
1.208031022463289 0.9371072063119743 0
1.185888102175352 0.9279692590347219 0
1.230736894969784 0.3132737765176743 0
0.8422020786946476 0.9292610127738696 0
2.128224335314051 0.6444283149437743 0
0.5257403704307944 0.3879181745943594 0
0.305037339636377 0.10627747181392 0
0.3279347391395482 0.08959461238072186 0
0.3030339461210676 0.07911798985002994 0
0.4245120784942793 0.847544950070269 0
1.395782641659308 0.9240308439064906 0
1.373673028744821 0.9148503294686426 0
1.213244779844735 0.6691688284009816 0
3.924176552258118 0.860668822113428 0
0.7198014824783925 0.6952146495014176 0
3.606008818501206 0.9226887945332078 0
3.626797874706416 0.908207568583729 0
3.219259775389254 0.1537605069296986 0
3.222096243533553 0.1791767158465725 0
3.245622194169462 0.1885531909922712 0
3.048551942299632 0.9289566655066896 0
3.566950739695201 0.5485856786508644 0
0.1511005050539547 0.5483926005536957 0
0.5682399861936858 0.6048192515372913 0
0.2831631426676251 0.5399879293698493 0
1.10010456383196 0.32337325672126 0
3.076704547999654 0.6177273515283467 0
3.099152594188431 0.626401475658153 0
0.8760222702789657 0.6582460567723075 0
0.8992957977180405 0.6676327784267958 0
0.3668490607419812 0.9241625134455247 0
3.898696032433556 0.1586664579979509 0
3.92135264130886 0.1374023630506344 0
1.72627716557198 0.2500332756664003 0
0.3525354550797259 0.1013272484556555 0
2.783573449268868 0.5852777030930261 0
2.765435620257384 0.5970306226824207 0
0.469581116668915 0.3664328179663762 0
2.988284259403696 0.6024184430011033 0
3.460182652951219 0.3357343070644013 0
3.579080192332607 0.7754799033756814 0
2.621412785603675 0.4261444356380457 0
2.644699758395807 0.4345397431955189 0
2.577487000308456 0.4314597466579454 0
0.1022234644359776 0.9221905098827121 0
0.4224549908617741 0.6232409112846913 0
0.4148395577532378 0.591158733587715 0
0.3480029340728326 0.8172914711835441 0
0.3489855958439001 0.07516030949899694 0
0.3723389832058501 0.08612706109670698 0
0.5138515273767783 0.07278066942898331 0
0.4929203615387658 0.08704641099019694 0
0.0926883967597063 0.0671600456300292 0
0.1185828875818327 0.5763540137643606 0
1.698296314248277 0.3534364166944716 0
1.680132071961956 0.3684754401107998 0
1.417905112913892 0.9332337594877562 0
2.765355969865032 0.4432125500622347 0
3.672714077793202 0.8542561988105585 0
0.1273935871992478 0.9309906299744963 0
0.2978706013287205 0.9249839759020437 0
0.2734568741667611 0.9179809316745824 0
1.611581589320759 0.1769519850161048 0
0.3654590259298651 0.6382663757863019 0
2.512250576336789 0.5827280289652026 0
2.494247694023173 0.6010940531050435 0
2.472142003562265 0.5894034765080151 0
2.475124529716851 0.6124807823802184 0
3.735100438104733 0.3793022329672814 0
1.111413326749068 0.6937924761226052 0
2.793738964265244 0.9307448648958042 0
2.998653056470491 0.4318488651939234 0
2.927731278059708 0.6218506746366316 0
2.907534608438259 0.6361932985411638 0
2.910342533031782 0.6602001122599165 0
1.546453806103445 0.150466816359457 0
0.08081554317077067 0.2505345980461058 0
0.41158714257433 0.3431022179718141 0
0.9485763099492477 0.9263477167710494 0
2.217999919663598 0.7047832902986797 0
3.199240743229015 0.9260552730286745 0
3.221549009804639 0.9360481549585595 0
0.6049590748344089 0.08866925328834774 0
2.439403957474882 0.9328719568910775 0
0.6955331402728575 0.8558793777468898 0
1.861416510487173 0.6461891625744006 0
1.876337143306084 0.6051706236324654 0
1.873250892682482 0.5818847657732206 0
1.243205650638299 0.4298566067705303 0
1.810370058596413 0.5804795990018513 0
1.788612010370349 0.5712278648089247 0
1.330976450581979 0.4432500152990498 0
1.000842178625071 0.6703293626748932 0
3.61679339433775 0.8274115169079416 0
0.6019250721787155 0.06377906602622463 0
0.8648655839553214 0.1350064010229878 0
1.636306663213179 0.8442338945684513 0
0.6925121714724578 0.8303029397072774 0
3.396475085084718 0.9262598239752503 0
3.419134512614606 0.936428521390124 0
3.373246249970693 0.9151272765993201 0
3.320643556431513 0.2499889189832326 0
0.8793919729088322 0.6834771067399763 0
2.613647503533937 0.5588489624915682 0
0.7467779583364125 0.5886072289455246 0
3.323485652392544 0.09899588963237971 0
3.343305865095913 0.08304462889936887 0
3.319596781220769 0.07410677854549935 0
1.005930005368322 0.881373951929231 0
3.53084590272677 0.2366068612077106 0
1.682031669109013 0.548552314147452 0
2.887997109974283 0.6510075479932804 0
1.58619136816254 0.7787883260495168 0
0.6596153085985044 0.0678068295815365 0
2.932409791864451 0.4456414279194076 0
1.844100800736164 0.683675832181176 0
0.7734194339089544 0.5964433609409576 0
3.176701094205717 0.9162786104271464 0
0.6832296359179002 0.4558333011357611 0
3.630232581072471 0.1567185503327477 0
2.749587072563801 0.9106786437326794 0
1.201586424815037 0.8896704462392802 0
2.890931865338096 0.6746744741287075 0
0.6646561799144033 0.9359082489002928 0
1.079539140845251 0.9308396331387588 0
1.060522328541391 0.945534004714775 0
1.038336378626099 0.9365195408391023 0
2.714375359232058 0.3292070923687604 0
2.739898682831958 0.3626030230241589 0
1.033271138200307 0.09272767039627561 0
0.641933839593819 0.9273332873026975 0
0.3814680339054823 0.3304426240709841 0
0.3776304360965386 0.2977262075658369 0
0.3506731749981293 0.3175201872933452 0
3.262684593332041 0.9074001114531062 0
3.285557401088499 0.9175409220314095 0
2.682992222163337 0.09135733986655492 0
2.679489171470502 0.06841489321357352 0
2.660784004239765 0.08243364039371487 0
2.65769700014297 0.05851865829101632 0
2.667090045078671 0.1298891518440376 0
2.293416958409793 0.6472587813859447 0
0.9543302005428538 0.5701457431602134 0
0.9173507095114954 0.4580277853915228 0
0.7777830464484974 0.9263176155290689 0
3.028280770868781 0.3019760334525673 0
2.777949897022959 0.3334217038615577 0
3.068066759264164 0.9146098912880054 0
1.001085707184971 0.1937882535054314 0
0.7879717204725947 0.3287719743718532 0
1.095941534461039 0.4626426217943771 0
3.011344716804701 0.796658326140163 0
2.114610270887662 0.350386276218727 0
2.093309256751076 0.3384605549873704 0
2.074881079136715 0.3533052555948462 0
1.030315946844902 0.06873556919111468 0
1.049535086395041 0.05418760917634546 0
2.547083299127748 0.1701506568272089 0
1.223751618218266 0.4448224142427557 0
1.722076154314644 0.6995680608588568 0
1.743920335248146 0.7087397036384119 0
1.122906497895049 0.3329029620270769 0
1.305317622607897 0.5736282505766269 0
1.131673888473953 0.5720115720677629 0
2.239917386636856 0.7135063417397838 0
2.569159794461079 0.1793409813500061 0
2.149357832143285 0.4501872723939002 0
2.991559383309453 0.8112797973885378 0
2.992799530425153 0.1944558242495495 0
2.122248492503547 0.5976658076706903 0
2.358613685675594 0.159573518744457 0
2.337778591899557 0.1525073873524884 0
1.173611413872418 0.1978378434077274 0
2.380588134964565 0.1688166276688524 0
1.725029945022607 0.7232589170771573 0
3.346659717234385 0.6372419394639781 0
3.318825955202573 0.6245893398823442 0
3.31500827811398 0.5949889033045538 0
1.583143908737331 0.7550464735823257 0
1.561145984577882 0.7458101382257167 0
1.580115472953638 0.7313415496894022 0
1.481897958321452 0.7797308182377463 0
2.184512250861191 0.6015285657952769 0
2.787880932488738 0.6999945619910163 0
1.340268910119897 0.6799194728511873 0
2.946286450444296 0.60726556336212 0
0.8900285685373805 0.8110341700985794 0
2.821177108514834 0.8054508625178853 0
1.762794019206143 0.6942827957962294 0
1.765758359354116 0.717853698509237 0
1.784620110565409 0.7033899962346484 0
2.3182152891007 0.6801663253511756 0
1.911508075966659 0.3984123098868007 0
2.556962918396133 0.8719549153091439 0
2.274387310191494 0.3030025898499252 0
2.252555622174699 0.2939978050821304 0
0.9750775371749767 0.7987289598413743 0
0.9556341403202637 0.8138374607433039 0
0.9784265738508162 0.8230712785275024 0
3.022428739545353 0.7084179308298906 0
2.141003606378296 0.5833415869860543 0
1.639265505064613 0.8680840760078754 0
1.658242353773316 0.8533449755721771 0
1.217484215285837 0.5602923258118514 0
2.781157748261352 0.1991651353609943 0
1.704027139121632 0.2400823867858204 0
1.590974677973784 0.4874164487577647 0
3.193437828166721 0.4576058605958078 0
1.436947665510881 0.9186863909607594 0
2.387473949222682 0.8432654992866442 0
2.613329242652235 0.1975592407729513 0
2.816042538692993 0.303958796333457 0
1.260380557304815 0.2116360209781304 0
2.557321020651609 0.7170485553220236 0
3.462471946727857 0.6927507407322508 0
3.458427853130884 0.662024002686158 0
2.652957514825539 0.8004607168158195 0
1.895750290731625 0.4361782912914706 0
2.755760807348543 0.3241516891776861 0
2.106484156411689 0.6353256714602595 0
2.648018500999187 0.301609661076406 0
2.233848339852929 0.3083916625368758 0
2.23021287807081 0.2843619014395024 0
2.249703308574698 0.270932404735037 0
2.212453157932774 0.2992102770199384 0
2.547369398463573 0.6168424085309012 0
2.518746014565377 0.113673113448798 0
2.057029985623377 0.570231302820883 0
2.078784358240522 0.5793682460657871 0
2.196136564671166 0.6958519406538939 0
1.991819654724251 0.542903171593702 0
2.94392503975226 0.311954918540379 0
2.35364655419039 0.4724040973580128 0
2.331839920709274 0.4632905247736916 0
2.328775786513594 0.4397839954982888 0
2.576141001538268 0.8577017714639057 0
2.02035167620927 0.444147732880297 0
1.25245833207886 0.7977191250933191 0
2.641902919058774 0.7052500730431044 0
2.538696533068398 0.460507427326713 0
2.126194328552499 0.4418838533087184 0
2.200295937261952 0.5637366994589472 0
1.86428036625597 0.3531892294081501 0
1.039849544163165 0.3688886312800861 0
1.72726345721196 0.4101059313295714 0
1.104805685728519 0.8053209900226549 0
2.274565063974528 0.6615664364945921 0
2.935336001492525 0.6941480447688348 0
2.325061401062905 0.5716908386657985 0
3.057638843009397 0.1981507748864209 0
1.538361842362163 0.8932902546889121 0
1.519307188824644 0.9078290124038679 0
1.54143392839623 0.916980359186101 0
1.52244737374071 0.9315456370355918 0
1.500256446498997 0.9224204855626358 0
1.441140979204633 0.1508486811365414 0
1.463267128339016 0.1601129729477857 0
1.444195036304426 0.1746494052547972 0
2.84473604322061 0.2028496071283057 0
2.716219772018298 0.8052197837854047 0
1.421500587953107 0.7997357916782512 0
2.602741270708829 0.4652474478480027 0
2.53137913348477 0.2085948164823312 0
1.836357489545132 0.4556715623951911 0
2.531757298379234 0.5691018092059115 0
2.392655277809118 0.7779707539184619 0
1.50708364187205 0.8128676648500115 0
1.514492560186449 0.5454256814575055 0
1.769657496197712 0.5858511900222683 0
0.824562283353562 0.8078314924586949 0
1.029346949097777 0.4580675580007301 0
2.872481207696303 0.4656007849322391 0
2.312227583988676 0.6328633310870089 0
1.233268112815582 0.8124329943682178 0
1.210888288092135 0.8032035604509035 0
1.214073478315459 0.8271730483005373 0
2.458482851492507 0.918669027720047 0
2.461277595771072 0.9423489932789682 0
2.480329856435808 0.9282371161525511 0
1.430756866954737 0.5582722209885255 0
1.449949491288441 0.5436200137084237 0
1.23124086658027 0.1534246394310198 0
1.253655339337853 0.1629327546501084 0
1.10909676779185 0.1934890789834067 0
1.133880894341494 0.7028561218474461 0
2.905189594615147 0.5690034146597885 0
2.802574226969682 0.5707869362681686 0
2.711471564046803 0.1478139426074003 0
2.714650515241497 0.1715425972495399 0
2.736804230435026 0.1806839116436563 0
2.879715302501525 0.3077670014829401 0
1.359279244822459 0.3210438550769816 0
1.026971542863498 0.7044944235643655 0
1.239188730321299 0.7019069153843779 0
1.201246683314953 0.4356338027833481 0
1.035738153139637 0.3021318363094837 0
0.9357503931551046 0.189040350878427 0
1.20835296479338 0.3042308246927613 0
2.884874725835612 0.8103021341700074 0
0.1352951881858768 0.6593126399584079 0
0.1453901956676651 0.6991003841373289 0
3.401266976461399 0.4107940675797198 0
1.065544130573721 0.5679448890310239 0
0.07814673303196651 0.9137707428854506 0
0.07221000335693839 0.8881683285859078 0
2.525042340108341 0.1610295899472831 0
3.225099807375816 0.2042996603567522 0
3.870645893180656 0.637404990834361 0
3.867112258812732 0.5940958815054196 0
0.7433686271535149 0.7049769522860161 0
0.8622253713213701 0.2971825704219797 0
1.749127682329444 0.4192168243584636 0
0.9423535700312833 0.7162396751339588 0
0.7581717518894207 0.1825894826526834 0
3.06348065662568 0.4095856757599443 0
3.066476347112965 0.4340821777246673 0
1.475282776776178 0.5769865014692873 0
0.7381881045922754 0.8211340308266122 0
0.8859703727902111 0.5664946648994633 0
2.301866957075639 0.1807990530752219 0
3.09775321671595 0.3071236801904758 0
2.606469081981983 0.9388829861083187 0
0.8485992327827698 0.4529867754642937 0
3.165176415628445 0.8170406863059978 0
3.185479321353568 0.8017884515525976 0
2.948685670289863 0.8151623491099277 0
3.208566066784864 0.8116882380621953 0
3.205642985852828 0.7867223571601989 0
3.367067536569141 0.09192602160967683 0
3.36289810788406 0.06745745397081471 0
2.543204976648623 0.9335684148021752 0
3.228482324408438 0.3714212969980407 0
3.232135652693493 0.3977519766322909 0
1.683419137206996 0.3918200518713603 0
1.661446424222637 0.3827113959056412 0
1.658305453989825 0.3593814451513552 0
3.138458095443344 0.385097872173598 0
0.326532838994062 0.8353670030374402 0
3.137304321454443 0.5555144560774523 0
0.6783995745959834 0.297853106691745 0
3.298413371512544 0.8264727917346149 0
3.319539704647795 0.8109592972021797 0
0.7321948798637103 0.9083623585976577 0
0.4693582679481381 0.5846180657491886 0
2.954313191069895 0.06505327429361707 0
0.1863209048151524 0.5234168221862273 0
0.1424611908664744 0.5005504675002672 0
1.35052857576124 0.4288027055737013 0
1.344163681926122 0.3801576591819038 0
1.639537549567159 0.373439730240406 0
1.636475579147307 0.3498912828673749 0
1.61756327260118 0.3641833785506358 0
1.614507038136809 0.3406146221448333 0
1.595508837903397 0.3550549695878004 0
1.592481509270168 0.3313744209520336 0
1.573456718606371 0.3458443663109766 0
1.570600195659987 0.3219274093129765 0
1.551429070365675 0.336604591675964 0
1.554419941136116 0.3603646936130285 0
1.532311706666329 0.3511140758181738 0
1.535344684082383 0.3749080811021483 0
1.529303264106236 0.3273585547629009 0
1.510174796947231 0.3418468531717103 0
3.229662400176558 0.7985514353408418 0
0.6086584117948963 0.4496670296771306 0
1.011019760357095 0.08328169966021381 0
3.525885611231747 0.8057277793283194 0
2.512474311502708 0.06639832663756551 0
2.493516316559904 0.08083541269536476 0
3.265288326400455 0.93217504869409 0
2.394731066023006 0.8033249479722109 0
2.414468377409584 0.787572333810229 0
0.2857097828161201 0.8730724569251738 0
3.446095308266109 0.2452417435875047 0
2.332940685937723 0.1279039563299972 0
3.509639166454217 0.5888768789286949 0
3.54049189743398 0.6031006990251309 0
3.179857147695941 0.9398499234922029 0
3.157270767822309 0.9307548007381022 0
2.717525067730743 0.5575984442113693 0
3.868220620918263 0.316419804198963 0
3.860092793325058 0.2771921918838691 0
3.618178901184748 0.4399245300705137 0
3.652577016520486 0.4551517369300942 0
3.621754503373481 0.4763181045600208 0
3.433980692830656 0.6800904494796955 0
3.628907763965095 0.9329508794024317 0
3.649271455504661 0.9193514375675398 0
2.805638950248502 0.594508499292276 0
0.5348734383982401 0.05853907911261358 0
1.661008220438095 0.8769453930805237 0
0.2288333776343965 0.2257106976273924 0
3.658978417999142 0.06618461389703401 0
3.682672135477105 0.07338770937382777 0
3.688516310134082 0.09805095222326099 0
3.706816061624892 0.08066349499713144 0
0.9070562474269706 0.3178675309313919 0
0.8870166669014994 0.3335975839221916 0
0.9276831698253889 0.3035129461585154 0
3.160923075510268 0.1719271030965134 0
2.690902443726613 0.5915154122812307 0
3.287289302493402 0.941907631475107 0
3.307719569042179 0.9279805628972007 0
1.585556401733485 0.9351764141655948 0
2.97516449216553 0.4645799797830378 0
0.7609426310376068 0.9408239988583625 0
3.326989261929561 0.5064060992290595 0
1.925722273325364 0.3339083766854578 0
1.645424333638682 0.9145937387215187 0
3.193007169660438 0.09262262684700706 0
3.189773958150082 0.06863783790751765 0
3.21216827432169 0.07746013200084156 0
0.4951173960023452 0.1124253655866731 0
0.4720228826963573 0.1014745959263408 0
0.46968140922122 0.07617090051694925 0
0.4491188484892754 0.09028363469406409 0
0.08310421088628273 0.9379971097301548 0
0.2319641038405309 0.2595383443039995 0
3.467562910891462 0.09996439455624162 0
3.462665884443974 0.07445583504337538 0
3.182404040636746 0.7763677697660003 0
1.69525098972727 0.8224740613862224 0
3.562498623837691 0.514423048797905 0
0.5891030091394021 0.5838312026238688 0
1.754645162302842 0.3068317315635119 0
1.77354523793876 0.2926067968222504 0
2.549366041410729 0.3751125748208625 0
3.692516049503776 0.7004701705417539 0
3.72444907145179 0.7206945889688685 0
3.006927354216312 0.9335093349073993 0
2.984260491933308 0.9234960984332643 0
0.4475103594375618 0.06591698070978785 0
0.4255705515041539 0.07964779107425635 0
0.4266294412673335 0.1040757274575436 0
1.67224835188471 0.1537378682932094 0
1.674413243538088 0.1802383793033363 0
1.655417532579775 0.1951026864863081 0
3.370755488342002 0.889857661111246 0
3.39963490380071 0.1245498453294866 0
0.8294840267803822 0.665835708495534 0
0.8035092744417631 0.6573370792840828 0
0.7833105526421782 0.6734189616674128 0
1.404508516076402 0.6834916093483768 0
1.423625982698808 0.669070659737382 0
2.078778887670635 0.4005597874357254 0
3.101368317402581 0.6497353185776354 0
3.516511192083994 0.06560285766967322 0
3.535801280973148 0.04915621920794644 0
3.556845667458906 0.05821903235847681 0
3.847883741949781 0.4273482928470983 0
3.884014766786782 0.4008571290735631 0
1.321049582860702 0.6945618337980324 0
1.677671508178176 0.2047386658029916 0
1.696207786841375 0.1899543003499587 0
2.988760410558658 0.5590745398171999 0
0.3714023540414446 0.7977002875141698 0
0.7779627223364496 0.4468810146543586 0
0.7538174676107001 0.4365952532108227 0
0.4262887231258681 0.05639580989513771 0
2.501738048679641 0.3338659534272924 0
2.521055423710957 0.3187102993536417 0
2.542522362993977 0.3282559964313935 0
2.482748662511803 0.3481983040954211 0
2.752362966162101 0.9345168881708739 0
2.730330162783069 0.9249563330150102 0
2.663627060901435 0.4200201502119268 0
0.3476770650179755 0.9404655707107681 0
2.171306074110018 0.4838373169654657 0
0.6953273918233047 0.6861771109013346 0
0.6749859342761626 0.7016759983192937 0
2.98047380986477 0.8982489297275331 0
2.445469538612815 0.3770409994488076 0
2.594364477020032 0.05550544251328582 0
0.6876865913098333 0.1760851517214137 0
0.6635816026096379 0.1655643672796985 0
2.20891991599028 0.4556526307920148 0
0.8400212184398059 0.1015004430666375 0
0.837022779652234 0.07740101651170939 0
1.544518423647664 0.9406985177389394 0
3.291581516633591 0.6129010384060026 0
2.490994069213198 0.05793262097786339 0
2.471531283656898 0.0718828932894241 0
2.469025873439718 0.04455582642392586 0
2.449348189092227 0.06266843715566389 0
1.735375869329628 0.3205969005565654 0
3.474927162503769 0.2555200567052186 0
2.565209620510578 0.9431633153818502 0
3.658983156064436 0.1655952882202785 0
2.266534219084214 0.4360590935071195 0
2.245186375790961 0.4272309165514521 0
3.909924277821317 0.6098470510226697 0
1.506888256859543 0.3174732492880425 0
2.129395451198015 0.4646624656208881 0
3.382840543863371 0.5019838894381564 0
0.07095440955926891 0.07933808720295432 0
1.611470048129379 0.316198421600768 0
2.082727905192907 0.4479960202444727 0
2.871184446509596 0.4427400231896189 0
3.376194310082465 0.9397302551089117 0
3.353520712394094 0.9295096673575852 0
3.354000316440144 0.956842212775123 0
1.0081810375786 0.05981300189822591 0
0.9887844635452225 0.07383989818593456 0
0.54316372064211 0.161158399109226 0
2.762632472749819 0.4198862231640674 0
1.52618864396674 0.3029145470385765 0
1.311090172283924 0.4578984111061225 0
1.288419468586458 0.4487379475250071 0
1.005829584641015 0.6136627872499063 0
1.002681586828561 0.5886380193393945 0
3.651461302713724 0.9423555332021625 0
3.671212699296073 0.9300526971690799 0
3.669605830146962 0.9060330986326676 0
3.691597736448373 0.9170623697417155 0
3.692502976576236 0.9405672933693596 0
3.713667907972598 0.9280288884393622 0
3.712213801792581 0.8981101333834582 0
3.734467403580557 0.9141218326967344 0
3.73541379253138 0.9389021155850752 0
3.756279284616483 0.9266085222388316 0
3.121841000864223 0.6352920318594211 0
3.119148939879988 0.6128016338078908 0
0.6254511735731771 0.8282000530904354 0
0.346953132373488 0.2837900476635733 0
0.3201584945133615 0.3030657423195466 0
3.060576231289302 0.06285622702638871 0
3.08263672451405 0.07143504663286632 0
3.436060765763522 0.353927687181699 0
1.002685658531087 0.8574883195707104 0
1.025733410411332 0.8663113740349669 0
1.015143161523436 0.1301744903355274 0
1.01739767090958 0.1541715983728457 0
2.99808386318232 0.8609791492540817 0
0.6425610799895323 0.180674903752776 0
1.633223994396396 0.8207654733018797 0
2.934934087343696 0.08003904152276442 0
2.932004228646099 0.05602699230315417 0
0.6785006044790038 0.05382536570300872 0
0.6817742116818026 0.324711658430912 0
0.7053611200308294 0.3358470021575146 0
0.6579662366947967 0.3135331124139652 0
0.1865957846469237 0.06230122997071064 0
0.2086682221394711 0.07107699291889696 0
2.742358634050538 0.3865031219365027 0
3.712867227334889 0.105670842446452 0
3.731535069076732 0.08800232710145223 0
1.298624618374117 0.6852355098104916 0
3.700265704326897 0.05782252396092324 0
3.039484220723323 0.05477201410843863 0
2.96652259489257 0.321497069465316 0
1.766780485944842 0.562050509779332 0
2.846648022004186 0.6114097103683807 0
3.204817200808612 0.7626847788332385 0
2.594696445813937 0.5732878720137258 0
0.7123981460580895 0.186471228911547 0
0.7639696995000012 0.3187549160122023 0
1.197639241794489 0.5755724528814817 0
0.9999942280828868 0.3984058470050407 0
1.003114261995267 0.4233774550592628 0
0.5144472057243072 0.300545352824747 0
2.928131633077816 0.1912655723266412 0
0.9590628952140205 0.8381060758958496 0
2.109682041198986 0.6581968929051709 0
2.087768763716127 0.6495165196421228 0
2.131519080090814 0.6660936677524172 0
3.516242344095745 0.3609665604636924 0
1.487995958093656 0.3324741250000582 0
1.491164304512111 0.3561309769368241 0
1.596126719222886 0.692573243191974 0
1.711703577635741 0.7842913992805078 0
2.35289031004825 0.8079735229294701 0
2.332769939829495 0.7971262490353481 0
3.609776463196702 0.9456489488843756 0
0.8487919666986743 0.1986451363971233 0
0.8691832343672976 0.183855060202975 0
1.854449092397377 0.5966527574728951 0
1.851465847379834 0.5728239909918675 0
1.078065693518222 0.3156135274879362 0
2.74652001952217 0.8866312780919522 0
2.952786531873551 0.3832662451590887 0
2.955930749513866 0.4072417967443869 0
1.342441224668689 0.19998977181439 0
1.364685481073174 0.2093021798523234 0
1.383860902515237 0.1946969176846597 0
1.386925703675379 0.2186125502635593 0
1.406074715236155 0.203965867511462 0
1.320350543183682 0.1906558237546107 0
3.295477082560225 0.8003257634321426 0
0.7314722149955779 0.4519807886370633 0
0.7286791013007048 0.4250055041187462 0
3.070372949975259 0.9381047507191846 0
3.09012621603327 0.9242337684782205 0
3.050837451771352 0.9523262470271971 0
0.6682395352835679 0.8221098392415713 0
3.018900167188128 0.06836537139015575 0
0.861302158047097 0.9143120296887284 0
0.8643406042107598 0.9378027844272772 0
3.064821794324526 0.4781874343071578 0
0.9327759201914354 0.8046846766856592 0
0.8923807500509371 0.1937033092944516 0
1.174516316641784 0.5663644451889327 0
1.392065381084566 0.5875823317388444 0
1.709041248080817 0.761294326901788 0
1.729436024905689 0.7699613102215797 0
1.279515053667992 0.1966802376303359 0
2.950790787941594 0.2002373977711792 0
0.8026515590224488 0.4575571820007646 0
1.648067511777126 0.9383982361035581 0
0.06116904800302825 0.9305751241553369 0
1.234547972190345 0.1776511421427523 0
2.717800541880879 0.1953035894076949 0
2.554186979556484 0.8481399824307034 0
3.406884987501864 0.342194002570142 0
2.616511630227602 0.06449109090967181 0
2.719077279930014 0.377464739175034 0
2.586332255702428 0.3221581435737969 0
2.985844822208866 0.3066733868428933 0
3.874900690918719 0.1797515319852673 0
3.905239315479601 0.1914005710956111 0
3.694805361207532 0.1234997358312023 0
2.606685293580318 0.3071737042726367 0
1.036708899523564 0.3248349731588138 0
1.611229287638905 0.8117655302493364 0
1.700135557446057 0.6905066153193825 0
2.921457445592631 0.3025796184991651 0
1.376984435184338 0.9380193696647019 0
1.354656255426268 0.9292943036964322 0
0.8204917571445418 0.5879114510580138 0
1.119539027662813 0.3089711279867288 0
0.7613234887640841 0.8300781790304524 0
0.7811559616419332 0.8146114632357219 0
2.636502122668289 0.8385986314092019 0
2.614531992963773 0.8291216475293568 0
2.075781300294186 0.5559492091609914 0
2.374402972322454 0.2776408298669197 0
2.296227091839566 0.3120108510830754 0
2.386917048114994 0.2162683448212797 0
2.340050387336689 0.6893702822056396 0
2.060971797264509 0.438794348867034 0
1.042477681403309 0.8267040854005065 0
1.062531545069067 0.8113173447541862 0
2.665473315505467 0.4444101267809942 0
2.645467862726144 0.4596403800419269 0
2.686562048530706 0.4776252870540521 0
2.035292021810036 0.5611273765909144 0
2.288302251316507 0.4449717110839951 0
1.143501958358409 0.3186086490972584 0
2.25870384134307 0.6992801820644773 0
2.619656272569743 0.08817738895716348 0
1.747807948300399 0.5766844099429776 0
1.255695008164873 0.8216268723490378 0
2.272409723616844 0.4831357396848799 0
2.457026072181844 0.4710712336725683 0
1.870220980461774 0.5585082331737581 0
2.572737489815632 0.5640667448855059 0
2.309228857020078 0.6094154973900813 0
1.351475564418968 0.9057014490813884 0
1.332458886288937 0.9202189976500768 0
1.335903659853117 0.9431687744967356 0
1.313364116692936 0.934794915339111 0
1.622107752077214 0.568570094674772 0
1.619075873493026 0.544880149557838 0
1.63804923026402 0.5304147581105431 0
1.616060492507652 0.5211758400526698 0
1.22057239202557 0.5850709941522018 0
2.453195062560461 0.6033011713343585 0
2.450196241524877 0.5797925940805193 0
2.456226311812053 0.6268513230285402 0
2.475908629204479 0.4566563983284394 0
2.497835169452557 0.4658062638865914 0
2.390043575076803 0.2397592751822861 0
0.9777312166512231 0.6608520139168848 0
0.9606803855150012 0.674086220933463 0
2.658166516360126 0.6673784126722897 0
2.90557217648463 0.1822522309716888 0
2.886330696969438 0.197117204020404 0
2.513686622397786 0.427888524871695 0
0.9215902372391103 0.7053037333056855 0
2.521353025900832 0.9240012493798552 0
2.518626721754217 0.9003889050128107 0
2.913412651795497 0.4602145896244113 0
0.9970875444938727 0.3749293974707016 0
0.4583417660409395 0.2750159204451426 0
1.088282900774099 0.684835310563399 0
2.554722871142489 0.422467809728088 0
2.57373112623157 0.4078554646429082 0
1.625141884010274 0.592225813076414 0
3.074904822461995 0.5732374352543003 0
3.051348931091057 0.5625955165168225 0
3.55728832984242 0.216521573872725 0
3.586016246704535 0.2287722489591714 0
3.583302874956094 0.1963746087170318 0
2.284374812271993 0.2188212896236267 0
2.287021133709648 0.2416290524735237 0
2.261979020443551 0.2343622203003611 0
1.730193203081608 0.4334442239567476 0
1.17552336397135 0.6975650139629197 0
2.988127252324126 0.9465926661340138 0
2.964967217165399 0.9375717146798657 0
2.949857766194691 0.3596327763913918 0
2.926378206632026 0.8053703860051401 0
1.664563549677551 0.4060510633560891 0
1.069229246507965 0.6994891120825654 0
1.022521244900464 0.573489850367366 0
3.595799632881952 0.5273339331597351 0
1.598602417311917 0.3784063297651165 0
1.172318932593323 0.6743999414057938 0
0.4719480549073647 0.1274140404639764 0
0.1685505280487241 0.05292141191239474 0
0.3705425468629666 0.06035508581254945 0
2.500683226171913 0.3089654177269187 0
2.407563307579996 0.3814095067206547 0
2.389004314347563 0.3959300064285347 0
2.368111484641668 0.3860393102769173 0
1.428888291100617 0.05599292836109576 0
1.450983993972136 0.06533077432422169 0
3.195435857696489 0.1175610101133122 0
0.6709106384840602 0.6756097341971266 0
3.484426915472069 0.3138042177205791 0
0.8414478993440051 0.5721695884625393 0
1.407214169987568 0.04688443035542827 0
1.388116850076441 0.06136292647588765 0
0.1475153186529992 0.1805263934817847 0
0.1209891525529407 0.1998639420105407 0
0.149723837165046 0.2158341541491264 0
0.3223851714691417 0.8066914930729467 0
3.038664787005832 0.6699524570151127 0
3.061704836104721 0.6789895281760543 0
1.34360712306821 0.7030732296656569 0
1.557467414561162 0.3838650837025016 0
1.538317820461937 0.3983874807486031 0
1.516234715470065 0.3894551605594642 0
1.519282512800565 0.413098080144447 0
1.496851817029071 0.4033003240219054 0
1.18927653641547 0.9510056982978464 0
1.167144561636796 0.9417098506205198 0
1.163662684371741 0.918742648449987 0
1.144701926553141 0.9332765062237636 0
1.427727379980857 0.6920304434362878 0
3.214519664576405 0.4388231641262076 0
3.880320777789252 0.2152505226879301 0
3.914037088683812 0.2251758041048034 0
0.5606870638976189 0.7039298316917748 0
3.634922622510512 0.0593815307563087 0
3.09145637817276 0.9466341427011731 0
3.113156165994518 0.9342904744931999 0
3.114283375405767 0.9589018947321126 0
0.467256262043092 0.05158227180199249 0
2.700492464966856 0.4157658879887415 0
3.541666998178358 0.6677717019851606 0
3.653930447400179 0.4915111894773508 0
0.3200821449512934 0.3377317446316138 0
1.72215276990527 0.2257932620320635 0
1.525255482988981 0.9550336360468427 0
3.142227107718154 0.1869225124235486 0
3.11878831284145 0.177593152143568 0
0.4621016673510598 0.6905735472849309 0
2.972462095342348 0.9606245792277353 0
1.439470966109397 0.9417255404688141 0
1.420993494350044 0.9569794062155766 0
1.458949009412844 0.9277881107908639 0
0.3107504087631354 0.5191238556328259 0
0.3440555542008994 0.5328987045373702 0
0.3470382373998258 0.05036980982084438 0
2.088141057073386 0.6718280656053948 0
2.071849026760749 0.3300001721894211 0
2.221213667755708 0.7277101387585067 0
2.240948543430152 0.7349069023635346 0
1.342106692703201 0.3571594634938259 0
1.319492230729242 0.3471992574397091 0
3.755600293123778 0.9024744502710971 0
3.724142937929944 0.6809701089810354 0
2.8293743298536 0.447412657140194 0
2.809539907894176 0.4616719720741361 0
1.745107819493845 0.2356930720985347 0
0.279327654036913 0.9410555386976609 0
0.2557910522149756 0.9348705346938702 0
0.2496642148257351 0.9112996145093109 0
0.232068724818558 0.9287090675006874 0
0.2252578748680678 0.9055153231451871 0
0.2063773930836108 0.9233690634657035 0
3.820828740086915 0.2619671591081149 0
1.209615461876897 0.3271262874730247 0
1.187361256232974 0.3168101639904383 0
1.787969663558993 0.7283364967313438 0
0.0905933651265054 0.1846426152974464 0
3.176102508112119 0.4975172001069426 0
2.524263453038431 0.9483034874392059 0
0.2136860298540721 0.9451723549283709 0
0.1894386991102444 0.9415291961602597 0
2.910258054770225 0.4364173001777211 0
2.328676194823641 0.8620288527575276 0
2.324744958687295 0.8364539389372225 0
0.1971707050487366 0.9625064457024641 0
3.737689954267209 0.1130840341558128 0
3.202687510464472 0.1932697012897844 0
0.5319772992102778 0.6658675916638834 0
2.067903322978016 0.6628475969360131 0
3.894794225007173 0.2894038188406358 0
1.385547813486074 0.6975069213024772 0
0.6877507378450447 0.9436781560265877 0
0.2560725501255945 0.5640446998826463 0
0.251889283054076 0.5290183687741248 0
1.185205375962191 0.6383705734336627 0
1.203141359805561 0.6256798100675098 0
2.967419201369599 0.5726115484228924 0
2.945419239410168 0.5630738922876958 0
3.806836451969201 0.7277317465053131 0
3.841416030726531 0.7442831889879172 0
3.873397923409508 0.7224947902695511 0
3.876282728673328 0.7618749195142225 0
3.912052846730141 0.7403848690153786 0
3.910785069544433 0.7861286896068065 0
3.287236772177144 0.5850660367986473 0
3.312235448139274 0.565036109275404 0
0.3953415530442754 0.8111962422057537 0
2.531024618249847 0.05126158782622947 0
0.3046884482192085 0.9470237451657204 0
3.209531884353838 0.05459601143339765 0
3.231272532456813 0.06268392595990346 0
1.824567005509049 0.6971080443477329 0
0.4054481894101156 0.06853669356627773 0
0.4067730400041432 0.04275064201321954 0
3.885092096396025 0.4386905979814432 0
0.578591069411039 0.05487966409473721 0
0.5955490116863691 0.04046460850594585 0
0.1989533336018401 0.2449561694191182 0
0.685136154055048 0.3517742273261141 0
0.7098060103571489 0.3613685141146734 0
0.1824178075007472 0.7099861552422666 0
0.1513492260069231 0.7366304491991578 0
0.1158042070179925 0.7261142958748844 0
0.122324832991664 0.7634920067926902 0
0.08695712691000757 0.7535334813025287 0
0.0922516047995694 0.7904517140028395 0
1.948552387818892 0.3473563450960225 0
1.949434722451879 0.3699756250088522 0
1.968529426439439 0.3565174879986031 0
0.5465818488923802 0.6224616520104755 0
0.5435054442000578 0.5928234255059907 0
0.618980219695056 0.6253366734858674 0
2.419627161386954 0.9462139111614413 0
2.398470852687831 0.9375468907335486 0
3.469433722016059 0.2251361000100449 0
0.07135294685735971 0.05590640440088501 0
2.329110872075955 0.8839540548772913 0
0.7398965476208965 0.680047363807316 0
1.768568014802621 0.2685611396131145 0
0.9311991145147487 0.3288355199201246 0
0.8233011311770895 0.9431012947483736 0
3.924411336422239 0.8240662537037068 0
2.478136568096705 0.6360582302730018 0
2.459235214425927 0.650333355183045 0
2.481151385167622 0.6596406813617226 0
0.4303967572924827 0.2626594646005479 0
0.3174347306057725 0.2318545445798137 0
3.079259414386881 0.04762254015716683 0
3.101675209205616 0.0574055808717181 0
0.4292353535734523 0.6523211443849319 0
0.05179241426619097 0.0660848870431634 0
2.97383885668861 0.05185565603585718 0
3.252027991418288 0.3800824843794116 0
1.252377227485347 0.3217423647267333 0
1.272646677278988 0.3071566561494861 0
2.052548611217441 0.3468873780174849 0
3.178946268828309 0.1575682161156799 0
0.5122623681311791 0.04856537153003038 0
0.5267479411859912 0.03684891321517914 0
0.2052079431326299 0.04709053368197219 0
0.2272164447713894 0.0569203471933159 0
3.625170754420637 0.8825044998713065 0
0.7845950734028979 0.3033103991065069 0
0.8087704037113257 0.313764692471919 0
0.1140245565042262 0.0550038260922 0
3.777034789735522 0.9150967939393966 0
3.778112476336009 0.9382757611288246 0
3.799907210273938 0.9273436767900538 0
3.79950712290844 0.9502816215132156 0
3.820374686671332 0.9392322054359608 0
3.905392916608772 0.5631324067220853 0
2.492529058971826 0.7525229504967645 0
2.4734871198033 0.7666711942856663 0
2.509961137607568 0.7381891673640901 0
2.509123869000039 0.7155650144974106 0
2.208929242816048 0.2759973759769038 0
2.482481142609727 0.9521788068115224 0
2.463727115302338 0.9625881735201862 0
0.9739300278715728 0.3426954419426078 0
3.82447541179129 0.5398951501507174 0
3.862561682462404 0.5111325868019293 0
1.460834660612518 0.9551955759469239 0
3.081452998689643 0.4200389726428795 0
0.6241763573599246 0.07330894611807426 0
0.6272445043856294 0.09940960426656309 0
0.2796021099069148 0.09229201818890947 0
0.2815854187539348 0.06572386057164392 0
0.3008197889606619 0.05403975683685625 0
2.628958963353774 0.9465387091313507 0
2.647616929957838 0.9334476032404007 0
2.650163499079437 0.9570441653708941 0
2.669473381806412 0.9431808108778168 0
3.67469992649932 0.3928858495248944 0
3.669377620135788 0.3543428522819592 0
0.7059068353190554 0.9304866404115779 0
0.9860073214109657 0.05196410634054949 0
0.966354059667174 0.06428783966551155 0
2.732378835830519 0.9478018685257414 0
2.710856573620976 0.9388651109259243 0
3.10179680713876 0.3801669550626874 0
2.569871657470171 0.04278038459171579 0
0.7084981880566914 0.9529761371104621 0
1.789197879997918 0.2785232038467748 0
1.793967058263678 0.3034158568344348 0
2.926093956707505 0.5993902753452157 0
1.130539521123459 0.6790908478955471 0
3.944360090632286 0.759850631137063 0
3.333763559722862 0.9440386854550609 0
2.574678993207611 0.589016520892065 0
2.886951976642404 0.6059595658584702 0
3.497015755464927 0.0771981542131947 0
3.493871886044183 0.05513660654306068 0
2.590957154373359 0.03542847187835735 0
3.204073604054062 0.2196716552201364 0
3.249725492591714 0.2127896232392016 0
3.269817309325143 0.1980601818517659 0
3.273546099669037 0.2241560899010193 0
3.134060086188221 0.3590465201651079 0
3.153836562431898 0.3428608595944874 0
3.130221561540663 0.3333656219453319 0
3.149052799705957 0.317945246045875 0
2.779540883047623 0.6283657042079208 0
2.759873121986159 0.6430728328161259 0
2.76304535323103 0.6665658542339103 0
2.740716515010973 0.6572587815372359 0
2.743795173601075 0.6808779867527032 0
3.319656258690217 0.6552064187759027 0
3.411904949197027 0.3749902284840324 0
3.553732855742377 0.03417555287812213 0
2.820835721461265 0.6234955477271648 0
3.09708403861936 0.5824986784175785 0
3.22786837282809 0.3458012680511475 0
3.200019417627263 0.3338503854728373 0
3.654186643503118 0.04255667106124156 0
3.142404409891078 0.619895213080623 0
0.1350220302914451 0.06271842412362716 0
0.1320714454418206 0.04075037641124452 0
0.6582211535709808 0.04449714687883216 0
3.386395006234325 0.07604875145833712 0
3.380957314038497 0.05375743212522099 0
3.92910080649463 0.4186628337280154 0
0.7444095052517565 0.3338551121769386 0
2.733429960024978 0.6105558197713047 0
2.731623335254581 0.5852736314992465 0
0.3699589666106851 0.9496094550715153 0
3.043260858521033 0.468972800450951 0
3.606614364839431 0.7946195901568129 0
3.591902515210158 0.8193837720010964 0
3.596562350598013 0.8446759840159228 0
1.010925756579004 0.6378689762230738 0
2.630106101851036 0.5866632743615836 0
2.649569777090376 0.5723780850696809 0
3.264464455907613 0.6015845716187191 0
3.260210702847933 0.5750326518966585 0
1.903329424991322 0.3307235950650461 0
0.7585639508922963 0.2923210124177451 0
3.125604220500779 0.307970524568902 0
2.973645806645952 0.4403226306822385 0
3.005953642309388 0.4520138578965432 0
1.848022809288728 0.7067311472091056 0
1.040296284789489 0.960365409739147 0
1.018183421070897 0.9512524054081781 0
0.9995629369173806 0.9632604810022876 0
0.3771584614377397 0.2580745084189146 0
0.3923367541761511 0.780859690153177 0
0.2303757575404359 0.0788760644318266 0
3.807335633905859 0.09686619401434571 0
3.828889168138528 0.08056378348539117 0
3.80514367920063 0.07150975414606309 0
3.825916889525059 0.05695500505264806 0
3.848063008428969 0.06454604901641259 0
3.845153771272748 0.04219510775005841 0
3.866461292464143 0.05011175214758062 0
3.805481916966086 0.04398794437116244 0
3.784842629346071 0.06166357624729052 0
2.945707214072749 0.9564628483362372 0
0.6749172036172528 0.02931785375901697 0
3.707910949960167 0.4470956134802587 0
0.8559466136625244 0.7009350072912002 0
2.533624858076682 0.5940028473435359 0
0.2439555465489307 0.8866760868418608 0
3.821659522437323 0.8922784782665399 0
2.495965319014008 0.7758998135702448 0
0.400590315304334 0.6432217188145217 0
0.3359830787311162 0.5020912021447638 0
0.6450496212470946 0.955475269023114 0
0.6233505908426247 0.9428481063958489 0
2.507943379613219 0.6242553395588892 0
3.316825493396969 0.784706797204523 0
3.337148584035323 0.7942896616472778 0
2.531477846724694 0.7233172442919877 0
0.7809095126169434 0.9498108338010469 0
0.1521457694842929 0.9171487139082579 0
0.1504579032621924 0.9418292002863299 0
0.1303178430488439 0.9551111776276711 0
3.876142420554053 0.9191998798420031 0
3.899480915795998 0.9305053287677107 0
3.920659275118478 0.9170267473660965 0
3.921674841148964 0.9412146148730105 0
3.879208751231842 0.9443508161158385 0
3.941702328709861 0.9300035756603449 0
3.941861909989644 0.9054364636795138 0
3.913907212441929 0.6984194842351539 0
3.143298280983864 0.2922150014458377 0
0.7247583485523466 0.9430469271690531 0
1.678375066368523 0.8627392206709118 0
0.2937092930072842 0.3191931164720291 0
0.1811065622929833 0.4751830366102384 0
2.417677348714258 0.8108448403138171 0
2.43657526902249 0.7964707141186912 0
0.2486995117758095 0.06466279216331539 0
2.190143747426299 0.2885362497430518 0
2.16379098682037 0.2893398845734106 0
2.174616705416084 0.3090490030837801 0
2.150165684371253 0.3088217159692903 0
3.820429807812138 0.962646900675692 0
3.840681829217373 0.9508951950208965 0
3.756957838536135 0.09531608474424913 0
3.748186156462322 0.06995432812831193 0
2.680287705923398 0.04312208516962435 0
2.655046687150435 0.03638886866930058 0
2.785036336519872 0.4287586079833763 0
0.1704465954810084 0.9578877342535628 0
0.4562017517193218 0.2441433518398954 0
2.264588413469727 0.4122056425676005 0
1.627484834364313 0.9578188480478456 0
1.652783093235299 0.9620488893536838 0
2.161211220818982 0.3279455900550765 0
2.138465360358911 0.3260084838096105 0
2.150269087228418 0.3456037791737095 0
0.3894245631148516 0.9332346779021319 0
0.3925086978531069 0.9571881640984896 0
3.357192865847564 0.0419660898537878 0
3.951213180804813 0.8430636821371698 0
0.7134148804740326 0.8132875691452243 0
0.7159086236307162 0.8390235345265867 0
2.539381911302226 0.304731152131838 0
0.2448219859912835 0.04053717705197191 0
1.766650964643139 0.7413183796518003 0
0.3846379560902653 0.3635840300267219 0
0.377872547297206 0.1118206749330827 0
0.721006389089754 0.8627585610667137 0
1.654972424736951 0.3350305150441102 0
2.570618274009632 0.3601635987440353 0
3.870262880283613 0.07232911747840748 0
3.887926265965008 0.0562691335621629 0
2.597681234147053 0.4168640737645106 0
3.429962420269445 0.649638580427543 0
3.405137303850835 0.6665243095327082 0
3.37301470658777 0.6559487327979158 0
3.384397017188346 0.6883760483579952 0
0.1428687456695819 0.08707666467990788 0
1.681461535329694 0.8854765507093436 0
1.214073711749604 0.962076372329007 0
2.054405965471422 0.3685832315672807 0
3.612566633395025 0.2079980054896799 0
0.0778000656775395 0.7168446012049885 0
3.465097211750127 0.3677712515297377 0
3.560068625101699 0.9264308564230914 0
3.538909558474387 0.9409403597466428 0
3.51588050784653 0.9321253411542091 0
3.560889736756803 0.9509813713611783 0
3.542105200378284 0.9620921805596125 0
1.659243176378954 0.2198011640183741 0
3.455202824025657 0.6285911522920948 0
2.106392121972083 0.4566103308998999 0
0.1223116618650422 0.2371326956226199 0
0.6397120968331262 0.1544841121495542 0
2.942561006556895 0.9285040666564008 0
2.924034385300788 0.9433678106312421 0
0.8545696406992775 0.6745917520393248 0
3.088802794122205 0.4436140137195769 0
3.9144538608096 0.1088120761281687 0
3.941139299628742 0.1168672048227097 0
3.932562855614534 0.09029491336529927 0
3.949733383468545 0.1450111722627456 0
1.700086407742845 0.2151001301968871 0
1.722561215852386 0.2001186444982485 0
1.71343501226218 0.178196037525779 0
1.758266108607055 0.3316319203532085 0
3.256796931251699 0.4088384397842291 0
0.4140717707807942 0.3777285250167677 0
1.062993499775547 0.9681238786238273 0
1.333987944113627 0.4678710401140395 0
3.961047316391241 0.2801023558955771 0
3.724544079907482 0.06414106225740313 0
3.741271371817077 0.0437719195405521 0
2.01303368229894 0.6806714700418164 0
2.030240613012112 0.6651098343473131 0
2.003158800193458 0.6583700484671836 0
1.987851870927043 0.3187138324117668 0
2.088127835634578 0.3101402746115436 0
1.912125093151948 0.6922130701078971 0
1.893427574531538 0.6767046328921117 0
1.920381613263595 0.6666399504942889 0
1.897735069582897 0.6538779136796582 0
2.133622036109628 0.7088795850894622 0
2.15501800214569 0.7183541529204813 0
2.152844342624765 0.6949412265469896 0
1.866883993118191 0.2909726970420997 0
1.871072073663549 0.315445646168041 0
1.84896154871239 0.3072910153618945 0
1.852951471867849 0.3305253429019475 0
1.833840017303035 0.3233852199083198 0
1.829152435603244 0.2986923694303932 0
2.012739292694242 0.3198480692393432 0
2.000229002233629 0.3407130205534541 0
2.028823526067923 0.3390453332972457 0
2.015382305669753 0.3611626808521585 0
1.93736489902958 0.6861785916733865 0
1.947983944012683 0.6640252746665412 0
1.972216551101515 0.662621943366175 0
2.234446162881395 0.7830085108538924 0
2.258041978088513 0.7783957894205985 0
2.274313649179251 0.7970388090209217 0
2.282160805081073 0.7740324222980267 0
2.29734570965125 0.7925983121711606 0
2.288772560512498 0.8175460505431827 0
2.267960547494468 0.7565234199165061 0
1.803329052387514 0.2496743029053041 0
2.201339088981971 0.7463897570797613 0
1.767647780730384 0.7841318903232541 0
3.798217054895815 0.9759663183513798 0
2.266134942901193 0.1773009402282847 0
1.733789447199582 0.8221237954300727 0
2.239822300259687 0.2179424171794596 0
2.277622818027533 0.1554799879914358 0
2.301941963455897 0.1556632057077407 0
1.987430235451273 0.6800781289225504 0
2.300379509332698 0.1108158515175255 0
1.722327102014691 0.8451198049002611 0
1.699382009479946 0.1104339527834909 0
1.676049838236441 0.1043997577434079 0
1.668870543358286 0.08134414015621971 0
1.681699370761738 0.1286423770814943 0
2.282662719180699 0.8435536085989975 0
2.303764498769116 0.8909048256991057 0
1.685258345201478 0.9384854982097584 0
2.315050991579556 0.06167171401604982 0
2.337888824448853 0.05299474794155068 0
2.333229549246871 0.07666956621182297 0
2.354786369093778 0.06623548631308424 0
2.360820855782605 0.04196352890534155 0
2.376315560203185 0.06124638689461515 0
2.33081117123402 0.1005778753053556 0
1.686396983360526 0.06232928521159342 0
1.663466015346475 0.0543236078312207 0
1.645790301906548 0.07120015054218232 0
1.640689781109965 0.04706588812827961 0
1.622954742283722 0.06430100579150672 0
1.627723210695885 0.08773633376254031 0
1.656782852084261 0.03045680056003125 0
2.313369706582239 0.9376467328729905 0
2.335819756398304 0.945922317182077 0
2.337706557975419 0.9684061201569887 0
2.358540369804685 0.9548115895524425 0
2.350223376799021 0.9325513296085066 0
2.973802835022855 0.8488443179274817 0
1.291864203935853 0.4738786675518096 0
1.484531143203267 0.3077604979109824 0
3.511541525266423 0.9064997902848595 0
3.493325520206314 0.9241806389008205 0
3.495590996904126 0.946643612452033 0
3.4742320975676 0.9416888412022428 0
1.604887037836785 0.08043493422416337 0
1.600035553906347 0.05745732877179821 0
1.582128350244589 0.07316759792981331 0
1.576741773491166 0.04885676974513486 0
0.3233349149286482 0.9320501163723305 0
1.868172161611818 0.68675383793169 0
1.763623768875772 0.2188687229795093 0
0.1982718500535585 0.877769842134406 0
1.937854409299607 0.3135999478731533 0
3.18712536767891 0.04242394617300205 0
0.7684437636260009 0.5716906011912801 0
0.04599469045266491 0.3767929615887387 0
0.0563498112934917 0.435255411843855 0
0.09846664745168243 0.4754309933773599 0
2.198214510840351 0.2514339083473573 0
0.9817619953316459 0.6045543608619353 0
0.5583944549900994 0.06879450038538026 0
2.239024731121159 0.2398298406855197 0
3.757450061812714 0.8716258124992601 0
3.439100489201224 0.06520694249954323 0
3.457093200350624 0.05118191159600638 0
3.417626128884872 0.05468017278553416 0
0.04807072862739936 0.7441898170303027 0
3.583135963200335 0.9401188189243534 0
0.8789722174697552 0.7104325201813391 0
3.614780544627784 0.07433586856464441 0
3.610904569871384 0.05027864974086349 0
3.596137668669956 0.06417865605357442 0
1.016049635244447 0.9273407031556173 0
0.9796446489491877 0.413392091534939 0
0.9829264031984435 0.4384862878586717 0
0.9592148297149379 0.4282353292233899 0
0.7990983995077261 0.6047293770239932 0
0.1073028106067291 0.9451071434455119 0
0.08783254159221698 0.9624716651237731 0
3.310446082348824 0.9535697690927137 0
0.03120438075002818 0.8433053716604926 0
0.06400203787177228 0.822437075793103 0
2.91259053488014 0.07103977094357461 0
2.909979471699455 0.04655175585237986 0
2.932048924417852 0.03325987889199283 0
2.890955870899325 0.06118466439411036 0
2.87008953656037 0.07688728761227603 0
2.847218320120979 0.06847133776894626 0
2.828423558877015 0.08377968789192852 0
2.824527945448092 0.06016137055886517 0
2.80605595536956 0.07523446192536254 0
2.802164205816141 0.05173633482134349 0
2.783766659962707 0.06675612829597249 0
2.864844551557673 0.05194863999320376 0
0.6624307739642139 0.1404192458503125 0
2.914953692864584 0.09590720292040567 0
2.91804962181531 0.1197528418328189 0
0.02613924810669976 0.1566957803421383 0
3.398788652044426 0.9487431798383039 0
3.419363385491414 0.9602944373871748 0
3.437501975505899 0.9489602770840055 0
3.921077755958481 0.369608504972929 0
3.598840798514037 0.5626910865886299 0
3.625514091050712 0.5458918594405875 0
3.956788390460237 0.2318255602955102 0
0.9348592124514432 0.4171574403149734 0
2.329944839782378 0.924563287761498 0
0.6894667862249706 0.8047333761742033 0
1.466474938032247 0.1841106126222175 0
1.485402652728774 0.1693816257983432 0
1.447495313658925 0.1987560136304171 0
1.468587906013843 0.3462284301260802 0
0.07002194349742363 0.106488233274214 0
0.0689891188750511 0.1344180584522953 0
0.04595848569069672 0.1165284252441537 0
2.562750171524336 0.3134446154422585 0
3.70409017702229 0.8423683072992297 0
3.696355561516148 0.8730338135028617 0
0.2033920580148487 0.315889986144874 0
0.2823405897891882 0.1218432411714157 0
1.246382770772341 0.4543356414092189 0
0.6370968481160122 0.1285219376345466 0
0.8268603547053985 0.6398661585408458 0
1.807514280169731 0.5564412156937147 0
1.227348596771834 0.4701692505242131 0
3.160072441200309 0.9564429716747984 0
1.028927739090271 0.8903657653612509 0
1.149169559988279 0.9598732019842819 0
1.125755337784353 0.9486633640990693 0
1.127108249187093 0.9726941243210937 0
1.744781870598442 0.5531049949917762 0
1.879621749357037 0.6274038837007733 0
0.8023829672515841 0.6306891744989889 0
3.866322176131799 0.02429588546481537 0
1.409529563050974 0.2283597675392835 0
3.136281177530449 0.9443779999642452 0
3.133549905366368 0.9203878167404103 0
1.80178548915965 0.7485660916526425 0
1.843558767651511 0.2793459206714728 0
3.909487070302218 0.08265204366924422 0
3.927665704898331 0.06507341676115214 0
3.952796964955694 0.07199415449212493 0
3.94406363599962 0.0451499195746014 0
3.921577587492119 0.04126498266245554 0
3.950492390827296 0.8743478867140801 0
0.4901724541728223 0.06281217472657286 0
0.9484101941485841 0.3499394071151992 0
0.3988331747855351 0.09322483603106835 0
0.2494450994159059 0.8362138677166954 0
0.6205720348788191 0.04493284419609311 0
0.7434861376745865 0.5620872516614714 0
3.543645048633383 0.3382434650444212 0
3.509666688240624 0.2913312558980519 0
3.05235606065832 0.5853044519785607 0
2.778650857197431 0.04005811227788431 0
2.761263591984926 0.05858757605848958 0
2.799957488758947 0.02734649414569867 0
3.563050947571505 0.08277528742882945 0
2.670531414823291 0.9662761362784357 0
0.9678390965244872 0.08760471679755077 0
1.919320041620405 0.6444466413298255 0
3.31760883829487 0.2213425603677406 0
1.367748728771966 0.2332313408069223 0
1.676571787855666 0.8380847416402848 0
3.971204277482285 0.1217046672660239 0
3.705788217524832 0.1756942601791971 0
3.675013513145561 0.1933227173186343 0
3.764713907856181 0.7123572018505633 0
3.749781131415607 0.7436776944415775 0
1.739013879891677 0.3457429759668544 0
1.716524155216878 0.335787213161186 0
1.694102114584175 0.3288110217189728 0
0.3229850128266472 0.06424419057963721 0
0.8174302654117205 0.09206666499361094 0
0.8145027665968017 0.06778591326121403 0
0.8356662683516807 0.054713385120644 0
0.8192902545683358 0.1157765498249259 0
2.989183254734762 0.331411615045373 0
3.483909225345423 0.8980585192556398 0
0.3336361964503736 0.6569665946174976 0
0.3623928810107913 0.6728752238832687 0
3.94184101287459 0.9520016269109561 0
3.961970806348655 0.9425581650295765 0
0.04466007331218846 0.6195417413008565 0
0.05676539053398422 0.5641833408907452 0
0.08737733970677231 0.6484960501851371 0
0.02408932898855221 0.9351840376666254 0
0.04416319329773222 0.9466183195279023 0
3.299808482060095 0.08985431584872361 0
3.296343384646264 0.06528183605238957 0
3.314463262223909 0.05238680657984585 0
0.0282719915055123 0.874526898770543 0
3.330164463901168 0.9172915892218516 0
2.266210552800417 0.822123795430072 0
0.2125302438711643 0.6826128242919933 0
0.2200122928087489 0.7226278111782365 0
2.242251389187442 0.4033791923387298 0
0.4108435813856137 0.9418359858625729 0
0.4336290715061879 0.9308549453343269 0
0.460313658129192 0.9353076810712653 0
0.4454956009466895 0.953595562296374 0
0.4709901801346079 0.9608061823767124 0
0.4868198567335327 0.9410452360991353 0
1.323658566696657 0.2149493857824642 0
0.2369737987808627 0.9557108223603255 0
0.2269027443297098 0.4976235360056426 0
2.054852219024637 0.3921876179942291 0
2.169766830712093 0.4595854392499206 0
1.630405522850609 0.7964036531396156 0
0.03825530557121537 0.2344078806438556 0
1.427803887580737 0.5339188336004007 0
1.544870249075826 0.9645489658996542 0
3.338349975359302 0.05964455076165226 0
3.22818053548084 0.03993575478199002 0
3.25028628275061 0.04681812709892225 0
3.253592538162593 0.0715068101831014 0
3.270721878573648 0.03320691056538716 0
3.273432156609964 0.05667682272604785 0
0.622450226741035 0.8016112880901214 0
3.977400591141203 0.06399850392442952 0
0.01854556129699381 0.06405947759300606 0
3.439430115561906 0.7108252701517725 0
2.868762035189226 0.6652110947468648 0
2.866244640791037 0.6420763854018602 0
0.7104981765254035 0.1615937571790059 0
1.42665545776298 0.03382560895785858 0
1.763824202987703 0.537977556526698 0
1.722885981659112 0.5431852091309824 0
0.05835066272763401 0.7812470069520865 0
3.713461052404877 0.9555133174299334 0
1.635028420953644 0.5067091506250869 0
3.014080319711637 0.8210926832939756 0
0.2587910500677013 0.4580641809525008 0
2.92478479451521 0.167434068987486 0
2.371224009883496 0.4095353007493996 0
1.605180460482643 0.7642486152701702 0
0.5194074039303818 0.1763345668202962 0
0.5188897960215466 0.1493614889901415 0
3.862149871827279 0.961647124952951 0
3.202062605325303 0.9501857015210649 0
3.223214005339834 0.9600448869493945 0
3.243709201609592 0.9460856859005512 0
3.24465276097318 0.9686440475798563 0
0.9783495272281582 0.5795847617558965 0
1.652749496047572 0.1007711961570955 0
3.294039524714759 0.4335508145649379 0
0.4156184506292939 0.1509954732068487 0
0.4455464564787857 0.1403234004374127 0
1.200557009109372 0.6005475265453125 0
3.018203775326919 0.04236446331528154 0
3.413268330603421 0.5155977470481212 0
3.791124576932099 0.2883290439864217 0
3.761321125601652 0.3134105078766404 0
3.754333688308235 0.2790153329857159 0
3.765795332448368 0.3530562101062114 0
3.73187178383186 0.3402892138681837 0
1.779122842584707 0.3194330252364994 0
1.800387090494925 0.330102267449291 0
1.594984327406932 0.03424194562437788 0
1.552906175496605 0.04098297459362715 0
2.103028420008077 0.4331803648279786 0
3.387153021219558 0.5359897791845815 0
3.354235181309139 0.5256044270179027 0
1.19032642016689 0.9760587890910243 0
3.494513207685042 0.1046071022144257 0
0.7007938967329737 0.06350241812692814 0
0.7239649762824838 0.07311269480099714 0
0.7440628630869925 0.05908049921997904 0
0.7667184782659784 0.06833778274632218 0
0.7208103107992683 0.04514816962806301 0
0.7660045874679673 0.04218145173376187 0
0.7897410911037315 0.05577268574571992 0
0.7912325661310531 0.07931382169049933 0
3.712946766370607 0.4862318519745446 0
1.65699951174761 0.5155716038803415 0
0.616357663809497 0.1683981419797343 0
1.022286706609214 0.8423291441489682 0
1.044814006597992 0.8513847254968007 0
2.401524833901705 0.9603908891585308 0
3.277268686032313 0.08022592523267791 0
0.8138105817778756 0.04142951954563179 0
1.257185926273195 0.1874134519993403 0
0.9017488935283193 0.3552456315123772 0
1.389283044546223 0.5629872602853436 0
0.4456496914323562 0.4289165332121052 0
0.4745553390804682 0.4134406396568964 0
0.5033003027363816 0.4279190130444722 0
2.110144812490769 0.479671151744601 0
2.335397436120444 0.01834539365482296 0
0.8460216835094918 0.1737865532480093 0
1.667092022130275 0.9237664967133576 0
3.270624269740247 0.4530844070083283 0
2.708147333085706 0.9151057920255092 0
3.607874976474134 0.1764975258476665 0
0.8002828081714075 0.9350078509767474 0
0.8048877786823296 0.9604592206699145 0
2.601271394268439 0.4410640544957357 0
2.623026085566874 0.4513542888434764 0
3.269784657293009 0.6321415567922579 0
3.248803291567848 0.6541213305850831 0
3.295376957534218 0.6422341126460143 0
1.55809561814809 0.7221110372456579 0
1.539067630839896 0.7365947731065757 0
3.303174687549573 0.1152232306983949 0
3.286695493247809 0.3718405347447346 0
1.036882858029456 0.1394232078161267 0
1.040605402016806 0.164198245693534 0
1.141030162481231 0.9098921436231324 0
0.4483097459498258 0.3917843895464054 0
3.297787854721713 0.2679719901354142 0
2.713119205872851 0.9612793743213959 0
3.404863289434116 0.1511862072295449 0
3.378965151830986 0.1413038334003792 0
3.3827850242825 0.1690849941084602 0
3.222778684383023 0.489989995146572 0
2.177022851894792 0.7094624341863708 0
1.681643420703973 0.229994712217911 0
1.62657151304229 0.1124713211119036 0
3.454013516476548 0.8270422201158552 0
3.450349031824308 0.7982690959384138 0
3.426543645990318 0.8142705366814964 0
1.636999394101282 0.2114236171247446 0
2.99940158275323 0.08302542939599389 0
3.531043837631524 0.203736848694567 0
3.501696792915165 0.2242857854285991 0
2.93784383114716 0.1040243467595466 0
0.6196642266505108 0.1955710013563131 0
1.177550443197089 0.5911608649979526 0
2.452621274261821 0.08651575222173657 0
2.996906829326791 0.05958108589372041 0
3.901995540232654 0.9571879835369697 0
2.115025450062128 0.3252514732344768 0
0.3842529818450888 0.3990764909761307 0
2.361828078222576 0.1834323939957928 0
2.594149165862195 0.3931076540266311 0
3.27585057791334 0.7462494852215577 0
3.252674509097033 0.7609360585664422 0
3.227592857592394 0.7487554167613135 0
3.277223412841034 0.7720732969181519 0
3.254729449296357 0.7868901084895242 0
3.226281016920634 0.7229808776763229 0
0.7807340142650696 0.6469845834172449 0
2.136765292111368 0.289480902546755 0
0.8837576728047678 0.9233742869553141 0
0.8859031365472572 0.9458051357891897 0
3.762305794664559 0.6707078534262029 0
0.06009737834071194 0.8612595269919103 0
2.383735453173839 0.1925742189186062 0
3.140852248648498 0.4112235826114771 0
0.6864390317149551 0.483215807532054 0
0.6799014254196694 0.4277675118726058 0
0.702401283278669 0.4121775363962247 0
3.160831979725228 0.5674597471447373 0
3.138137922183847 0.579827395276221 0
2.636349380660884 0.05101449023666038 0
0.3498436241619902 0.5675390588412684 0
0.3756018144835402 0.547299127247112 0
0.381806199805651 0.5802390190068744 0
0.4082683592543312 0.55983641650548 0
0.4397310607628824 0.5717567531158374 0
0.3900986187651749 0.6129224093174577 0
3.758598570747931 0.1315950864599056 0
0.5655421015943396 0.8768406559050894 0
0.5697894807233097 0.9018383397096776 0
0.5504952208157441 0.9179143508023833 0
0.5737734282399787 0.9263854690318811 0
0.5554364250348063 0.9427162115772744 0
0.5316582343976388 0.9337533892053616 0
0.5799709531920356 0.9522037815451152 0
0.5991802426977777 0.9350536644841049 0
0.5894209406338982 0.8857802923193981 0
3.289849669125512 0.9658072665987032 0
2.977147146039656 0.8735919305270171 0
2.717702444200537 0.3533602672030854 0
1.719831565385738 0.5188334423258419 0
1.700933037407663 0.5338201075571375 0
0.4050003146700476 0.1211096330899841 0
0.56052227816825 0.4822667541438828 0
0.5581061378972254 0.453485554742581 0
0.5312782200588591 0.4412832901549568 0
0.5469230290565825 0.5609229674306224 0
2.871812765359872 0.6893332004061427 0
2.893755736360747 0.6986022549001165 0
2.85209971371234 0.704185763417264 0
2.663954238995833 0.1062028573242135 0
3.478817389466083 0.5747446456392893 0
3.481459891007256 0.6086920495510763 0
3.426386281676927 0.6147094226662355 0
1.181839069799969 0.4512015374612316 0
1.159006531312383 0.4420851987006857 0
1.13919408226481 0.4575001408426255 0
1.135987149765744 0.4326832971199172 0
3.166965436026299 0.05967429096680776 0
3.143954423660809 0.05163621749007391 0
3.124800399880161 0.06571743465446866 0
3.120670341898275 0.04107712135592501 0
2.227848204838976 0.2587996754486676 0
3.08758475401129 0.9002197597224726 0
2.686117201715128 0.1151176084542472 0
3.282706681436199 0.3416729842159581 0
1.577125555888151 0.7073504687148636 0
1.599184464376186 0.7165158516591511 0
2.31521803932619 0.6565393688501839 0
0.9415556537452543 0.4684879713386955 0
0.8898059016951083 0.1691383115213804 0
1.727937765350558 0.7470482390964251 0
1.74707189323444 0.7560379784772384 0
0.3497614609021034 0.9644198536162808 0
3.677344484276633 0.04963581825650898 0
3.269709139308556 0.253799422942619 0
0.8458924934260148 0.9517162643997742 0
0.805718860625861 0.4839820807291819 0
3.87387277160481 0.7994460733426186 0
2.947605574174423 0.1760799225531895 0
0.7100862914288024 0.6464915725804028 0
0.5942061553228777 0.9104503974091381 0
0.4865638212742613 0.2879235714499069 0
1.141918242633785 0.296163744631769 0
2.19807590814911 0.7214577546431246 0
3.170845651788244 0.6498711605184164 0
0.7151233733166107 0.2124741281615975 0
1.191642861612994 0.8180219894945597 0
1.403369147320277 0.02206597385824732 0
2.692430740803443 0.1625432252237856 0
0.5962973745716422 0.5550031214716306 0
0.625403077345732 0.5627319037006343 0
0.4273340580468989 0.5130293153162019 0
3.256537427673924 0.09621301532233684 0
2.774817310721028 0.3095525731955719 0
2.573384669564687 0.8338964983648756 0
3.021851244493736 0.09219790935351513 0
3.031458798255263 0.3265659542438034 0
3.128166981330432 0.08960606355566092 0
3.758182105558276 0.954763963049634 0
1.223230023797624 0.6107252775415155 0
1.22644488965666 0.6344031547329146 0
1.250173695167677 0.6426889756205604 0
1.253932253349131 0.6656063222520476 0
1.613060070402313 0.4969866537776874 0
0.3870804089045037 0.9075830474699742 0
1.023938912177849 0.2035428618084129 0
1.043625411349226 0.1886857124599917 0
1.066569281072772 0.1984369493649127 0
1.063417239365856 0.174029373500989 0
0.4878846042649339 0.5372828068835905 0
3.239878336928974 0.8972873769454609 0
0.856942946242669 0.06317336868966394 0
0.8765425067940189 0.04823574329652847 0
0.8981942675124517 0.05776129227204391 0
0.8955844704610891 0.03407338546340055 0
1.194873347769682 0.8419532728940513 0
1.175573997145454 0.8568641554590841 0
1.179144829450705 0.8806526985580705 0
0.7654267663809509 0.5445570557972892 0
3.029119297996418 0.9429775699304956 0
3.030523567592196 0.9655987093160547 0
1.309932272821952 0.911282455282332 0
2.846012748308382 0.656566078333507 0
2.920223762931539 0.9184672403816508 0
2.899255962767572 0.9315982599837255 0
2.876856006326106 0.9220334792059257 0
2.900121347282636 0.9582082791844276 0
2.878940290539309 0.9450446944364168 0
2.857645699074816 0.9362013949150289 0
2.873864850060572 0.8973572023039046 0
2.960810438615544 0.9122897067534138 0
2.854352958551268 0.9124535237140627 0
2.835478757559632 0.9276072568456337 0
2.838537484536235 0.9518196682432083 0
2.81640572486287 0.9421388043718063 0
2.817438268850667 0.9656466682548922 0
1.447335862883143 0.519391520019455 0
1.469217878288078 0.5289713565268654 0
3.128850456147688 0.6823235096326755 0
0.05441526548677778 0.04149365923709908 0
1.481059170685752 0.9372862166813702 0
3.088752287819828 0.7125265376143554 0
3.085253223895771 0.6880124767543147 0
0.9059969866853521 0.9324330580492999 0
0.9084712202285381 0.9579133226828851 0
0.9282394118383417 0.9414505438014036 0
2.528210143565563 0.1848228729615602 0
2.753883996957123 0.9593810301252466 0
2.994767558069787 0.8362353272705352 0
3.202113443620714 0.7119610123668845 0
3.178569190698964 0.3519423397510045 0
1.451191460412723 0.2234355816794928 0
1.597066198421923 0.5354812096103538 0
2.739952419133898 0.204476051079597 0
0.6183766419674948 0.9188650921509272 0
0.6040747973534724 0.9586247086128646 0
0.5611847053636385 0.9723261420234387 0
2.998450955672185 0.4054829066460485 0
0.6455081424863964 0.5455176670030415 0
3.173782106103514 0.8916020114995213 0
1.155599917320935 0.4169457079183411 0
1.112806993978388 0.4228670650427915 0
1.145882725203281 0.3426694930990749 0
0.8121415329363069 0.3394202695036849 0
0.8310683585508096 0.3254308076819494 0
0.8577231484514645 0.3354444636878882 0
0.700860596761294 0.8794490985788361 0
3.025134849195924 0.2774881602626709 0
1.806396138230901 0.7125146512068645 0
1.478010766888177 0.9133317580911235 0
1.497092443728699 0.8986915894385586 0
2.303668496598865 0.8334367822782054 0
2.313806407759277 0.813979806879486 0
1.166692078944984 0.3295368935182484 0
0.5422319202963135 0.3122600773090319 0
0.56579179243809 0.2961588912738794 0
0.5919923181763846 0.3080978140564909 0
0.5868832207492227 0.2803197322797076 0
0.5366092462535448 0.2860206799794094 0
0.595609722565382 0.3363801103692496 0
0.6166616052694494 0.319636378595193 0
1.446551598413755 0.6772977098806046 0
1.442848113930352 0.6539319895394409 0
0.9194434678425243 0.6519858300090514 0
0.9205704563419586 0.6781793332697197 0
1.536094502441165 0.7123449614710018 0
2.408841945151659 0.2252599706357708 0
3.637617071255438 0.7756790844563339 0
1.803314173442973 0.6888361302653198 0
2.828550208741686 0.4237344094118758 0
2.849477037905545 0.4091547414257719 0
1.027144497986515 0.04511427953249658 0
1.045674807078637 0.03189255764071919 0
1.06882256890518 0.0396120031652053 0
0.8807560685381985 0.8991650376130264 0
0.7370161380304763 0.1975274362402475 0
3.206457604094985 0.3077291596630024 0
2.721488288721353 0.6716036989210108 0
2.724425052016842 0.6953208209374231 0
2.746531748709355 0.7048383958769203 0
1.217340830429213 0.8510670160460272 0
3.130723948899078 0.895872325095402 0
1.444382939141055 0.494661128129692 0
2.268201896321771 0.2559005092348774 0
1.196122918856817 0.2073240127125802 0
3.052836953750464 0.9776441622223879 0
1.208245040120904 0.48586072979927 0
2.783214670211711 0.4052834549285065 0
1.65551285940066 0.8287860855284527 0
1.099085559025361 0.4875531539752979 0
2.430512911861005 0.07735522380146426 0
2.426774179362305 0.05490383660427706 0
2.409837670436988 0.06838803721598241 0
2.406604089838557 0.04540777829561993 0
3.437845027698617 0.9226891513725324 0
2.584234178124862 0.298144499869071 0
0.7188505161292615 0.5500074294310999 0
2.296360013375801 0.6708210309155731 0
3.117894184332828 0.7725462113384309 0
3.140258132191821 0.7827414283696433 0
2.389789928481105 0.08061771568590476 0
2.535013663360127 0.8623090141681988 0
1.603094684608635 0.5829832167928455 0
3.103644625215535 0.2165793595001269 0
3.080419506885877 0.2073389078683571 0
2.138052363290659 0.5598072321022743 0
2.119280451043108 0.5741809755931151 0
0.8952335592887621 0.218590774463044 0
0.6199820016314592 0.3481794247229902 0
2.402436070064555 0.1779447837480158 0
1.970672761383007 0.3792421364948607 0
1.952067301338833 0.3933258966374008 0
0.957554927995806 0.5954103727050396 0
0.9847949475978732 0.6333435621048821 0
3.097586647939597 0.7874624253014924 0
0.5979049328602497 0.7928048501766883 0
0.7703286998091945 0.09330523725093898 0
0.3186064731253875 0.7761976409747863 0
0.9508622588547651 0.5447663074713339 0
0.7077623693579793 0.9060953392352922 0
0.9246785790040102 0.09107572815353027 0
0.9457918290055412 0.07676074453975923 0
0.9468927331165089 0.05663535496996985 0
0.9237136837716209 0.0634390237686544 0
0.9019826108335574 0.08147406788442979 0
2.752497524943538 0.3002969582695267 0
1.169124986225576 0.8088814169709044 0
3.11585592391316 0.3987742286116956 0
2.506164967617349 0.1757313688687725 0
1.071767474992564 0.06348625916680073 0
1.09398273402711 0.07276443917385755 0
1.091212172297408 0.04816120637144439 0
1.113125456070157 0.05796724683839566 0
1.11282327945489 0.03435565289959824 0
1.132959356380261 0.04406935983710203 0
1.135379102986958 0.06739982701277575 0
1.154108943229442 0.05413597158532302 0
1.157484292723878 0.0769592165427348 0
1.176568025951391 0.06253067447575761 0
1.199103371399383 0.07104736283292956 0
1.197489866224471 0.04386523308969581 0
1.217781946785384 0.05582002055081436 0
1.242042245090072 0.06589471407917835 0
1.160788709169332 0.1009322044512668 0
1.244939257158776 0.09031716057891659 0
1.264432105960126 0.07557776954357587 0
1.260402174725449 0.05052488345252371 0
1.284361843365446 0.05906040686447084 0
1.097133483306185 0.09683172172470256 0
2.551461923905588 0.8242598125618752 0
0.7775836095152568 0.7898227409200942 0
0.8010086676423072 0.798952604962836 0
0.8048701979311261 0.8234201807204445 0
0.5265782242890609 0.9092721231899585 0
0.5071697602399254 0.9250658266500835 0
0.5131084426360886 0.9496427689490186 0
2.966081467016697 0.7768430545047943 0
3.068570649968228 0.7277664030093661 0
3.036897656460116 0.8310232841281054 0
2.902218659966612 0.1584309812646234 0
0.6311022900009424 0.7073236897880308 0
2.592596038632708 0.8195961392738701 0
2.589856202143156 0.7957274982124285 0
2.337048202660025 0.6657317975190826 0
2.918345169212764 0.2785126138976405 0
0.8580541212758326 0.8900771801233399 0
2.999735098328298 0.6988400944274005 0
0.9975071175699264 0.8082756395111688 0
1.566001711435949 0.9509460422192226 0
1.58729185001128 0.9600780426735687 0
1.606078312977465 0.9449839356804055 0
0.9258124937917649 0.9172946957669437 0
0.9509179686790381 0.9506187358350802 0
0.9714532594589282 0.9351366606336227 0
0.9744893632088201 0.9611584809699677 0
2.813620835822615 0.9168385263501539 0
2.795444593393233 0.9539004317557218 0
2.18151760586681 0.5780991581867281 0
2.203285707372752 0.5871872588407004 0
3.008009502743388 0.5877770054208111 0
3.0302005783416 0.5751130465280142 0
2.799009077255931 0.7957817265882918 0
2.779667084821081 0.8101117668216138 0
2.757591010175903 0.8005405298214885 0
2.760363373135806 0.824429056611677 0
2.782465382540123 0.8340462914052338 0
2.763107075545354 0.848457302866332 0
2.804606278379103 0.8436706735184885 0
2.793808865943877 0.2947551661694363 0
1.640944198621967 0.2358161033052383 0
1.613720804186125 0.2038368681906368 0
2.719241027803868 0.4012698876845169 0
2.738301323298934 0.8148968263358695 0
1.503668406682423 0.9450867104556481 0
0.9885926849780091 0.4884942692732892 0
1.405690412511465 0.5236606776915844 0
2.539721870106832 0.2796466127355818 0
2.174451729904737 0.6857317851432718 0
1.781601289436103 0.679932075796003 0
2.930231505106826 0.4220335151400865 0
1.168625567934114 0.3531736222515117 0
1.128512208443092 0.547115989728306 0
1.151538318942309 0.5567783838003184 0
2.99596515849838 0.2188823187948892 0
2.973356874922602 0.2095362042540049 0
2.938117712149432 0.7185180402941103 0
2.550264833731516 0.1939880004607211 0
2.57231433261185 0.2030795599639235 0
2.065997892437276 0.6405009644018337 0
1.240350428718685 0.5697207468577383 0
0.8866670116037283 0.7864090017800037 0
0.9096699425418575 0.7956795826586326 0
0.9130381357306598 0.8201111429436176 0
0.9360483681209106 0.8290925142725414 0
0.9390996913568603 0.8537363993929558 0
2.293121958069201 0.2885304531137121 0
0.9944948405863265 0.7836194871953492 0
2.720914708221856 0.2192083797338737 0
2.698747464186745 0.2100386196481329 0
2.334054945889509 0.6420896768218369 0
0.7968685061383023 0.9111725643349136 0
1.099013164926921 0.9159027856380253 0
1.101836892433719 0.9399916462827489 0
1.06953762531439 0.2228267497479522 0
1.089410763863965 0.2081375600817951 0
1.489193104803358 0.1939815597096369 0
1.50887613498372 0.180016268478106 0
1.506059952526289 0.1559676205203717 0
1.531581872091027 0.1901063808732006 0
1.550576946775029 0.1756003405085527 0
1.572653267321133 0.1841797211396086 0
1.568907263318822 0.1596679512127586 0
1.097754866817071 0.3010210304077566 0
0.8283715089702817 0.2136398872563837 0
3.40263852245633 0.3126481747692044 0
3.379495561161232 0.3295105052978263 0
0.6238078456273395 0.6525091872976339 0
0.6432245706698345 0.638186378205262 0
3.158516838192075 0.7424622821541098 0
2.603823711451901 0.2832896599753941 0
2.762116852500509 0.213795932822714 0
1.608312688141195 0.7876025752422395 0
1.308409412310522 0.5979741477408543 0
1.327875014226688 0.5831198443956258 0
1.324775834530505 0.5587562087622505 0
1.347353074019209 0.5682697444264637 0
1.35038194231916 0.5925364329677493 0
1.642117517043299 0.8913086729277654 0
0.9156594259557118 0.2038155586366368 0
2.59124322699651 0.1884502397759134 0
1.347345920731592 0.4049009943845043 0
1.367872865225882 0.3917837159855752 0
0.6718922914589973 0.9598727384640331 0
1.05938047976374 0.787029446142779 0
1.08204962636159 0.7962424921097925 0
1.085378017668235 0.8203824472829959 0
1.36260803582789 0.6886307744341761 0
2.819212036673237 0.327888965831613 0
2.968579128433967 0.8010213720276977 0
2.896086055535229 0.723609662062547 0
1.272925503924202 0.490304204179171 0
1.314860004404214 0.4840050523833552 0
1.356689218598819 0.4785118211898374 0
1.354842916575119 0.4539458521642141 0
1.374303075603396 0.4405360934825013 0
1.126035719233034 0.3576168041177412 0
3.011898426281495 0.3416058338539738 0
3.30632773185036 0.9035738858142276 0
1.402977016849588 0.1800247008366513 0
1.502548642624089 0.4501644084328829 0
1.233680161395291 0.3583812522407569 0
1.478338875771972 0.6009683660331431 0
1.481743875269179 0.624642358488136 0
1.500945862332725 0.6096738526113095 0
1.462062474810781 0.6392686210413614 0
1.439810865017823 0.6302097159526169 0
3.025032879384833 0.1162357561447195 0
1.620311638108453 0.8825250561769371 0
1.231258736879658 0.9451907454440603 0
1.253297435884255 0.9540536315329002 0
1.271613696891988 0.9406352563660901 0
1.274671212270018 0.9626091860553485 0
1.293109237254014 0.9483833418815112 0
1.237750201722072 0.2018811460084807 0
2.358879089984091 0.6749690455132613 0
3.356950816213639 0.1596107473842529 0
2.749228797390701 0.2763276481888691 0
2.730164512197665 0.2908721333585965 0
2.968462434853859 0.6171942791699575 0
2.633746102306529 0.8147951991583522 0
2.334820472948723 0.4867781780314225 0
2.356683463689546 0.4959558484901721 0
2.313012991263742 0.4777688310503142 0
1.290653877702481 0.9257346804955162 0
1.100524315333946 0.6488713938775513 0
0.8828443856086574 0.3716789811465656 0
1.457489828732484 0.4310374872081779 0
1.45442492156656 0.4069644957145058 0
1.474355679751583 0.3932387724313381 0
2.889562459412259 0.221100560137617 0
2.097536193846305 0.5650648480443666 0
1.485209219775841 0.647616354902982 0
2.629041166267228 0.3162405829960862 0
1.499901380022324 0.2674948828254859 0
1.503144310748183 0.2918175861831259 0
1.46216493859834 0.2986074331730655 0
1.523422490215109 0.2786775277518834 0
1.545155236967678 0.2881042692254806 0
2.869661703188688 0.3941883065153435 0
2.870889088135246 0.4188799402284894 0
0.5422045530354607 0.1348134758086522 0
1.69469110177091 0.1670003192271902 0
2.851701024443405 0.8875340215637966 0
3.105351266588872 0.08071548909071891 0
2.45084341542519 0.8229644324891947 0
1.706098349782866 0.737782076811613 0
1.454134126985655 0.08881676985708248 0
1.47320355745278 0.07432327089105339 0
1.469044379942296 0.05281004025733271 0
1.491858818544718 0.06075476534019486 0
1.681203376095626 0.7050162822342083 0
1.26274721937833 0.4148886720279332 0
2.625905178910212 0.2924635829761205 0
1.330296390113956 0.1043714220813594 0
1.327288518279424 0.08050220910900857 0
1.349392856094502 0.08982177202934349 0
1.34635950623104 0.06599826114023477 0
1.324212917279352 0.05834107930654209 0
1.343293543674831 0.04217904550258988 0
1.366293197278172 0.05303523283962563 0
1.618299089453885 0.7015490117456413 0
3.607031290769882 0.7601614152108751 0
2.058296613017111 0.4152922016890358 0
2.08099349147211 0.4241815394706426 0
0.9205839424271176 0.4837378331865186 0
2.64486407982645 0.2778620035072152 0
1.472232314192708 0.5529913912901216 0
1.4945256931344 0.5623718126014233 0
2.352314568805983 0.1125207321625952 0
2.521912914501952 0.1374341212850342 0
2.100519986490907 0.5885256777237849 0
1.678187114863223 0.681383281365986 0
2.215709454304289 0.3226895234900335 0
2.290042495803067 0.2650408420880681 0
1.009028730121798 0.473231229812733 0
1.083119117806443 0.9544699229176256 0
2.867153663374173 0.2119223171662835 0
2.863888438572621 0.1880259183926233 0
2.754814727651851 0.7766261667064387 0
1.060431563961343 0.3548114082884245 0
2.790690657530558 0.7239363923780724 0
2.452800793184447 0.2431199288818186 0
2.449654245894153 0.2195583262599674 0
1.478840243684604 0.7558775427839618 0
1.500981775363587 0.7651972630375672 0
1.504032223286635 0.7890427715987677 0
1.523107995521193 0.7745588730512885 0
2.528481904354163 0.02524967018143409 0
1.472729709048855 0.9790367198762034 0
1.747395254403818 0.2592828746775039 0
1.004208407055911 0.2184459083524548 0
3.031332301495024 0.7820576134505778 0
1.471992334229769 0.8657641596048137 0
1.746061543808834 0.7323761527417116 0
1.344881727304222 0.8583917814686941 0
1.364040134782276 0.8437714902278206 0
1.360865938693341 0.8199546995593885 0
1.367165975531728 0.8676040094291217 0
1.383263903058863 0.8290695715975098 0
1.380089515177632 0.8052432334407429 0
1.357777112176132 0.7960255398682266 0
2.812895465890014 0.2800376133362837 0
1.571890414798348 0.5019376766042846 0
2.758975269798097 0.189854722675054 0
0.7102435126195819 0.7876921529370513 0
1.77678069241809 0.4750706372843947 0
1.773857557804816 0.451601653086417 0
1.795685155427794 0.4607530505464618 0
1.79865696320053 0.4842917810696487 0
2.736637634124568 0.338652560717025 0
2.526787360269544 0.9752554205477431 0
1.473502270268096 0.01936345767173253 0
1.703127661941855 0.714130447686335 0
1.27484682285063 0.8069317501341308 0
2.406116662984491 0.02303167296792352 0
2.348059572597341 0.4007959178780683 0
2.094550251669551 0.5416331853884776 0
1.352476370478029 0.1137139655655201 0
1.368781075138452 0.07568469487322338 0
2.04213115543541 0.4532540994648702 0
1.495254010512832 0.08370502106137939 0
1.51427450757242 0.06924433773817362 0
1.511213923568912 0.04368557947082896 0
1.48495137491168 0.8035867303188771 0
1.165906918660166 0.784794158715834 0
0.8208105780057195 0.783284169861334 0
0.8282870919208261 0.8324002798244379 0
1.302184045046031 0.5492344657588832 0
2.616486908544569 0.2212712794434921 0
2.537781863010048 0.8861907114750169 0
2.515878965481802 0.8765097388373057 0
2.496709538339305 0.8906617725735428 0
1.43388647174838 0.8949065434032564 0
2.562781406328578 0.7400235735321341 0
2.544640353518421 0.7557749616305738 0
1.703969637022205 0.5579684423269616 0
1.65393936569166 0.4915845943678137 0
1.709976408591923 0.605372926642239 0
2.330250203558996 0.7742064209897843 0
0.6133815313840247 0.5999996626659306 0
2.349219304479809 0.8927517979135027 0
2.456269517265601 0.02094085820582625 0
2.479569579487496 0.02051754295171476 0
1.587096945360144 0.6208658657326201 0
1.241015768808012 0.2263161735497186 0
2.989642877016318 0.1701486938903916 0
3.347506779853155 0.6665548479717893 0
2.43394642190975 0.2576410563500589 0
2.611155253050459 0.6003059857083158 0
2.399456522561816 0.1543273438161928 0
2.474715039455567 0.09545627311374671 0
2.477924301003577 0.1193171593419028 0
2.619898272298613 0.695836542370327 0
2.469080433039074 0.5653264765050896 0
2.447184622027251 0.5561474476280738 0
2.42826861707415 0.5705580079121988 0
2.222063196917514 0.5728588448502681 0
1.344258356547058 0.5438572592336421 0
1.29887571225429 0.3612962102187208 0
1.297419862478366 0.3383309732449978 0
2.650201380562331 0.7766159586716317 0
2.630995303754398 0.7909497963485483 0
2.193418171546026 0.6717521581373549 0
1.537149842820223 0.07842195560461029 0
1.835489146555558 0.6118522271741436 0
1.017764317053922 0.3608898579367597 0
2.610184204363343 0.1738388043097843 0
0.9293192764028031 0.7802709234594514 0
1.497634246642169 0.5860644004234011 0
2.395687672947878 0.9137649118390023 0
1.522909569765371 0.9783726766016629 0
1.826552684203361 0.5407474094122077 0
1.785703558574691 0.5470481646876686 0
1.380776919015736 0.1707781383016219 0
2.515156995272308 0.6712625487528836 0
1.898743294988712 0.4596119417990925 0
1.917530617757586 0.445296053973103 0
1.914528812058077 0.4218817768046308 0
1.901739671046603 0.4830496300770044 0
0.4513213538557923 0.9775266512212835 0
0.5024390582885214 0.7818011387197978 0
0.4816792784344697 0.7994824767709716 0
0.455937688143973 0.7904953713909079 0
0.4620146565177552 0.8168980559724514 0
0.4877186198080912 0.8251453753530176 0
0.437089626479749 0.8078874460173492 0
1.520444118905045 0.02073332725695043 0
1.63349372359213 0.3261768000918752 0
1.672346644216037 0.3185240265988292 0
1.394281846688492 0.2679531688167953 0
1.482655890774047 0.1457957583917748 0
2.727233012100194 0.7192079103377308 0
2.705210242349409 0.7095509549909305 0
2.686003482404593 0.7239390818708858 0
2.683093289945813 0.7002271463499552 0
2.812896936871825 0.1222942278429754 0
2.49910244061059 0.2844210213996707 0
1.369862773737061 0.5775953789283279 0
1.10145980818243 0.7812229114450804 0
1.400234005062656 0.9745885689929039 0
1.35168313982094 0.979079576672344 0
1.398860017892487 0.9476289070851777 0
1.92352335390057 0.4921684421757243 0
2.570249973896157 0.6290935866397238 0
1.574140993658364 0.6830433970456329 0
1.631220631082708 0.6393951878596402 0
1.17671658252216 0.2221556713963301 0
1.192898571593085 0.1829811157411818 0
2.364987432554542 0.8303991037645375 0
3.002529150951626 0.1070590048111878 0
2.348013388392276 0.4253117994724607 0
2.327613200681981 0.4153360982334582 0
2.307992364595115 0.4297959133641577 0
2.364974374875654 0.3625047389331835 0
1.115987135488613 0.4476574471994682 0
2.765824307959377 0.8721847078840157 0
2.743666911395153 0.8627826716068117 0
2.768614639459422 0.1042351774688973 0
2.843530271520296 0.565499693708947 0
2.57567523102244 0.980064437316975 0
2.599042877477479 0.9799136655339212 0
2.586447613848577 0.9562750767261925 0
2.957522754115483 0.8877446723066422 0
2.540793805472997 0.1227863735752672 0
2.669300761879136 0.5822175923807953 0
2.669312922597329 0.5590983639576816 0
1.328568730566511 0.9803628890637834 0
2.280022646654038 0.708939641202561 0
2.409183416141691 0.8521009891113027 0
1.271681058455492 0.7829426884627015 0
1.154558909523961 0.5817466641574676 0
1.685256927027827 0.254631630108803 0
2.685981235349044 0.9052294721994875 0
2.7272111177451 0.9006745565006252 0
2.557666857594767 0.6915207467265978 0
1.951296341607221 0.5481075653436063 0
1.954296399361583 0.5715085403433046 0
1.973057193710786 0.5572115641912906 0
3.343107956224905 0.2321495181401576 0
1.420532293520332 0.6450871023646387 0
2.271335431855822 0.2795674340172917 0
2.340384487070404 0.1752381170220942 0
1.759771059728847 0.6707739080007658 0
2.225053712708787 0.5963588295242385 0
3.473769743756769 0.1259298443314351 0
2.34322587207698 0.1982873907702879 0
2.93256847824546 0.669875504778834 0
1.846053120368732 0.3709697918409099 0
2.314975360667004 0.2975581114898153 0
2.718963722554891 0.02073332725694893 0
2.707019623757698 0.04084786448576055 0
2.264232760931005 0.3878829810303666 0
2.12381745408478 0.4183570715345498 0
1.30519065159728 0.01954245963583234 0
2.464078541125711 0.3628151140634912 0
2.443276688594557 0.3529112288790893 0
2.23704834878517 0.3317899470974149 0
2.197613357405525 0.3365251151267797 0
1.207675670346835 0.7791871703928336 0
1.108112170507867 0.8294330181974443 0
2.004590380145299 0.4818264926582825 0
3.59224669517615 0.261492485662987 0
1.886370227132305 0.3419693773360215 0
2.78432526276724 0.2230442011690752 0
1.563477054158755 0.2720299126225481 0
1.892751247567073 0.4127486922654997 0
1.933293308567407 0.4075932319606759 0
1.973673564833345 0.4026942396736365 0
2.001593748991759 0.4584329330313126 0
1.731888587534855 0.6145761177400177 0
1.61001093847863 0.472660971963222 0
1.970060357274095 0.533806122683778 0
1.994811628934194 0.5663049034190755 0
1.257732329907113 0.02448573834684797 0
1.517048588561594 0.7269039469736869 0
2.378551204234868 0.5050953951867857 0
2.396352552856893 0.286616222894014 0
1.589469819899834 0.3076744656355752 0
1.60784868802197 0.2908884753927302 0
2.595330369010117 0.8434113319903379 0
1.170460568411118 0.1736037302267318 0
1.359345505070172 0.9557286180767406 0
2.588091994324846 0.1647181567353643 0
2.103506806074368 0.6119378006073241 0
1.330934338252799 0.607412059768801 0
2.15028702803568 0.6526177105793942 0
2.032329432247013 0.5377040549983212 0
2.346898254044309 0.5808485990490979 0
1.562804461652896 0.4302389316890817 0
1.20918930422212 0.02022973840798359 0
2.206277415807556 0.6106520868707472 0
2.785138305542811 0.6760651012037404 0
2.742750513727835 0.01995049361050683 0
1.413120513292285 0.2529292585859022 0
2.679693888987395 0.2247940046577556 0
2.44177857192953 0.3287834019088839 0
2.252808930631877 0.6523385719091767 0
2.186653015780557 0.421423059188289 0
2.20687870911821 0.43127437557793 0
1.523824295137774 0.6173999034853948 0
3.078235075740914 0.02386345128136658 0
0.7543896347140049 0.9793061661616482 0
0.9466153353925766 0.02000928618951636 0
3.173838621328773 0.9792666727430464 0
0.8484384669899721 0.9761951183553403 0
0.730398242087251 0.02073332725695265 0
3.437182445406656 0.9760574259802153 0
2.91074792957439 0.9800489155733608 0
2.862853366652645 0.02538609945086978 0
2.981885244049538 0.01871233440998599 0
3.174159844758148 0.01992447443447465 0
0.7782290052395258 0.01980598554014462 0
3.318317582770198 0.01909109391814312 0
0.5148067255356952 0.974832283194045 0
0.9219245152552009 0.9792666727430499 0
3.365496848988443 0.9798921876447866 0
2.887850524416638 0.9804014024209937 0
1.185304704426854 0.02053156344592144 0
3.029904873573288 0.01965630119563033 0
0.8742924048411216 0.02141936032024994 0
0.7076179216370331 0.97700283514279 0
0.4665646106682431 0.02496376528004896 0
3.411842816397992 0.01967733317188425 0
3.48516511927476 0.9814393075652701 0
3.102202118609585 0.9807278710620317 0
0.8259246658598136 0.01948267953572408 0
0.9942693727185152 0.0193260858710872 0
2.658482633738145 0.8480840992662726 0
2.162749197690752 0.5924444954525148 0
2.434319732530986 0.6176117031254642 0
3.000838442275104 0.8849639593665498 0
2.044837327878803 0.6303915797480905 0
2.039122622251427 0.4298852534541372 0
3.685851775828725 0.5496153270921622 0
0.5279479308907049 0.7908054416098967 0
2.159751237992009 0.5690173591141271 0
2.076555525167036 0.3771868897208392 0
2.084763132395248 0.6261853514035262 0
1.976041963348516 0.5805931812984787 0
2.359713458747121 0.5194910228864749 0
2.916504169519544 0.4839528655716026 0
1.390881444734959 0.0848206972735791 0
2.812441971306514 0.485299590115234 0
2.045128174290464 0.47664670482345 0
2.818391550736997 0.7814422928574877 0
2.02335663108039 0.4675399537888658 0
1.800415986513997 0.6654812239031462 0
2.646097030716298 0.4835985555501792 0
2.375530080130845 0.4815738448332609 0
2.541708581298208 0.4840770438649526 0
1.55736327533126 0.8787506672408524 0
2.840509174554585 0.5418448717038021 0
2.671837179965517 0.6057257393573336 0
1.376955603945784 0.7813715160590481 0
1.399271175254661 0.7905412373237355 0
2.072808604945004 0.5325624673192288 0
1.930346762281904 0.3841745039654069 0
2.512512660475858 0.2231527004585308 0
1.335511411002031 0.7867186220044344 0
1.94230456376248 0.4778921486100847 0
2.156811247943586 0.5455146355060783 0
1.524589468294387 0.4594088079535265 0
2.617110547689453 0.6721246590015303 0
1.418396885664713 0.7758878241940971 0
2.660029316958474 0.396474110629476 0
2.361923149830008 0.698487441657925 0
2.3087920923192 0.2505931669770969 0
2.70844758504234 0.4866461539085531 0
2.485779092301671 0.371737731707328 0
2.408679561444414 0.7403075295439272 0
2.438151527616102 0.4854761896637406 0
2.60458858368056 0.4885432536394259 0
2.569721954151593 0.5404530682933434 0
2.303240303762102 0.5625238992660423 0
2.944243609055732 0.5403629049019958 0
2.768621565813465 0.7143628359194585 0
2.841534866904328 0.1789564191407689 0
2.584306874872292 0.9296001958164773 0
2.452337280702555 0.7584744577061453 0
2.443412610509609 0.6880526123777174 0
2.600722680622455 0.1027488655027535 0
2.771412701696719 0.4905653588559956 0
2.500867078661538 0.489360357301192 0
1.428596915878387 0.213628892864843 0
1.268432193558495 0.9168882235155094 0
2.219069263489797 0.5494501410739862 0
2.466091332660742 0.5417367945420619 0
1.5922549117957 0.8261575471932443 0
2.622684368517937 0.7195766424604775 0
2.598091403915542 0.8671671316707076 0
2.801821765349765 0.8197437307001649 0
1.41900923168157 0.1415906793482593 0
2.644778510954324 0.9098766801484757 0
1.359565610386047 0.6650547992729845 0
2.29935191621607 0.3354325669778892 0
1.767978151905031 0.4048644925921094 0
2.632220275811882 0.5439086525035968 0
2.736613007655814 0.5428643139058421 0
1.518931669608359 0.2528795437476836 0
2.553401936513636 0.0608538368031587 0
1.660053737142365 0.5393887077302639 0
1.295330446334134 0.6612790729775502 0
2.655725677906226 0.8242809621660215 0
2.875476396383418 0.4892455916195358 0
2.705762536509204 0.4633595314283259 0
2.820134069303237 0.0368306977803276 0
3.049218517913848 0.5389817963695368 0
2.34594322361816 0.376978495517963 0
2.435125187729493 0.4619452882311974 0
2.528836360009712 0.5456468939008821 0
0.8978456649571089 0.9805369872235166 0
2.406456127050141 0.5612738407213846 0
2.425315941091734 0.5469287697038473 0
2.25363242219099 0.4974486226900816 0
1.839338145410991 0.4791203637948093 0
2.016541340704543 0.5754202109664789 0
2.013559978411162 0.5520010993659172 0
2.898980750342657 0.2931541961592039 0
1.529175083607103 0.8221480102049143 0
2.377537456636539 0.301104485011614 0
2.713465324259851 0.7813726996352537 0
2.255744569076051 0.6757800408613418 0
1.892003525064801 0.5676102855800856 0
2.800103667167681 0.3425803565497063 0
2.054047836416034 0.5468380354002719 0
0.997898404409187 0.1691552263189348 0
2.799509881513657 0.5470974072899712 0
3.054166616720606 0.17383958889912 0
2.546153903830779 0.3516929781473122 0
2.915704374148163 0.7090100839696681 0
2.735522029417604 0.7909549277232764 0
2.887616628229015 0.8342918459256414 0
3.126037480396915 0.9805489237145905 0
2.847398939412377 0.3848948471046771 0
2.57546963247997 0.2267741884271633 0
2.287427685519115 0.600280830716687 0
1.69711139515504 0.6669143249837867 0
1.455932142742162 0.9041241709700514 0
1.920525987681357 0.4687503494169006 0
2.487173974574937 0.7066118563122974 0
2.337864730122354 0.5103543746771416 0
1.833374199048439 0.4322318606965635 0
1.112032350632474 0.2177294984238478 0
1.65019293479526 0.624980567229045 0
2.65116187707102 0.3253243557813672 0
2.421508026931277 0.6788856794091873 0
2.37126744526207 0.2541884523490193 0
2.741651441721018 0.4107549377162329 0
2.765835513231079 0.6904507893296248 0
2.847958836438215 0.2267382021226214 0
2.191854207957576 0.4937430392068867 0
2.3430790979734 0.7128679397529826 0
2.63216310473639 0.339907154187574 0
1.243400822721704 0.5944193477798185 0
1.42463825129837 0.8235408218871363 0
1.317205907246828 0.1667536453733498 0
2.2408524021801 0.5585674921669717 0
1.27269502106318 0.1481592917207994 0
0.8254003616275449 0.1885150879304073 0
0.8436433675049004 0.149472958776537 0
2.636254226852788 0.6578851798361515 0
1.30696402602491 0.7294945728205054 0
2.494002422269317 0.8668341878177294 0
1.390229192372365 0.2428121778557206 0
2.755831789738473 0.1660842375492302 0
2.433896272052811 0.1015304686942692 0
1.372725850986762 0.6022098672868827 0
2.609027490958095 0.7813235448607405 0
1.237151151289555 0.5452299920616602 0
1.171470894704113 0.5414551599753666 0
2.7683735444598 0.4668984203489344 0
1.338627778464959 0.8106892473402364 0
1.772638514117933 0.6093848854875135 0
0.297433268722435 0.02031982163601387 0
3.649183476928456 0.9789643226589374 0
0.2515825591673808 0.9792666727430523 0
3.48494173459471 0.02029440164272589 0
3.461032717957456 0.01946818782590176 0
3.702312901263954 0.02107382444449035 0
0.2040007376590605 0.023658593225446 0
0.3465794321623541 0.02453245613911764 0
0.3952748594556903 0.02031871445426559 0
0.1570346674764866 0.01850051731382851 0
3.533064533449 0.02133309744315914 0
3.748417440832619 0.02073332725693933 0
0.2995344710058736 0.980728767031266 0
3.60655853477144 0.0243390759356143 0
3.700876986525361 0.9787763425838477 0
3.341424110350733 0.9792666727430508 0
3.795232420514135 0.02067568211497717 0
3.60401652059194 0.980673374560451 0
0.08399707014542224 0.0207333272569406 0
3.748417440832624 0.9792666727430523 0
3.915154742584707 0.9792132427235065 0
0.4184158619494829 0.02000099012903045 0
1.687231342134291 0.7521870838687225 0
2.389777042400144 0.7546244614444401 0
2.294232998220296 0.4921899449254231 0
2.594396894155235 0.2121657949394807 0
0.5048884770449671 0.4574458575840826 0
1.242881757269756 0.7256489209869554 0
2.882133285585614 0.7862584278559208 0
2.695565317211285 0.1863172470701033 0
2.440911057637805 0.9586446518480682 0
1.517524767868713 0.5694608484830924 0
1.936314028269055 0.431055146124303 0
1.062240353765884 0.5430090996462983 0
2.666742510967045 0.9193840739186557 0
1.560430175110431 0.9024202551533829 0
1.411529361180952 0.5728275059975049 0
2.953892951033916 0.2246168666507172 0
2.622824075318325 0.1118417906977699 0
0.2880690765702416 0.2885392011742071 0
3.085363936855567 0.8758391068381234 0
1.023823480399257 0.6798251004470041 0
2.854760763423603 0.7282968544582689 0
2.970286345786652 0.1850764140470282 0
2.670213208287641 0.1536365165263255 0
2.318103587179124 0.3209991818989096 0
2.790420362538732 0.4761111265385792 0
2.903339024657857 0.5457271959679852 0
2.509353221476168 0.1994989871301402 0
0.8934481316922285 0.8354184610442836 0
1.49155901240106 0.5380345324854616 0
2.778028805997013 0.1752603668975403 0
2.455713413142148 0.895036672836877 0
1.817520714293931 0.4699712276705867 0
2.718968719669619 0.8290700180581577 0
2.550768927933667 0.5548282916521915 0
1.511259312804516 0.5219405882977612 0
1.035009660165349 0.646697592818086 0
1.71328936407647 0.3122720627380893 0
2.27542740846374 0.5065368241595121 0
2.996708301195516 0.6745860988125798 0
1.867183570567593 0.5351067118654589 0
2.882808559868344 0.3316857633567879 0
2.306234727772853 0.5859677368682237 0
0.1030055038656728 0.5273432537207794 0
0.9385767838600434 0.2137726702228859 0
3.431198521402129 0.8416532570858654 0
3.405856285363953 0.8325621026198978 0
3.386168374379202 0.8506941565162865 0
3.382232692807935 0.8226835251067772 0
3.402148435978876 0.8041091236537831 0
1.888986801334924 0.5442093440522948 0
1.633442596284876 0.18689467686477 0
2.970439273101425 0.3466238388223972 0
0.8594859235418553 0.3617372081595974 0
2.519766311599582 0.4749542598354811 0
2.741029671080894 0.8387539767682081 0
2.87662265349371 0.2838327780798429 0
1.705384364038983 0.4009300439037869 0
2.430850264129678 0.2341129505698992 0
1.208972089867983 0.1441063737249634 0
1.563403744056253 0.9262942338146098 0
1.494209634813519 0.8748925961107205 0
1.789810043754087 0.4139517970071997 0
1.138458067907013 0.09144538403132652 0
1.188405827933521 0.7940056645560578 0
3.672821114407162 0.9520396899456562 0
1.136917978701778 0.7272171282111373 0
2.638579421297081 0.07361276070368383 0
1.422065364949885 0.1654014971969655 0
1.647170105955256 0.6013845291996267 0
2.641758153874162 0.09725861986836071 0
1.513244741449084 0.3655987453868923 0
0.827350544433116 0.4684214305161307 0
1.575526275600757 0.2086135692138253 0
1.576544891006043 0.3693440764165542 0
1.349926467764941 0.2495220008186093 0
1.589237486157798 0.8024111974224259 0
1.269651163699537 0.2839419624337377 0
1.381470429372332 0.3306616790949086 0
1.030148889946974 0.7290473117910661 0
2.913125634204133 0.684181674633272 0
2.766929348109631 0.9802994311786238 0
2.823999639761836 0.8293991705664014 0
0.882503542750531 0.5408087493591736 0
0.8514032636735436 0.649105680534893 0
2.979245397244676 0.4882683667507552 0
1.526129849665435 0.7983711944306368 0
2.924536722016308 0.3265805432351763 0
2.733400858091372 0.3147010068276331 0
2.453999226390627 0.4475513423431426 0
1.814557364461216 0.4465067294569517 0
1.141794130333553 0.1158529593834871 0
3.061124192737324 0.2226398427501634 0
2.081780903871032 0.6027890710193012 0
3.002819592372094 0.7231636163635374 0
1.848435292821384 0.5494854184409259 0
1.06324137167859 0.3783611885969191 0
3.007525461687552 0.5435560809461861 0
2.697438303350828 0.3681477616212599 0
0.6017345382489871 0.8185948295997105 0
1.142257426303789 0.4822873576010696 0
1.336878616051223 0.3118864066176385 0
1.285350621480528 0.4243136213311658 0
2.328058027818785 0.595121338865645 0
3.005437925400505 0.2920467287833519 0
3.568901867383146 0.5826567490543698 0
3.572642041016912 0.6196052559245316 0
2.639005577406585 0.6815767485361762 0
1.750776309703022 0.6002180956844468 0
1.527048164336793 0.6410789192095894 0
3.231018446004748 0.3183133641302989 0
1.026307600825271 0.4330919576106534 0
1.032349627021575 0.4831023160654399 0
1.197935746501973 0.4110011895009659 0
2.286880890453428 0.4206511001013867 0
3.021788052759408 0.4837388018786348 0
1.205355392578574 0.2800650393642907 0
1.020634599682027 0.1787945555557581 0
2.411628261918477 0.7638252192835762 0
1.134741695549248 0.5968524061193667 0
1.345634152789803 0.2240519630957788 0
2.553507944680003 0.5783039226286963 0
2.472874101283361 0.4331654701707979 0
1.27811694509716 0.8308193278911888 0
2.421423972605045 0.163372638010044 0
1.17876031043882 0.7217129542484195 0
3.347874549940456 0.8767308292992461 0
2.611807111932776 0.8053530800150867 0
2.331067488245463 0.6185966500085992 0
1.292214499165103 0.2928188840691578 0
1.697869624692266 0.509773944994252 0
2.691092577839188 0.9528885540977299 0
2.982717984922145 0.2824556262610218 0
1.711210912259866 0.447680552221908 0
0.09372361315515132 0.3931383653435003 0
1.106196886602628 0.1693030584998607 0
2.566440873296818 0.3368792140795422 0
1.30508308532471 0.2303538594678163 0
0.8573838753809879 0.7271482382966378 0
3.17251386233025 0.3277404915047034 0
2.8318794248761 0.107518600245595 0
2.708440781748516 0.1239893148542557 0
2.688656220522312 0.9289864715206109 0
2.352924101488044 0.6277943255454335 0
2.82150983385537 0.5562989142647846 0
2.393186499991347 0.2631773863678784 0
1.627510489110241 0.7722423241927756 0
3.086114400154882 0.0955509751139777 0
0.1765947815411371 0.4300859568584374 0
1.728893953738865 0.5910741428567947 0
2.953007186484349 0.431258469071471 0
1.275835236132966 0.1721279905267739 0
0.4046447956061301 0.2783226733069013 0
2.661018274099411 0.6909841057323896 0
2.535678237418794 0.4369673979038063 0
1.09264455327425 0.4376679710838408 0
2.894457953348179 0.4747526602602052 0
2.494794760563334 0.4422972449240002 0
2.796989052703629 0.3186929269902237 0
0.9245947233505687 0.2786611240847109 0
0.9477074428728831 0.2882422111678213 0
1.072309790728513 0.723498324919711 0
2.572125605006562 0.3840498559116171 0
1.258917768172898 0.8454913229629011 0
1.033252983187372 0.2774298389977038 0
1.652412127309823 0.8052529314289207 0
1.581110913912294 0.09682009272454045 0
2.455035592184903 0.7816000560151091 0
2.409399609819473 0.58480100080673 0
2.90972985066241 0.8438944656263218 0
1.602179095799718 0.7403622629571106 0
1.116263199489678 0.08212721715816457 0
3.153930657764053 0.9062901587573493 0
1.068891484374723 0.5927281398937374 0
0.7468434773040178 0.7303505173221877 0
0.7607253627801258 0.20821891203522 0
1.26577534819099 0.4394707479507327 0
2.787512006107883 0.4524362491729806 0
2.291236694203727 0.4686798959074317 0
2.405657485627038 0.2017501198743002 0
1.315451061178235 0.9598483559481308 0
2.43343627374154 0.7729059324689274 0
0.9676144714493473 0.2731295647796386 0
1.298281975842875 0.1814725251456348 0
3.065368759153998 0.8904554468111854 0
1.261957789560354 0.7114637123572393 0
1.236504120862084 0.8363162860955274 0
2.310193334766993 0.4540484786129799 0
2.431320529179792 0.5940289222435331 0
0.5548505975004245 0.04216279351510899 0
2.94083577936554 0.1279736319199191 0
0.5460769845647033 0.1890291668690399 0
1.2765718913533 0.6752957663133207 0
2.516718567281831 0.4514339768771626 0
1.212141357361135 0.1682069019757202 0
3.242049504981934 0.9217699554928083 0
3.636384954187828 0.1864339466495956 0
0.9650744204264292 0.7254004478700339 0
0.8455521992375852 0.4271299267002628 0
1.725886704574108 0.5673023248241197 0
0.6090877449877303 0.1154127038954516 0
3.636336658544447 0.3427162075140588 0
0.7089829178084039 0.4675787367317314 0
2.412003271134161 0.2486790191976573 0
0.6376029865894299 0.9030473340264336 0
0.9329688413872774 0.1645555128671105 0
1.642600625404524 0.3967806123853543 0
2.824640075180606 0.5797077796577976 0
0.8515893910978904 0.4788786046294772 0
2.807122865312587 0.4379862192678129 0
1.054949836214315 0.2863028011203133 0
3.03417103738002 0.8066368880430712 0
2.532623324790983 0.41343915061282 0
1.425234060479561 0.189404396215856 0
0.6448081387193234 0.2069306676310096 0
2.415448017269794 0.6318698971513813 0
2.924433245048205 0.5540492875794508 0
3.115555850408506 0.1533200110007829 0
1.527856022547796 0.1653638999169419 0
1.628187047950883 0.615785264116144 0
1.475026339503068 0.8895264415373063 0
3.927997672912814 0.1670685832142927 0
1.534552890408228 0.05531957054365588 0
3.008683999624945 0.3167132587036605 0
1.220660769355595 0.8748670222743193 0
3.099864674300889 0.8122368104022391 0
0.1315301440887833 0.9769930213903998 0
1.119120278565667 0.4724919868916057 0
0.8894902058624841 0.5919443385822236 0
1.269058528497095 0.4646002374918217 0
0.8580752383933246 0.2738304924408615 0
1.792817571880889 0.437320433602798 0
0.7867297505368931 0.6990351263860455 0
2.43737359666348 0.6411106248232445 0
1.54211358433411 0.760202236479687 0
1.185833961871355 0.2935316849646056 0
2.902101001346067 0.3171334492028996 0
2.532337003640641 0.8385300248254455 0
3.369622625724135 0.4056718666905705 0
1.402385145838246 0.8143853220309643 0
1.306210107679685 0.07184307744390761 0
2.484208680208109 0.1667702528355655 0
0.665454215297212 0.7962289403393793 0
2.860623400086134 0.1642338291644667 0
3.073452758149745 0.1588885127702023 0
2.891368659087965 0.4510563021528499 0
3.060394135868724 0.3852647023203724 0
3.110283931969347 0.9101569044153142 0
2.44037487680821 0.6645943187019498 0
1.584006266984094 0.5972319627078518 0
1.088750293337797 0.8443521022127061 0
3.418109369085564 0.2352291390617793 0
2.503058781747571 0.1521205519688771 0
0.648775927500461 0.8377056926126735 0
3.651319264357079 0.573990554704003 0
3.090995083467266 0.2813288677696167 0
1.386379597289279 0.8528533271768844 0
2.906965497562249 0.819886936647507 0
1.476910488334727 0.4166684691420061 0
0.9768300406122143 0.3886031151869433 0
0.6348075629323491 0.7336022029121245 0
0.7996637582255732 0.4313883390930628 0
1.156277412031675 0.7123442304139304 0
1.519998492393037 0.7508246839746417 0
0.7219450994630634 0.5780735762571441 0
0.9141972051354135 0.4323989804391994 0
1.606200713274413 0.6065751242636996 0
3.016185306926463 0.6600472679016882 0
1.066034192512916 0.8352034082804469 0
2.67655679275428 0.2010596361921059 0
2.551850285063647 0.3988618954359864 0
0.7345216800675021 0.4788003067760409 0
0.7903035518346047 0.7242389905365684 0
2.707952611155481 0.2816088072221358 0
3.236805407403765 0.5990988518853313 0
2.277462953068171 0.6851526917370163 0
3.176309638431732 0.1325939252658567 0
1.857590458150951 0.6205990875233691 0
1.494059267793579 0.3795475010426861 0
0.7403697748881766 0.846017273799772 0
1.567107445945238 0.2973877989408192 0
1.370559190423186 0.8911937913738635 0
1.83273549544758 0.5875061302924651 0
1.679073339548382 0.5244617763118904 0
2.261006143952542 0.7222981040714228 0
1.829512276436384 0.5645806273055054 0
3.551519282010533 0.7903235298717659 0
0.4489629236013393 0.8573913300665748 0
3.120070326826904 0.797539969914234 0
3.211197616339186 0.8367851449738724 0
0.7477716047972927 0.3600661654070088 0
1.44856910610312 0.3593136580054528 0
1.714159924040967 0.8078445151937972 0
1.770988892460289 0.4282402752273742 0
2.499917964836018 0.1283197636289469 0
1.045839348977023 0.5831790347285902 0
1.548297309501926 0.3123828618261196 0
1.348192071260503 0.8820779636556024 0
3.096729259141369 0.3339012205406344 0
3.587772228129531 0.4600287914037467 0
1.465326777003331 0.3222263206871785 0
2.711192936370754 0.3054023201912057 0
2.462261226571083 0.6738034753829729 0
3.278009433635442 0.8420537241450177 0
1.049568961064675 0.7141672625288671 0
1.600028986104328 0.5591874439859025 0
0.7557267484145116 0.1575098400855462 0
1.353309714084538 0.01940380474930492 0
1.362401681866056 0.3440120840262403 0
2.689293923613367 0.1388316265850087 0
1.524013320990025 0.1406311571918069 0
1.329047647670681 0.8966235084334417 0
2.883053522917606 0.173253783288721 0
2.062408952478967 0.686249008540284 0
2.904177851665425 0.7958999439438068 0
1.018631272861305 0.5484846572991877 0
3.096069731283435 0.1680922883961458 0
2.496731706852096 0.1045897019315551 0
2.482876221184602 0.6833600410858712 0
1.306688406079995 0.8875762844991237 0
3.145175206618271 0.8320726793190509 0
1.086401550717437 0.1838505513015317 0
1.752078902421742 0.4425879320278271 0
1.577934721955092 0.5497036694004843 0
1.198196699827614 0.8658457685784721 0
3.265972001073671 0.1726687188611788 0
1.37115726778225 0.4166858175207711 0
2.477605340468987 0.904648854377929 0
3.510890953981233 0.6225463872980551 0
0.9623265425727947 0.7007473068202258 0
0.9707671900971508 0.297719544426825 0
0.6056261551400142 0.4215413406149001 0
3.35048287030089 0.9028053172045142 0
0.679093113509305 0.7272298501295501 0
0.675455331761027 0.2711324240552572 0
0.7938641496143284 0.2702710525551143 0
3.339964383152488 0.5774591576083791 0
0.6117520353009918 0.4779128775859596 0
1.387581053031919 0.3779232440265266 0
1.733080075576194 0.4568454589211303 0
2.680187907853447 0.676664673473521 0
1.441998929693606 0.3112189660881499 0
2.923861429029909 0.7812692790785601 0
0.09378135182758984 0.04154511159886409 0
0.5851211392707272 0.4660016631695161 0
3.085931510538135 0.4863762671917769 0
3.265629833376168 0.9559435545781114 0
1.04630062328643 0.6908585876949702 0
0.5328623453601309 0.816781632681563 0
2.499454835441274 0.9142859467198605 0
1.134926367568112 0.02108335871959827 0
1.006190131412592 0.4482626167912418 0
1.594068456175507 0.5116045875055929 0
3.342305534320217 0.8239907097188588 0
0.4968031013694547 0.5970665794007948 0
2.898881893433922 0.1347162062962902 0
2.502301689502559 0.937570650339816 0
3.505458999563182 0.2561603732884028 0
0.7435581710425951 0.9568494358725834 0
1.708329531198318 0.4242632237195385 0
0.5649496577379056 0.7307052135018436 0
3.852249961401768 0.08787914073151837 0
2.724439454087233 0.8768473935249096 0
1.153288606154129 0.6887019661116155 0
1.215331848654827 0.1924661596923181 0
0.8406799814174413 0.2883508499267817 0
0.2628735872611285 0.9582644315043771 0
0.7057777631201543 0.4400572298153554 0
3.391189799475351 0.8756639003131736 0
2.71851792037419 0.6480389815739651 0
3.114014430798576 0.544265075689055 0
3.07669970922272 0.1830548777226668 0
0.8658403546329694 0.582209039297511 0
2.921494682152333 0.1435031131400007 0
0.8087008061458258 0.8477332564397942 0
2.702290201761672 0.6859457785714158 0
3.295211012626006 0.2385300583923955 0
3.49864811518727 0.4869104618691501 0
3.466929605534872 0.7229153511426065 0
1.137363943259138 0.8863477060136316 0
1.060623909373378 0.1498135682402461 0
2.737330602608551 0.6340075979972073 0
3.554164439481118 0.1551761928263699 0
2.946193353361611 0.7911118053389248 0
2.927475955727343 0.3502937665492151 0
3.086893610708803 0.3974281421384261 0
2.809629317674796 0.0986969692009621 0
3.166667212885164 0.6246525478203235 0
0.3319404472636895 0.8630353218188083 0
0.9748283827940627 0.5542179399975605 0
3.390617089710291 0.1004072849133647 0
3.365364894496722 0.020316650448233 0
0.2124049371766628 0.09485213446886348 0
1.04255883977547 0.5583311860332404 0
3.483951547687523 0.642285669301957 0
1.121765340808745 0.9247832815426964 0
0.6514426168333012 0.5724583432615524 0
0.7853917341605854 0.8388693761824435 0
0.408565072716454 0.2470566102883415 0
1.182574180660279 0.9043294973050779 0
0.507557988433212 0.8079679442353597 0
3.736259149764675 0.8917922185640343 0
0.2828256065183443 0.0412412279948457 0
2.973670731073105 0.3716100317761371 0
0.04953646856045291 0.08947809705615617 0
1.911613886613758 0.310346248827143 0
0.2553736906929114 0.7244628579905941 0
0.5530950347251635 0.3984446437856468 0
1.80255813510786 0.3532519067589714 0
3.316466217206854 0.6863476396517633 0
2.976323626510274 0.394929360235922 0
3.01916797450799 0.684228061274371 0
3.275386585264059 0.8176692861006526 0
0.9128030304079995 0.1791531694887891 0
3.210578814468724 0.4137206190791465 0
0.8375785767870485 0.546561443150223 0
1.686536232775718 0.4150806804137832 0
3.619116573965739 0.2402385493728221 0
0.6453259937095923 0.8121593915076838 0
0.3363349980820787 0.6911429160603664 0
0.9614678351483992 0.8630676851407899 0
0.9383582846679503 0.4429719136434013 0
0.4671029347975288 0.7181330380508814 0
0.3272702622115062 0.9545832347885727 0
3.432128028887312 0.4262433619358371 0
1.621310997895792 0.725241775680818 0
0.9808032482358722 0.8479978837792952 0
0.457097187951107 0.6622421538886971 0
2.947010575185538 0.335977423572041 0
1.667433331140241 0.4294097650855198 0
0.1324212798861868 0.8283401179973142 0
0.985862226211736 0.4635081689536079 0
3.523833109365524 0.7768509381403597 0
1.558440347414586 0.06417712461311348 0
0.7668539660383802 0.7146920921348106 0
2.77407065947224 0.9436178246460265 0
1.645414062633036 0.4201855954897599 0
0.9512707078737319 0.3119636362544363 0
0.3992483268925335 0.838289862728118 0
3.719293277185594 0.2721982718032084 0
3.2314112990397 0.8226127655712325 0
1.255743078739068 0.9776446748715503 0
0.9986757967252677 0.5639002850405255 0
0.4980197700139577 0.3771007432085923 0
1.049268557696712 0.8748088202250635 0
3.377021916877554 0.299447365110855 0
0.181447196068099 0.9804704127835675 0
0.8242162967710307 0.442340711914666 0
3.857563917805477 0.9342657423997542 0
2.842662515204196 0.04377603903894717 0
3.353152629655178 0.4888272997575255 0
3.322970559986527 0.5362060817840326 0
3.151673524421622 0.4885660185302306 0
1.408564964906796 0.5483432778692754 0
1.000284693307051 0.8327886778824379 0
0.4825212510399401 0.9160979649607264 0
2.372173690726996 0.9296276042545866 0
3.518753832989321 0.9588239382738901 0
2.87473960494308 0.7132156427955318 0
2.50957810758123 0.04316020566062601 0
2.731435372672255 0.03910878218532499 0
1.034278486435595 0.9131715833614199 0
1.178464479564919 0.4264182005534699 0
2.971453683366961 0.8252626071887935 0
1.009273282177479 0.9048714883540856 0
0.8160561907012207 0.5625760413943938 0
0.09030563780728684 0.8699229969158906 0
0.4410815160143073 0.3563650948902529 0
0.6544895667093793 0.2865634000506273 0
0.8621027664600414 0.5565700542690358 0
1.620611910205057 0.3875160249628546 0
3.920694926364415 0.8898840197628575 0
1.544382309497438 0.01998986540896996 0
1.426077273669564 0.9790796890042037 0
3.201064616671551 0.5074272024163898 0
0.9621768658839005 0.4533704810793261 0
3.530506302286659 0.5004286898931543 0
3.526662539043928 0.4659515847659821 0
3.527124732649852 0.83418524146482 0
3.440511642115666 0.216875345068496 0
3.589151819559026 0.04496815845830615 0
3.875768348542404 0.357891600413199 0
0.2756552135815054 0.5003475968725688 0
0.8874049540770972 0.1449848634994796 0
2.27947176438227 0.1946617343177142 0
3.584166344673674 0.4241805800933071 0
3.95943352061549 0.7173742032904599 0
0.6551354619994203 0.7175057622943432 0
3.233351617904533 0.5708785588556898 0
3.290049058506508 0.1825885524895768 0
1.60142267755399 0.4017185628442758 0
1.46656742493159 0.5041114462823764 0
2.545818327001729 0.9569669012485226 0
3.782085931462523 0.08826955051193752 0
1.204637727716646 0.4603965371539178 0
2.787404459002829 0.08987713839656364 0
3.647712043088621 0.8949532743343518 0
1.160023352745482 0.8952822240653673 0
3.232236390300308 0.2277001886112081 0
1.579602051374008 0.3926267909392245 0
3.142702217096062 0.8074019422523619 0
0.7942823285037623 0.5792718294221816 0
0.4925145081900284 0.5668353676444189 0
2.614707297390381 0.03949644995985696 0
0.7656133173674333 0.8543326451689139 0
0.5397985300696828 0.7211619030757149 0
3.544508819794239 0.6987872289530048 0
0.3570526173897968 0.1305355076233365 0
3.244016785566015 0.440973538629892 0
3.660537126002026 0.6856273270502999 0
0.5863768985355413 0.01913350613352488 0
3.371298406489769 0.1168520538089348 0
1.301617059662966 0.2058540451266377 0
0.3523645377186775 0.3507351891083248 0
3.797007764100358 0.2098605115771154 0
3.825712918894571 0.224225045639684 0
0.05484366927772832 0.9074363224854234 0
1.106072752617802 0.9629310762558225 0
2.839383009301553 0.9788003498390329 0
0.3961398404143284 0.9799796307193513 0
3.95666725672517 0.6240655762979067 0
0.8668531429366617 0.1595975295821157 0
0.5355128164858891 0.69313793746744 0
1.036531933491975 0.1159629054629038 0
2.00400142098169 0.6343919596150189 0
0.970285578255325 0.1113610382814134 0
0.1846552835949609 0.7830857233030319 0
1.014083315411912 0.1065341783576702 0
3.147264037542543 0.2113267514676474 0
1.286633126817137 0.08512812144575665 0
1.560327656702096 0.4071390854467136 0
3.065227549458937 0.703328453733447 0
0.2488046734655001 0.6900569137468774 0
0.9907977044321905 0.0972481316745305 0
0.9013294878096489 0.7202658370162851 0
2.648975339251187 0.9792367941157434 0
0.03743060642648954 0.9816906855826955 0
3.962181914359457 0.02474475254302988 0
3.963902095073031 0.9799957600093681 0
0.03683275226874461 0.02295319712457222 0
1.541200234245366 0.421650296601224 0
3.633966348243906 0.9579044972053908 0
3.042122622759744 0.6938017380650181 0
2.983055800449019 0.981126166681334 0
0.6477400381527425 0.6654068738126507 0
3.603287160147977 0.1468796723172904 0
0.3130880398223768 0.1988313554721193 0
3.814769062326787 0.79995679405486 0
3.843759766414777 0.7810544284687279 0
0.5361631164330176 0.9576202321677282 0
0.2621195899191182 0.598977159159761 0
3.009852546436027 0.9560151179777527 0
0.7256613554215467 0.39911224662127 0
1.522067990733859 0.4361169828428464 0
2.74367849919465 0.07252909088471193 0
0.3058620077529866 0.8541979942902623 0
0.2793662193766382 0.8446027841424376 0
1.876292224253291 0.6630027455817527 0
0.514720812166465 0.01836268403891583 0
0.609432606311461 0.02094333278759131 0
3.417286361882638 0.7286123227939112 0
0.4929933109766309 0.8503906170435914 0
0.7343742991325513 0.1721041559549985 0
1.919488689784614 0.6220616511172599 0
0.4697909162825649 0.1533857504239779 0
2.157342009031946 0.367061414720446 0
2.765156458681477 0.08115683511851851 0
0.5181286213110246 0.1232490334337365 0
3.66332564203667 0.319570218189936 0
1.4872100104102 0.960257626827125 0
2.356509103496375 0.01944885226037318 0
3.166083159816957 0.196006512850406 0
2.048170958725458 0.6527395897340711 0
3.539999607779154 0.6359492157954223 0
0.1064964189333177 0.685881533314703 0
3.813412272447279 0.4521010060137849 0
0.181132701166796 0.919688065682173 0
0.3881371090074726 0.687355839927054 0
3.116367416834716 0.5683754607086932 0
0.7634557709735597 0.6897268633518708 0
2.360019857106261 0.979653907585624 0
1.991495045100199 0.3650228830517271 0
1.499618150631633 0.4266516468866448 0
3.461335489092411 0.1989847668178147 0
2.911971254790177 0.02098383101620122 0
3.651274898491102 0.01986600446385689 0
0.1982180119102703 0.2113413757102029 0
0.2271594822903411 0.1916366814809428 0
0.6585455969610843 0.9801729707005162 0
0.09154859326890286 0.151849681909194 0
0.556789454884044 0.6766341028685312 0
0.4408802882616603 0.7079334893084099 0
0.8414772320521451 0.1254416315442258 0
3.099662956050855 0.1923431135070522 0
3.36549706519224 0.7080291632858815 0
1.240007493999209 0.04234771254824271 0
2.953059349376233 0.04329668035369999 0
2.669801343216712 0.01941683777422226 0
3.293436632846455 0.2096364885062153 0
1.393984386993954 0.4256857916037867 0
3.411548643782563 0.6981141509356024 0
2.490822395632575 0.7975236338022323 0
2.403554247092393 0.8274707296368288 0
2.243228404080978 0.7579178416300714 0
0.2587887723037552 0.8642767524017593 0
0.126434008016536 0.6189149392017754 0
0.4486000231688041 0.1146803056142345 0
3.557763548359692 0.9771850133708053 0
0.5801276691800776 0.2539796039717657 0
3.846092682625596 0.1680009113148809 0
3.91404370704822 0.01992589465048844 0
1.396729008212505 0.4505306765436577 0
3.600268399951446 0.8715100203686754 0
0.3416961658580617 0.2104430732190498 0
0.5823695608609358 0.4377147830790208 0
3.353882511076835 0.3176510025905947 0
2.384518570637892 0.8227542055961565 0
1.59406436728399 0.1926155265686957 0
3.78833547170024 0.5617901890229232 0
1.504453408454653 0.6327527704678705 0
0.3466624833021881 0.2456200145189764 0
0.7976898663056615 0.4061312670615865 0
3.12318575768695 0.2017857175131068 0
3.248130454248372 0.3566406245 0
3.871643586569053 0.8320557441652108 0
2.740480378908433 0.5632184395182779 0
3.162642602968043 0.7922307146338115 0
3.081325839248138 0.6642764023481693 0
2.380994362217682 0.9530262117929231 0
0.2997353203953739 0.8253657793688988 0
3.172071798204334 0.4727474790398072 0
0.06360106237045215 0.208756940037748 0
1.488287586623527 0.6707723761265862 0
2.344019767736214 0.8274887675461977 0
2.75791446663912 0.6163010667550336 0
1.471390874046636 0.3695972425525493 0
0.7083064566705088 0.1369322234244261 0
3.436278537669768 0.04417533453060807 0
2.507433717339034 0.6902386234963435 0
3.873316154594394 0.6801867583697776 0
0.6119038496980893 0.9797672916687047 0
2.708757616120585 0.5797969091762902 0
3.47896021000024 0.2848159184568353 0
1.718041742748931 0.1560784367616114 0
0.2950352514583254 0.795807009584232 0
1.629746317549344 0.3003168085072797 0
1.465720518693937 0.6624299113576669 0
0.7266413975035284 0.8866660887817741 0
0.9950002598283829 0.943088047898049 0
3.234119210697894 0.08678885602501535 0
3.911711556272987 0.6551793182158708 0
3.127068029622596 0.01897424955103033 0
0.6512601279043517 0.691249702198859 0
0.06003864073366616 0.1673401571616983 0
1.170656590568725 0.03920643548661895 0
2.977970042368784 0.4184950550035066 0
1.293006572753817 0.03976252093463312 0
0.4464375343075924 0.04300307696008343 0
2.828631974338536 0.6003558482323772 0
1.663727714430256 0.9812630502815667 0
2.689416212329 0.5693874520661603 0
2.798085372669091 0.6171442099004255 0
0.2521250677986675 0.01898304360234387 0
0.7150875094774618 0.6711681119812163 0
1.676548336495006 0.3451046414388028 0
0.6991502484801924 0.3834951766341946 0
3.513756337545242 0.04174290536017899 0
0.5648003232740459 0.5806219932242154 0
1.596951856002903 0.21887022316612 0
1.664421815416961 0.9004196239116296 0
0.5196684231394646 0.5777304978291801 0
3.160145072984504 0.7676745523671441 0
0.6863088734689429 0.1511520110697768 0
2.442553735084388 0.03981338755983022 0
2.525543952041089 0.7032435586358181 0
0.8194621475297721 0.1395626080235045 0
2.352307684470464 0.08889035970425491 0
1.450984433667457 0.7002409353283179 0
2.520272542087354 0.2935185788702815 0
2.310627422457552 0.1324042841176261 0
1.431852505882339 0.7147494988025855 0
0.2672337333407018 0.8922023064508685 0
2.479645177558085 0.2998895024015008 0
0.1720726365971392 0.1623090549532161 0
2.671026706131796 0.5371061931515076 0
1.389093467915137 0.7202680530922574 0
1.590601802934062 0.1685784077367696 0
2.481094486790668 0.3247838256281028 0
1.366473481434229 0.7116764684687509 0
2.423102182065628 0.3429006156218796 0
3.570324914331122 0.6786236074627311 0
2.462296761757861 0.3386696704721316 0
3.21454085766897 0.1027662579978934 0
3.6909797731337 0.6649771429510314 0
2.481072240263648 0.9778625434250108 0
2.035687742984482 0.3605534878957353 0
2.223138118456486 0.3923967863310881 0
3.558715708552147 0.4803292391530226 0
3.908161132391442 0.3273484895408221 0
1.447514354846964 0.04346590118601468 0
0.6956774202259424 0.03906511672890522 0
2.427203642525025 0.3928839701562998 0
0.1629294431060808 0.2541438923086795 0
0.1240226408449032 0.2771541946361712 0
3.292367533576325 0.04377591817878596 0
1.870938387946894 0.7097387246835434 0
2.2270812225856 0.4417131120109893 0
2.998948880626437 0.4714143480076837 0
3.550215017795187 0.8177613567271054 0
1.697342190760701 0.8475027682816871 0
2.408365414731043 0.4073168475186857 0
3.105002513203263 0.6735816461875541 0
1.408475775498007 0.7061081259227449 0
2.18830305111879 0.4459294787346414 0
1.638981704176576 0.9802909909502378 0
0.1400898778639776 0.4534214477667855 0
2.3895356288969 0.4217353636591598 0
2.306779990314565 0.4059724930966826 0
2.190069869522537 0.4697093063479109 0
1.617881114514253 0.04092913615732741 0
3.400120450850686 0.03979514259951378 0
2.843361856693502 0.6334787488886364 0
3.950547776046839 0.5613165249680842 0
0.775960872796555 0.4215198839694273 0
2.150702717288815 0.473823556798341 0
0.06436383932782652 0.953869440166119 0
3.216919224451846 0.1276653670175506 0
0.6648714549696224 0.1158908615896145 0
3.58081999361799 0.1654242346250965 0
3.714673356910984 0.04118304820523372 0
0.802393095303799 0.9827519750889079 0
0.4357550871294302 0.6802539085826057 0
0.3706011127482334 0.7659347114782166 0
0.9001916949145579 0.6942152181566336 0
3.413246462788709 0.9813855686290386 0
1.840900916334638 0.3476715458359754 0
0.6713225408535077 0.3725926457553768 0
0.9617064519681542 0.04035288470088305 0
2.566693623122722 0.6086163789532379 0
2.131552547341339 0.4880746468040772 0
3.203629997370325 0.7376844894454011 0
1.347673057660743 0.7259413945798256 0
0.3271218457712897 0.04252665505463959 0
0.742817685980202 0.27271216915661 0
3.719552292210277 0.1282759623223761 0
3.181635901386804 0.7523543466370995 0
2.525997555908107 0.6142761221004598 0
2.612947683836778 0.9612199383386467 0
1.733936775317119 0.1774830567640963 0
0.7511475514534502 0.4106947772769649 0
2.624717379490348 0.4743168899633048 0
0.3182517584155347 0.2675799594452112 0
0.9415166757703797 0.6890790864416698 0
0.31876342996211 0.3717509257695461 0
1.325245943276989 0.7166268021069191 0
3.200177928045914 0.1677070154524582 0
3.670305614256573 0.1171358902666934 0
2.088115087067476 0.6937983952995139 0
0.4636749233291562 0.5546064620985456 0
0.132358662183363 0.02200061364525424 0
3.594483784851878 0.9624488974135013 0
2.887769279348548 0.627677642296294 0
0.3458652796858486 0.7863938382028191 0
1.960836867230243 0.6424478868161154 0
0.9413425070351531 0.6605724281848981 0
1.302847927845908 0.7074102165561085 0
1.634684514438482 0.02282625918387299 0
2.964652811293423 0.5950824541577985 0
3.047064439110577 0.4467646378633125 0
2.575679214494603 0.01949476571451025 0
2.69907645465709 0.3918120626924169 0
2.684867210735321 0.4553182792327565 0
2.666030500677322 0.4687919979452749 0
2.944938199565045 0.5854538367718174 0
1.280498827426271 0.6981230099464534 0
0.4682167760644684 0.8417274483342023 0
0.6535815740162325 0.02230592781719798 0
3.224913576543934 0.9819462959700864 0
3.1245543069161 0.6584458239372954 0
1.364794594568159 0.3675719804179482 0
3.513529768656083 0.3255131659097864 0
3.647034911544624 0.8684647862059451 0
3.937822186229014 0.1973442088749848 0
0.9140356839395545 0.04258130618901035 0
0.9614326185192867 0.6455776127340367 0
1.063996073115869 0.6770841883938967 0
2.958500056067195 0.9810276109969012 0
3.82305024714456 0.9172405936608264 0
3.115456379058565 0.288463441685241 0
1.106881045532398 0.6708652816502993 0
1.062802597586976 0.01764088647253559 0
3.885213534603015 0.249528554941864 0
0.7597906975914741 0.6642038947999642 0
2.408417401330418 0.9808560029538252 0
1.044080314181542 0.9821195863720786 0
3.721736469171327 0.6430634580429462 0
0.663328070135099 0.3423230501679087 0
3.221532451557828 0.01842555163745174 0
0.7416414419689996 0.3105522033556054 0
0.552202183686771 0.6495490411911988 0
1.257691690799747 0.6883202796752508 0
1.149577365556068 0.6657452549194647 0
0.7771482468204942 0.6220066932881911 0
3.73644704875963 0.9611680696518219 0
1.339791544852832 0.3342696887459203 0
0.9708709531628066 0.983589807406971 0
3.301469903255309 0.5214070881531893 0
1.189890201625991 0.6603248763671463 0
2.424958234887443 0.3665496179803619 0
1.818909246220788 0.3382588945192715 0
2.288219132824801 0.7541247736539833 0
2.680071997535342 0.4058924086839788 0
1.317717315109735 0.3247292978271106 0
0.227964095416608 0.5853585508596822 0
2.224927359226368 0.4171925263921968 0
2.682921910409025 0.4301525356341067 0
1.235559802169487 0.6788578704007233 0
3.229186567137297 0.7740900258585931 0
2.061918116827685 0.311283394005883 0
3.840986469805717 0.02041134579200177 0
3.066001444700948 0.4564948108576656 0
1.295298232376101 0.3156374421695559 0
1.764699854698974 0.2452180141503311 0
3.764562184356194 0.05388549357709937 0
2.859606988323503 0.95933622120031 0
3.855368655633271 0.4675364532378862 0
0.3831243126878803 0.03909128727747857 0
2.761647374928059 0.3970381306376315 0
3.978221497590905 0.8795268654215587 0
0.09761670864782057 0.8224994130507806 0
2.320524844304614 0.1673175280511419 0
3.145935568170016 0.6424423495907631 0
3.677090416468543 0.1446178422620717 0
0.08676393983026309 0.6054980170685749 0
3.781738860774091 0.03925376309122119 0
3.028923790782642 0.5524811937493742 0
0.8555683962247962 0.04100979769665558 0
3.358190626093275 0.346627563449902 0
2.196045894244001 0.3134992498969016 0
3.688142922457899 0.8945796121762413 0
1.386115009932728 0.03960416856264282 0
3.381060544575194 0.9624317299141214 0
3.131319099917348 0.2729506005431597 0
0.2343778630154982 0.2945286406600506 0
3.82658792401036 0.5788501826029253 0
1.254440008593798 0.3440526945950233 0
3.81342090420168 0.7659704261140989 0
2.754873777573823 0.03830674097683989 0
0.5559628180277396 0.425833154158437 0
3.160058349501154 0.0377067466203167 0
2.850033423861625 0.4331063735310167 0
0.5269516514683961 0.6389975373532859 0
3.196473685725504 0.4819165405829379 0
3.197710915173621 0.1425142727834108 0
3.489226682711203 0.3834640488506396 0
0.866563727822417 0.9595743713341691 0
3.488117595939407 0.3478755919231394 0
3.429536877918025 0.3983488871379442 0
0.1261481141457885 0.7977870631071775 0
0.7352568681792173 0.6561513955729023 0
1.973593824457027 0.3355222727483885 0
0.5287297972619265 0.2595808124281059 0
0.4014666893556278 0.5287054262605516 0
1.274955887118123 0.329862641396909 0
1.210405590516364 0.3498861120608926 0
1.004403789789597 0.03832160886371827 0
3.556134516179652 0.1851432895286347 0
0.2524773246023244 0.0895231950043448 0
3.477969703539556 0.962905813166731 0
2.110484323895453 0.6797812358554804 0
1.18804646473262 0.3402358826531152 0
2.30796667607729 0.854260452238651 0
2.883207231272467 0.04156308690348687 0
3.059142727531947 0.04123654039936125 0
1.231522015519583 0.6560860417711437 0
2.504707874469981 0.9604795156332693 0
1.231875890806247 0.3357437479356842 0
0.1982277284150884 0.9013306837103598 0
3.564793533406142 0.6505682347921947 0
0.08458283972441016 0.9844144270600041 0
1.811194855393508 0.2871067706211111 0
2.890561227573172 0.4281457280237475 0
3.868464470372856 0.981926247036782 0
3.368671049261749 0.8650080624632828 0
2.992108139327103 0.03779637318511941 0
3.590398436899693 0.4953353863609305 0
3.183201656821649 0.9603559762559615 0
2.910539738069275 0.4130997807626549 0
3.781275396935432 0.9597108673572208 0
0.6404601739588183 0.05734964026648676 0
2.153823285100199 0.6739448157491881 0
3.668851865940826 0.882059564889533 0
0.4436688653595411 0.8333140367632323 0
0.2046255325411517 0.9816663031898982 0
0.1852688152096378 0.04044877180937539 0
1.814575117213196 0.3134935631271369 0
0.2809126409891569 0.3482757353631917 0
3.275640859471262 0.6566067988959283 0
1.381260418184682 0.9589214942436372 0
3.054489277953353 0.608277191266049 0
3.977397827901119 0.1555720556368894 0
0.9332374211281966 0.9617204840817335 0
3.798083695505715 0.9042780249276958 0
3.071140470623701 0.9595776145690087 0
0.4868055606701431 0.04043335985692087 0
0.5224529576841501 0.6093499384933716 0
0.4330999764908836 0.5422391158271779 0
1.702763469750245 0.8896066089870992 0
1.69259574764406 0.1460041840772119 0
1.666555321302302 0.9461977360220839 0
1.164746062275925 0.3062837296889409 0
0.3698794228761204 0.5155055772032 0
0.6904160906148777 0.6625309269076483 0
0.4945377844948768 0.1383720434363859 0
0.4946604044588971 0.9593728526963434 0
1.485300134316554 0.03898463459366114 0
0.7431230059349445 0.03757535501914133 0
1.057120828246161 0.3090304216303752 0
3.655839878961866 0.5291966916916081 0
3.252004810143862 0.809238154034845 0
1.210647384411033 0.9837735365940983 0
0.4091925436101835 0.6705379163144588 0
1.139303430944586 0.2738431726729454 0
2.719292022625468 0.9825014590615552 0
3.219510192353247 0.4633984015135876 0
3.384765906663674 0.3594218618779857 0
3.354207959158577 0.7778718276946965 0
3.328662992141911 0.7654338297995762 0
3.621880176998906 0.855830324980918 0
1.118730351349229 0.2870755780854758 0
3.961294486927186 0.376142480956925 0
3.361869537228063 0.8090724277968258 0
1.316902634327319 0.03812917303217289 0
1.731121229302184 0.7941973528556153 0
3.82023979327061 0.9833079982549207 0
0.6350019699350788 0.3033971499831766 0
1.593254265871601 0.9814338535826453 0
3.850399958620497 0.2035378247345693 0
2.548680596261546 0.04098069090650902 0
0.2887847388950273 0.9619691882607725 0
3.075567114639548 0.5952571867099394 0
3.53257810666121 0.9815748786709937 0
0.02765115889726633 0.7725794663167453 0
0.5296261636691182 0.4137246195312931 0
2.817188422896493 0.01680705612149924 0
3.623872831761314 0.5109311941150388 0
0.4815043332947702 0.2383430393039322 0
2.13279600794039 0.6875905562669202 0
1.900251954925768 0.6343714998875967 0
0.7636681059610633 0.9611509496598378 0
0.2235653940043389 0.5444620828408877 0
0.1545881895478796 0.7716001835895271 0
0.7278984809843076 0.3749395376735513 0
0.4704732126372986 0.9819851421546397 0
1.109446258265737 0.9830030697740435 0
0.4189512074550341 0.8237718944283684 0
0.09467583681001845 0.2193871543277235 0
1.740401776746152 0.2163599960027146 0
1.281382641044461 0.9821838676251227 0
0.2618437469629704 0.2719217263861312 0
1.038709001295371 0.3466250347350838 0
0.9937468676931849 0.9837688561959974 0
3.722842037386326 0.7547026001627579 0
1.0967860125277 0.2784851187576594 0
3.330617941011826 0.0383022350254334 0
1.20824143706912 0.6473388807955598 0
3.008597191818689 0.5658229930822751 0
3.506121773932201 0.1922083483904293 0
3.698662519891577 0.3294000041473432 0
1.076655911590971 0.293565766408639 0
1.166769962666044 0.6522591158311405 0
0.3485078457915964 0.9842023955678978 0
1.171770562128981 0.9616430195806331 0
0.04085280815175141 0.9226264115450687 0
3.690946296625198 0.9606762398362185 0
2.264797696882559 0.2127508369027158 0
2.988687589847067 0.5795696923128798 0
1.98483941611027 0.6478548905331366 0
3.182143595815515 0.181792962315711 0
2.451510770708245 0.9816363066029687 0
2.646941251145455 0.01673509962627778 0
1.671763079667313 0.0168014096746204 0
2.490629958397951 0.03728707148470856 0
0.9728525741706258 0.3662509325121334 0
0.6432893251740768 0.08332556962740972 0
3.924115421147498 0.2631215072306372 0
2.922997503115178 0.9635255820149327 0
0.5388719689192918 0.01597025296190946 0
1.544920039141953 0.984240530292259 0
3.097863940144603 0.6044980118148012 0
3.982357824529293 0.9353776041994668 0
2.027367903004406 0.6411591793045188 0
1.058621851416 0.3316380707004562 0
0.6110942586356387 0.2913899262563404 0
0.02171976157023092 0.1239788541296427 0
3.865541725927209 0.5508332490741465 0
3.907849965945919 0.521478708685354 0
2.12965039845963 0.309820228312396 0
1.338870702605612 0.9635076423979528 0
3.959958634178955 0.4560360050786064 0
3.702472053372912 0.368045168602478 0
1.840159592931951 0.7266740159628454 0
3.473903932374106 0.03950946495972041 0
0.639649131653965 0.3311041096637816 0
3.798936614257918 0.2368859811226799 0
2.925133964516311 0.5774859366053338 0
3.455807709898649 0.9339181787969384 0
0.6238168757274032 0.9626611961660106 0
0.5590741426026113 0.2706720569514737 0
2.564543966178019 0.962968770630231 0
3.883143336279668 0.03820860930970055 0
2.369545438873374 0.07896929302595779 0
3.780579968115214 0.7521745124266106 0
3.231609569711267 0.4200215476503533 0
2.312105862481926 0.8724351727172783 0
3.57001395057844 0.04512770789288589 0
0.2205957170997259 0.8834316042061243 0
1.124817693988132 0.6573244313844216 0
1.221184489918914 0.03639976792650329 0
0.2370368813390249 0.7478558569279429 0
0.3623837060969695 0.4850048679071845 0
3.386374867173775 0.3853234618551229 0
2.906628771963642 0.5914725319756526 0
0.3268142721059939 0.4731127039529083 0
1.66224508948893 0.1343611522404826 0
0.3635772193421933 0.0388416190565064 0
3.976989704331404 0.8471787671126103 0
0.6057990585044026 0.2637498513589688 0
0.1845747369997848 0.7423688916668023 0
0.5091679821778783 0.2758302737611438 0
3.924282217656943 0.9612267764065472 0
3.853458474040839 0.2416021514939043 0
3.944503728759416 0.7966076184803474 0
0.389194441646934 0.05751084961317743 0
0.9348931852857738 0.03945672774306508 0
1.857734016258663 0.6700267917027311 0
3.330392771109715 0.9627288244740395 0
2.223926105760052 0.7467875192707629 0
2.135295345638826 0.3607675107514464 0
1.082288325711279 0.6630129565525897 0
1.0171610556665 0.3385992420631513 0
2.317687804128863 0.9817026962876512 0
2.316191313130666 0.7891028602393099 0
0.1490537564811316 0.9611755966321538 0
3.954459646118595 0.09839768049023778 0
3.907526131986134 0.0585546406752897 0
3.117456540408521 0.5909108293544346 0
2.777059447017328 0.962995050055642 0
1.439823395606905 0.9619052771707646 0
0.9958392221847983 0.3525052392076189 0
3.97102296663923 0.77660051907219 0
1.785062495252318 0.2565112242736584 0
0.4814667228544136 0.2627612482118313 0
3.365111401210466 0.8384217343115161 0
3.684667607954245 0.5091153104673022 0
2.907118311860011 0.613757331442238 0
0.4126726214319241 0.9636249057456189 0
0.6920636213911586 0.9629084783045134 0
0.1992384206496909 0.2774516940166973 0
3.753198996630889 0.7730081591260956 0
3.484811307532928 0.2054144587773697 0
2.866480185842758 0.619747204657802 0
2.696777532714778 0.05788565739743512 0
0.6452135735788072 0.1095174146278752 0
0.1739815816786909 0.1954095856229089 0
0.05003730659069783 0.884104687665146 0
3.293122916680006 0.9848553674504259 0
3.630115164790397 0.03769296371626463 0
3.693251398367068 0.03864390004962009 0
3.556891167664667 0.01508757678576506 0
1.532886079446444 0.03536717740512019 0
2.387246799067892 0.04108031793804623 0
0.07202667807242902 0.03582270768631718 0
3.705449378139114 0.4068413163992146 0
3.963225692093106 0.05042777309511515 0
3.575344124797999 0.8592661945336466 0
2.815055499002411 0.9848880201323431 0
3.961064170182538 0.9199631041748304 0
3.45641804557662 0.9584926775743869 0
1.11345078842315 0.01498332797747176 0
2.318756634117525 0.1152981487493276 0
0.8979837311092085 0.01497705622805584 0
3.494808635317837 0.03536877584163756 0
1.592266471343027 0.01490886042775946 0
2.317158397341776 0.01773803101846338 0
0.7223932738835741 0.3201993708340747 0
0.2645044705244946 0.3098066834424018 0
0.03544500592891131 0.708951296669368 0
2.602948114914913 0.0183054148397287 0
3.726205053404524 0.3051907018023409 0
2.348497431987023 0.9135044100317145 0
3.881163672512662 0.9639984280637726 0
1.508471735374636 0.9644766653839483 0
1.682959500814059 0.9823865182333152 0
3.137767880666182 0.9642697060034233 0
0.6675433398331894 0.6518689291678037 0
0.0844487201407933 0.8452501693723369 0
0.7262733325508184 0.3477126170606269 0
3.253815994704785 0.5514440639642101 0
2.32402192263457 0.9031437215725037 0
2.180563686454214 0.3273004206279271 0
2.782062491283873 0.6058021355390335 0
3.744527538159238 0.2493904838222317 0
3.901274114556019 0.03839833878237425 0
3.889353555456044 0.07644309790489984 0
3.982065145505542 0.01812635469536172 0
0.0179348544944582 0.9818736453046383 0
0.01793485449445953 0.01812635469536228 0
3.98206514550554 0.9818736453046376 0
1.040918588844266 0.6684479775433247 0
3.571341268373561 0.8321580853499082 0
0.3059662345219101 0.03565941151210017 0
0.5746905902441091 0.03542877539547756 0
3.095852222829978 0.03859096411204055 0
3.681129001954101 0.4703178152776221 0
0.502761405395916 0.4009048941327305 0
2.153682872299601 0.2738699232698976 0
1.017751538337255 0.6591421643244004 0
1.712573930748642 0.8290129890384081 0
0.7902502024522371 0.03518780699320501 0
3.602573501788848 0.6202426398987113 0
2.671082154262905 0.9856280646287763 0
3.838098434404767 0.9301014384791021 0
0.1688235554092898 0.9366229000842385 0
3.677150085464199 0.4319287983817719 0
1.747611348488862 0.7792561562953069 0
3.275341638945604 0.7944194968212359 0
1.275484565621429 0.03874784828816158 0
3.022066359713227 0.4622392618311741 0
3.768447044730539 0.07374064112479117 0
0.2163713623958321 0.9643268196665805 0
0.9967342399756343 0.6520019556322689 0
3.165349784484276 0.2856046580180014 0
3.958400037211764 0.9619715166986924 0
0.4288277416430748 0.03673568205231553 0
0.8373572335184309 0.03514487523736148 0
3.47658878516329 0.06238647531502783 0
0.955893326490151 0.3312533193599134 0
3.701278974420628 0.1471066828742268 0
1.149167977976064 0.03487372934283284 0
3.270729458625616 0.4281675702631563 0
2.419156490018179 0.9655865487387861 0
0.4141974746971147 0.7958444765058078 0
3.030428165292625 0.9848476729773532 0
3.209334130276528 0.03516390569161743 0
2.934430779868836 0.01417488901880759 0
2.650784755600966 0.5506779627888252 0
3.18536110715596 0.2029555517194313 0
0.2217497025380566 0.03812568733426225 0
3.760387832905612 0.03494509674047364 0
0.6411087972956648 0.03804291940971871 0
2.008803783892864 0.379764565257198 0
0.3114345195323518 0.9651344919680482 0
3.895662125033687 0.8177080377140495 0
2.4216061318593 0.03610847896112745 0
3.399585220589379 0.06321387679047835 0
1.306148245014889 0.05273713527685486 0
0.2631735672982476 0.05184335664425299 0
0.1051649069370029 0.4334345844867624 0
0.9226050072219589 0.3470480285471662 0
2.63155318816545 0.5633021707374042 0
3.041689353639295 0.03519098638514906 0
3.282010327666408 0.560472986212038 0
3.909912353273924 0.4749462060638426 0
0.6647567912068624 0.6263218311695375 0
3.377091687261428 0.034521348467215 0
0.1494221449722666 0.04233039441379066 0
0.4440727893321867 0.2225293792497829 0
0.3036924788364446 0.4923947923138118 0
0.8777185580691218 0.3517668809678587 0
2.612500850435451 0.5777436594142741 0
3.194018311959259 0.2378742210685269 0
1.143385635403932 0.9827273465342548 0
1.824214347883265 0.7168747569592588 0
0.8861911038934873 0.9653032319467971 0
2.553949881232201 0.5969580658546116 0
1.424964066022707 0.01431842347052159 0
3.65650031910112 0.9615497197728886 0
1.947952446183197 0.3286153217459725 0
0.8294093925197319 0.9613024407084645 0
3.952446279920301 0.1713480939899975 0
2.593486281836609 0.5913617813087693 0
3.774198513372408 0.8939820533877567 0
2.994015477120816 0.9651002497043346 0
0.6386511998705129 0.6127518577101015 0
0.4315874351126872 0.970777517518232 0
3.61394307949093 0.9652779079834725 0
3.473584203379471 0.9219115492448874 0
2.51392133919958 0.6027993422653899 0
3.826108556547535 0.03789233787397922 0
2.743216719914786 0.05362978991449041 0
3.780303046067871 0.2591052849917683 0
3.296244068261428 0.7808219425857122 0
0.8673722715985976 0.3167671302539886 0
2.050482659698003 0.3286581721445057 0
2.489803806559779 0.6230986345480163 0
3.2162165276401 0.2439387491037031 0
2.748582716333913 0.5973013901866148 0
0.6888009955767771 0.01710507238471926 0
3.082961873207999 0.4666105114903 0
0.3881857641286044 0.07478254437907905 0
3.928882393424035 0.2976100862042891 0
3.299488990012533 0.5440624418114123 0
1.936388733085532 0.6495235123646212 0
2.051047320083102 0.67127413129976 0
3.108768817610111 0.4419325477191434 0
0.4119969828261112 0.7719607017533275 0
2.633974163090208 0.9649418478708749 0
1.663380485781596 0.1180312616175264 0
1.765614968945148 0.763681477279205 0
3.135537937167007 0.6000409378052409 0
3.497256125842261 0.96608828940705 0
2.493709575638876 0.6445721398151821 0
1.806134877943564 0.7302700557323667 0
3.090045876817794 0.9659371841010764 0
2.78430481025861 0.01699136731793471 0
0.6337006179988602 0.5878538486326639 0
0.8259480093633602 0.304320599357798 0
3.339557496553395 0.5532304816560593 0
0.1129113569219722 0.9636627994356405 0
2.543213934208825 0.7040198902823001 0
3.450922477774276 0.03485377484348207 0
1.041628435985171 0.01322127814762963 0
3.962347034502507 0.8975271481122118 0
1.888448163988714 0.3192737738928285 0
2.284327937519371 0.1731562451206546 0
3.269650457105237 0.01381556134795831 0
0.3851543749725295 0.6624514149451211 0
1.364863767646505 0.03415522377333124 0
0.1686082254895562 0.03459339921371241 0
2.496782022556374 0.6685442565175805 0
2.259450996852123 0.7406084875461783 0
1.065569220131164 0.9869136278474 0
3.165598513929029 0.3053318536756228 0
0.4300394150723776 0.2384778562800176 0
2.636708500396054 0.03186154533388436 0
1.606096482458895 0.9649381338604262 0
3.113796655475901 0.324478338446489 0
0.4277233709373831 0.1257436298883089 0
1.881317102260975 0.645996494266708 0
3.120560373098074 0.3734146702739408 0
0.4781701727891541 0.3890330257151569 0
2.130733102835189 0.341603504637594 0
3.117296074301308 0.3479960311950407 0
3.59643681376647 0.5936247405725632 0
3.263813535946188 0.6723800666437831 0
2.544455334697713 0.7371954828290974 0
2.337008417726644 0.9862886505300694 0
0.7243927365241807 0.962261245223046 0
0.7783111353948926 0.2844662027299181 0
3.100377067845711 0.4216741171747724 0
3.575604393098774 0.06503429210736694 0
0.2631660059197731 0.03373156195127724 0
0.802211922256846 0.2943977320516783 0
3.138144615689237 0.03386512881035209 0
0.2316174234086312 0.09893963019083352 0
1.293869667903737 0.9669048998854738 0
0.04548507051204576 0.1406886804576515 0
0.503757515825352 0.03347377152239756 0
3.575525273696341 0.9622179899805469 0
0.1158087542785906 0.03642144504951184 0
2.5272647097315 0.7469482805473576 0
3.269153203469457 0.3592181715407428 0
2.731773125800433 0.9663631659180537 0
0.4266570491544228 0.9518922322101978 0
2.87799092705637 0.9640202095683145 0
0.1765648927355734 0.2282576235238036 0
1.783724227677294 0.748292162468843 0
3.682158949990111 0.167334352358549 0
3.401370415143665 0.9673044479856148 0
0.1526291168523488 0.06427657483448479 0
0.2657294078734604 0.1082262946829837 0
2.370969399372652 0.9662051437869881 0
2.472896238121149 0.7874812337254293 0
3.441905064299834 0.3786228363164311 0
3.479006641570537 0.08447940451950114 0
3.245660973766759 0.9874020421913837 0
3.574763961925947 0.8010610108101457 0
1.871302560867406 0.3322836912414115 0
1.462657131423461 0.0349212670746219 0
0.3927470710157515 0.2292056614473119 0
2.509800938248899 0.7879589823201816 0
2.509697039253332 0.7568003387306381 0
2.989119831849466 0.4513586155736525 0
1.693904689818963 0.8721064229975179 0
0.03458826724219688 0.0753373691874637 0
2.898242536678961 0.03210707690654219 0
3.253265140185602 0.2339163685968882 0
1.983461824557574 0.3494439160880432 0
0.03504661939398668 0.0507411643102908 0
0.9817764756201819 0.03319543294998739 0
3.360578100909532 0.6836679085795159 0
1.236596698851445 0.9623487609903419 0
0.8475028567838407 0.3112494035550643 0
2.971340105757721 0.03441960267839261 0
2.320762701611069 0.1471592723117989 0
3.871666418060758 0.0905423655250977 0
1.986674049810378 0.6629378461097872 0
3.307472535653778 0.03473903733156325 0
2.453265717674792 0.8011291305430253 0
2.332270273335951 0.8155528653576576 0
2.39444893293482 0.05844513811422325 0
3.402247459610621 0.08515305112888893 0
3.736807504235311 0.1312494771965115 0
2.372646964159182 0.8099873389219269 0
3.946994047803125 0.8195391214088598 0
3.723469376967476 0.8707396586382501 0
1.826751145740246 0.2825760346174352 0
2.435484913202776 0.8132400660930315 0
0.07405250028889321 0.6831005114106073 0
3.622085436107975 0.5741044845235277 0
0.7399980159050703 0.9314333204111784 0
2.250414569297406 0.2529299635354479 0
3.187845515150685 0.3142765072681902 0
1.803771962623154 0.2677028674204764 0
3.420342137179479 0.03613039524764772 0
3.272465780357155 0.3870893575134609 0
0.2644408906191758 0.07451202361807585 0
0.5751029704601391 0.5619268504798787 0
2.342623762180962 0.03494660847355108 0
1.687646794647775 0.01330660472544004 0
0.6101094923732666 0.5783118677414569 0
0.04758384849442709 0.9661779121877908 0
0.9099251859186994 0.3365188589666503 0
3.969413682256552 0.7493837293885675 0
0.722129666374437 0.923127035597395 0
2.193612385541985 0.2706550191487098 0
$EndNodes
$Elements
9 13258 1 13258
1 1 1 40
1 1 9 
2 9 10 
3 10 11 
4 11 12 
5 12 13 
6 13 14 
7 14 15 
8 15 16 
9 16 17 
10 17 18 
11 18 19 
12 19 20 
13 20 21 
14 21 22 
15 22 23 
16 23 24 
17 24 25 
18 25 26 
19 26 27 
20 27 28 
21 28 29 
22 29 30 
23 30 31 
24 31 32 
25 32 33 
26 33 34 
27 34 35 
28 35 36 
29 36 37 
30 37 38 
31 38 39 
32 39 40 
33 40 41 
34 41 42 
35 42 43 
36 43 44 
37 44 45 
38 45 46 
39 46 47 
40 47 2 
1 2 1 71
41 3 48 
42 48 49 
43 49 50 
44 50 51 
45 51 52 
46 52 53 
47 53 54 
48 54 55 
49 55 56 
50 56 57 
51 57 58 
52 58 59 
53 59 60 
54 60 61 
55 61 62 
56 62 63 
57 63 64 
58 64 65 
59 65 66 
60 66 67 
61 67 68 
62 68 69 
63 69 70 
64 70 71 
65 71 72 
66 72 73 
67 73 74 
68 74 75 
69 75 76 
70 76 77 
71 77 78 
72 78 79 
73 79 80 
74 80 81 
75 81 82 
76 82 83 
77 83 84 
78 84 85 
79 85 86 
80 86 87 
81 87 88 
82 88 89 
83 89 90 
84 90 91 
85 91 92 
86 92 93 
87 93 94 
88 94 95 
89 95 96 
90 96 97 
91 97 98 
92 98 99 
93 99 100 
94 100 101 
95 101 102 
96 102 103 
97 103 104 
98 104 105 
99 105 106 
100 106 107 
101 107 108 
102 108 109 
103 109 110 
104 110 111 
105 111 112 
106 112 113 
107 113 114 
108 114 115 
109 115 116 
110 116 117 
111 117 2 
1 3 1 25
112 4 118 
113 118 119 
114 119 120 
115 120 121 
116 121 122 
117 122 123 
118 123 124 
119 124 125 
120 125 126 
121 126 127 
122 127 128 
123 128 129 
124 129 130 
125 130 131 
126 131 132 
127 132 133 
128 133 134 
129 134 135 
130 135 136 
131 136 137 
132 137 138 
133 138 139 
134 139 140 
135 140 141 
136 141 3 
1 4 1 71
137 5 142 
138 142 143 
139 143 144 
140 144 145 
141 145 146 
142 146 147 
143 147 148 
144 148 149 
145 149 150 
146 150 151 
147 151 152 
148 152 153 
149 153 154 
150 154 155 
151 155 156 
152 156 157 
153 157 158 
154 158 159 
155 159 160 
156 160 161 
157 161 162 
158 162 163 
159 163 164 
160 164 165 
161 165 166 
162 166 167 
163 167 168 
164 168 169 
165 169 170 
166 170 171 
167 171 172 
168 172 173 
169 173 174 
170 174 175 
171 175 176 
172 176 177 
173 177 178 
174 178 179 
175 179 180 
176 180 181 
177 181 182 
178 182 183 
179 183 184 
180 184 185 
181 185 186 
182 186 187 
183 187 188 
184 188 189 
185 189 190 
186 190 191 
187 191 192 
188 192 193 
189 193 194 
190 194 195 
191 195 196 
192 196 197 
193 197 198 
194 198 199 
195 199 200 
196 200 201 
197 201 202 
198 202 203 
199 203 204 
200 204 205 
201 205 206 
202 206 207 
203 207 208 
204 208 209 
205 209 210 
206 210 211 
207 211 4 
1 5 1 40
208 5 212 
209 212 213 
210 213 214 
211 214 215 
212 215 216 
213 216 217 
214 217 218 
215 218 219 
216 219 220 
217 220 221 
218 221 222 
219 222 223 
220 223 224 
221 224 225 
222 225 226 
223 226 227 
224 227 228 
225 228 229 
226 229 230 
227 230 231 
228 231 232 
229 232 233 
230 233 234 
231 234 235 
232 235 236 
233 236 237 
234 237 238 
235 238 239 
236 239 240 
237 240 241 
238 241 242 
239 242 243 
240 243 244 
241 244 245 
242 245 246 
243 246 247 
244 247 248 
245 248 249 
246 249 250 
247 250 6 
1 6 1 71
248 7 251 
249 251 252 
250 252 253 
251 253 254 
252 254 255 
253 255 256 
254 256 257 
255 257 258 
256 258 259 
257 259 260 
258 260 261 
259 261 262 
260 262 263 
261 263 264 
262 264 265 
263 265 266 
264 266 267 
265 267 268 
266 268 269 
267 269 270 
268 270 271 
269 271 272 
270 272 273 
271 273 274 
272 274 275 
273 275 276 
274 276 277 
275 277 278 
276 278 279 
277 279 280 
278 280 281 
279 281 282 
280 282 283 
281 283 284 
282 284 285 
283 285 286 
284 286 287 
285 287 288 
286 288 289 
287 289 290 
288 290 291 
289 291 292 
290 292 293 
291 293 294 
292 294 295 
293 295 296 
294 296 297 
295 297 298 
296 298 299 
297 299 300 
298 300 301 
299 301 302 
300 302 303 
301 303 304 
302 304 305 
303 305 306 
304 306 307 
305 307 308 
306 308 309 
307 309 310 
308 310 311 
309 311 312 
310 312 313 
311 313 314 
312 314 315 
313 315 316 
314 316 317 
315 317 318 
316 318 319 
317 319 320 
318 320 6 
1 7 1 25
319 8 321 
320 321 322 
321 322 323 
322 323 324 
323 324 325 
324 325 326 
325 326 327 
326 327 328 
327 328 329 
328 329 330 
329 330 331 
330 331 332 
331 332 333 
332 333 334 
333 334 335 
334 335 336 
335 336 337 
336 337 338 
337 338 339 
338 339 340 
339 340 341 
340 341 342 
341 342 343 
342 343 344 
343 344 7 
1 8 1 71
344 1 345 
345 345 346 
346 346 347 
347 347 348 
348 348 349 
349 349 350 
350 350 351 
351 351 352 
352 352 353 
353 353 354 
354 354 355 
355 355 356 
356 356 357 
357 357 358 
358 358 359 
359 359 360 
360 360 361 
361 361 362 
362 362 363 
363 363 364 
364 364 365 
365 365 366 
366 366 367 
367 367 368 
368 368 369 
369 369 370 
370 370 371 
371 371 372 
372 372 373 
373 373 374 
374 374 375 
375 375 376 
376 376 377 
377 377 378 
378 378 379 
379 379 380 
380 380 381 
381 381 382 
382 382 383 
383 383 384 
384 384 385 
385 385 386 
386 386 387 
387 387 388 
388 388 389 
389 389 390 
390 390 391 
391 391 392 
392 392 393 
393 393 394 
394 394 395 
395 395 396 
396 396 397 
397 397 398 
398 398 399 
399 399 400 
400 400 401 
401 401 402 
402 402 403 
403 403 404 
404 404 405 
405 405 406 
406 406 407 
407 407 408 
408 408 409 
409 409 410 
410 410 411 
411 411 412 
412 412 413 
413 413 414 
414 414 8 
2 1 2 12844
415 1180 4384 1182 
416 3411 6066 6036 
417 3071 4134 3924 
418 4178 5753 5118 
419 4712 4714 422 
420 3758 6254 4290 
421 3841 6179 5998 
422 5841 6378 4227 
423 3302 5347 4142 
424 5493 6291 503 
425 4072 6498 3820 
426 589 4317 587 
427 3823 6291 5493 
428 4324 4325 442 
429 3950 5892 462 
430 189 4576 188 
431 473 6498 4072 
432 3009 6137 4269 
433 565 5841 4227 
434 3790 6133 4166 
435 482 5302 4518 
436 4586 5951 4659 
437 4166 4313 3790 
438 4059 4075 4074 
439 4234 5863 428 
440 499 4348 163 
441 3727 4252 3384 
442 5009 5011 3715 
443 2585 4284 4283 
444 2585 4283 2586 
445 4277 4807 2176 
446 4290 6254 3301 
447 3446 6026 5824 
448 437 4716 4555 
449 4134 6009 3924 
450 5998 6179 453 
451 525 6375 4107 
452 3909 3996 559 
453 4695 5853 5123 
454 518 5973 4017 
455 3363 5709 4137 
456 3956 4380 541 
457 4107 5874 525 
458 3650 4146 4090 
459 3865 6242 528 
460 4956 5713 3891 
461 6129 6467 3845 
462 528 6073 3865 
463 4269 5347 3009 
464 5760 6394 2613 
465 4090 6279 3650 
466 510 4218 410 
467 4659 5951 3298 
468 1534 4290 3972 
469 2216 4446 3982 
470 4121 5760 4120 
471 4056 4416 3109 
472 3389 4232 3388 
473 4713 5952 4714 
474 493 4343 4132 
475 3940 6090 420 
476 558 4493 3898 
477 3727 4430 4252 
478 5760 5932 4120 
479 4121 6394 5760 
480 3743 5796 4920 
481 6036 6066 972 
482 5010 5091 438 
483 3846 4898 529 
484 2075 4385 3891 
485 4393 5771 2993 
486 3782 6362 6006 
487 4453 4575 540 
488 1385 5713 4956 
489 547 5115 4354 
490 4920 6179 3743 
491 3703 5961 5131 
492 4714 6109 422 
493 6023 6070 4113 
494 4356 4365 4259 
495 41 6052 5947 
496 3772 5763 4897 
497 3979 4427 3977 
498 4085 4503 3722 
499 4576 5853 4451 
500 4100 4278 4082 
501 3894 5965 3344 
502 3344 5962 3894 
503 4951 4952 3438 
504 3019 4445 3948 
505 4259 4357 4356 
506 4667 6554 5689 
507 3967 5790 3767 
508 4424 6121 4421 
509 3891 5713 2075 
510 2449 4129 4115 
511 1566 6106 2880 
512 6057 6200 3707 
513 501 5060 3984 
514 3721 4056 3109 
515 3806 6457 3768 
516 428 6454 4234 
517 4427 6420 3977 
518 468 5294 4051 
519 4289 5285 481 
520 3835 6026 3446 
521 3908 5945 3335 
522 3335 5929 3908 
523 4206 5504 3849 
524 3832 6206 6091 
525 3799 4409 3441 
526 4059 6507 4075 
527 4185 5116 4184 
528 4553 6128 5822 
529 4325 6081 442 
530 5118 6176 4178 
531 4667 5689 3864 
532 2724 3946 2156 
533 3335 5964 1864 
534 4115 4402 2449 
535 5945 5964 3335 
536 5091 6202 438 
537 4141 4142 457 
538 4185 6382 5116 
539 4897 6242 3772 
540 469 5727 4492 
541 3388 4232 3777 
542 3745 5880 3736 
543 194 6489 4989 
544 3872 4164 3358 
545 4112 4329 4115 
546 5296 6371 4155 
547 555 5297 4314 
548 2325 4357 4258 
549 4492 6275 469 
550 5893 5957 4198 
551 3257 6325 3892 
552 4229 6330 6132 
553 4694 4695 4287 
554 4012 4013 2728 
555 4518 6192 482 
556 3919 5709 3363 
557 2231 3994 3992 
558 4616 5414 3897 
559 566 6029 4163 
560 2061 6047 3920 
561 4375 5973 518 
562 5938 6405 3886 
563 5880 6181 3736 
564 2978 5347 3302 
565 500 3926 3925 
566 4051 6033 468 
567 5009 6202 5011 
568 418 4456 4164 
569 4238 4720 3644 
570 4258 4357 4259 
571 2992 6405 5938 
572 4555 6380 437 
573 6072 6124 3910 
574 4132 4344 493 
575 885 4317 589 
576 3920 6102 2061 
577 2952 4016 2479 
578 3986 4627 2220 
579 3910 6124 3553 
580 3905 6234 331 
581 3982 4446 3750 
582 2220 4627 1756 
583 3768 6336 3806 
584 2867 4720 4238 
585 5596 6237 4089 
586 5761 6245 549 
587 2710 3957 3015 
588 4082 4591 4100 
589 5705 6610 4147 
590 6041 6338 5112 
591 4686 5899 5083 
592 6040 6100 3783 
593 4408 6170 3645 
594 5283 6415 5706 
595 4714 5952 3927 
596 2996 4871 3911 
597 5947 6052 4043 
598 4013 4014 2728 
599 3395 4035 2128 
600 3719 6046 5290 
601 3720 5617 3753 
602 3720 6061 5617 
603 116 6285 4116 
604 4792 5892 3950 
605 4251 5500 3443 
606 4098 4111 4110 
607 3938 5299 487 
608 1403 5500 4251 
609 4089 6237 431 
610 3897 5414 3896 
611 1182 4384 1190 
612 6061 6173 471 
613 440 6261 4042 
614 3892 6161 3257 
615 3536 5959 5454 
616 5118 5753 536 
617 4380 6034 541 
618 4680 5127 5099 
619 2685 6100 6040 
620 1509 6584 3928 
621 3395 5388 4035 
622 4409 5661 3441 
623 3900 4016 2952 
624 2217 5942 4984 
625 4226 4304 522 
626 4286 6218 542 
627 3720 6173 6061 
628 2217 5978 5942 
629 410 4218 409 
630 3911 6581 2996 
631 4098 4112 4111 
632 4163 6183 566 
633 3980 3981 506 
634 4662 6338 6041 
635 6133 6162 5734 
636 3957 3958 3015 
637 3767 5790 3871 
638 356 6392 6073 
639 2980 5786 3717 
640 130 4141 457 
641 1534 4317 4290 
642 6006 6362 1516 
643 4502 6214 3602 
644 3943 4035 3058 
645 5031 5187 3277 
646 3931 3932 2270 
647 3319 6121 4424 
648 4189 6289 3697 
649 3358 4277 3872 
650 2128 4035 3943 
651 423 4576 189 
652 188 4576 540 
653 331 6303 3905 
654 2998 4382 2997 
655 6073 6392 3877 
656 4046 5771 4393 
657 6025 6365 4308 
658 3058 4153 3943 
659 3707 6200 3971 
660 4023 4152 4026 
661 4073 5999 2705 
662 3722 6341 4085 
663 4100 6175 479 
664 5322 6055 3480 
665 4042 6052 440 
666 4015 5904 2047 
667 5123 5853 423 
668 4098 4329 4112 
669 4604 6068 6056 
670 3381 4341 3380 
671 2176 5636 4277 
672 3921 6092 3968 
673 4329 4402 4115 
674 6092 6146 3968 
675 544 5900 4169 
676 1536 5341 4256 
677 3898 6371 5889 
678 2584 4081 4080 
679 163 4348 162 
680 4296 4980 3709 
681 1533 4417 4046 
682 4290 5786 3758 
683 6056 6068 3628 
684 2726 4014 3131 
685 2997 4011 2708 
686 542 6257 4286 
687 3726 5705 4147 
688 3403 5970 5293 
689 3924 6009 225 
690 3779 6467 6129 
691 4011 4419 2708 
692 3908 5929 2344 
693 4591 6175 4100 
694 570 5963 3991 
695 3917 4383 2015 
696 5157 6054 3598 
697 434 4612 4611 
698 3713 6090 3940 
699 2708 4419 1806 
700 4153 6037 5838 
701 540 4576 4453 
702 2346 4445 3019 
703 3442 5187 5031 
704 4169 6449 544 
705 194 4989 193 
706 4504 6135 5691 
707 526 6070 6023 
708 3784 5969 3783 
709 6072 6432 2902 
710 2705 6455 4073 
711 3898 5889 558 
712 4207 5388 3395 
713 2223 4044 2225 
714 485 5790 3967 
715 3507 6365 6025 
716 2015 4384 1180 
717 6255 6332 5830 
718 2223 4254 4044 
719 2449 5470 4129 
720 3004 4257 3719 
721 3382 5238 4008 
722 2224 4254 2223 
723 1386 5353 5352 
724 4347 5754 3449 
725 2880 6106 4426 
726 3178 4481 3179 
727 5680 5902 4246 
728 5969 6040 3783 
729 5123 6218 4695 
730 5131 6208 3703 
731 2801 5440 3571 
732 3448 4030 3196 
733 2901 6191 2232 
734 2183 6170 4408 
735 4078 5907 4083 
736 2344 6501 3908 
737 3910 6432 6072 
738 1532 5908 3945 
739 4714 6265 6109 
740 2724 6091 3946 
741 2140 4543 2426 
742 3896 5414 1539 
743 3927 6265 4714 
744 4030 4345 3196 
745 4453 4576 4451 
746 3990 6018 524 
747 6304 6377 3857 
748 556 5845 5284 
749 4791 5630 4790 
750 1387 4372 1014 
751 3917 5578 3918 
752 5868 6217 1464 
753 3781 5863 4234 
754 3571 5440 4200 
755 5889 6371 448 
756 4345 5062 3196 
757 4200 4635 3571 
758 1403 5721 4020 
759 5822 6128 504 
760 2999 4381 2248 
761 3801 6403 4101 
762 4708 4709 491 
763 6230 6235 3954 
764 225 6305 3924 
765 3663 5868 4332 
766 1864 5964 5035 
767 5083 6431 4686 
768 5035 5988 1864 
769 3598 6054 4382 
770 3009 5347 2978 
771 4088 5788 430 
772 2132 6042 3873 
773 1540 5691 3899 
774 559 4492 3909 
775 3996 5823 559 
776 1519 5811 4005 
777 259 4087 258 
778 1386 6235 6230 
779 4027 6245 5761 
780 482 4087 259 
781 4155 5784 5296 
782 3948 6531 3019 
783 3024 6377 6304 
784 4454 4574 3951 
785 3396 4207 3395 
786 2015 5578 3917 
787 5454 5959 3922 
788 4059 4074 4057 
789 3400 4872 4291 
790 4066 4223 4064 
791 4116 6070 116 
792 2728 4472 4012 
793 4849 6154 4610 
794 4354 6004 547 
795 4291 5146 3400 
796 505 4671 4613 
797 5578 5792 3918 
798 4317 5786 4290 
799 5845 6481 5284 
800 5283 5706 470 
801 3873 6485 2132 
802 4041 4042 3708 
803 4430 6099 2042 
804 4103 4105 519 
805 1016 6043 1018 
806 4296 6292 4980 
807 4063 4400 4062 
808 499 6276 4348 
809 4238 6244 6203 
810 3868 4342 4341 
811 1441 5630 4791 
812 3991 6213 570 
813 448 6371 5296 
814 3697 6086 4189 
815 3161 4041 3708 
816 4332 5910 3663 
817 2422 5504 4206 
818 4237 5946 5661 
819 3396 4217 4207 
820 4099 6212 3390 
821 4031 6007 3032 
822 5812 6317 4045 
823 3627 6088 4653 
824 967 6510 3929 
825 3411 6036 3929 
826 4133 5727 3773 
827 4660 4664 4663 
828 6235 6357 5657 
829 4188 6222 5558 
830 3929 6036 967 
831 3570 6074 5402 
832 238 4062 451 
833 3966 5775 4229 
834 4063 4737 4400 
835 423 5853 4576 
836 4673 5654 4674 
837 3358 4807 4277 
838 4851 6212 5947 
839 3390 6328 4099 
840 3273 4000 3999 
841 3973 5906 3326 
842 487 6493 3938 
843 5906 5920 3326 
844 4227 4228 565 
845 3181 6050 3944 
846 3999 4000 3053 
847 512 6369 5820 
848 446 6489 194 
849 4005 4461 1519 
850 4142 5347 457 
851 587 4317 1534 
852 5661 5946 3441 
853 5125 5298 3456 
854 2586 4283 2923 
855 3536 4739 2901 
856 3881 5680 4494 
857 2047 5898 4015 
858 3303 4804 4803 
859 2202 3931 2270 
860 4296 4708 491 
861 519 6384 4094 
862 6203 6244 2982 
863 529 6352 3846 
864 4101 6318 3801 
865 3536 5454 4739 
866 2448 4402 2451 
867 5099 6322 4680 
868 4258 4261 2325 
869 1354 6451 3878 
870 4049 6289 4189 
871 4129 5470 4131 
872 2325 4261 1967 
873 4109 6384 519 
874 3654 4550 3386 
875 4289 5670 5285 
876 4105 4109 519 
877 3394 5694 2215 
878 4045 6444 5812 
879 5298 6340 3456 
880 1539 5927 3896 
881 3894 5962 3507 
882 1416 5088 1447 
883 4069 4223 4066 
884 4028 4401 1654 
885 5828 6295 4054 
886 4777 6488 6468 
887 2231 5869 3994 
888 3666 5982 3416 
889 6068 6088 3628 
890 1447 5088 5087 
891 3998 6330 4229 
892 3426 5032 4457 
893 1757 6131 2487 
894 4695 6218 4287 
895 5297 6278 4314 
896 2707 4152 4023 
897 314 6283 5998 
898 3899 6514 1540 
899 1519 4461 4331 
900 464 6034 4380 
901 3404 4242 2764 
902 3628 6088 3627 
903 3016 4133 3773 
904 3925 6098 500 
905 3933 5797 3939 
906 2764 4242 2561 
907 3715 5777 5009 
908 3018 5355 4730 
909 3944 6479 3181 
910 2676 4254 2224 
911 454 4996 4932 
912 585 5452 583 
913 3451 5949 4997 
914 3928 6584 5702 
915 3741 5957 5893 
916 4461 6542 4331 
917 4457 5140 3426 
918 3878 6475 1354 
919 2676 4255 4254 
920 6468 6488 2009 
921 3010 4255 2676 
922 5131 5961 552 
923 489 4313 4166 
924 4380 6483 464 
925 4147 6610 1544 
926 2585 5759 4284 
927 4006 5583 2580 
928 3438 5977 4951 
929 2104 4263 2111 
930 5694 6606 2215 
931 3928 5924 1509 
932 3032 6007 578 
933 3507 6025 3894 
934 2728 4014 2726 
935 3455 5636 3056 
936 3893 6373 561 
937 3053 4192 3999 
938 4543 4544 2426 
939 3598 4382 2998 
940 561 6319 3893 
941 3823 5493 3345 
942 1436 6228 5812 
943 4046 4417 4004 
944 3953 6231 3954 
945 4143 4481 3840 
946 3791 6482 6164 
947 2689 6555 4156 
948 6200 6390 3971 
949 2076 6214 4502 
950 3954 6231 6230 
951 4004 4417 722 
952 4042 6261 3708 
953 3989 5061 1718 
954 2309 3957 2710 
955 2923 4282 3995 
956 3820 5999 4072 
957 6470 6574 3900 
958 3972 5452 1534 
959 4663 4664 4533 
960 2885 4402 4329 
961 3663 6217 5868 
962 6091 6206 3946 
963 4843 5208 4846 
964 4281 5061 3989 
965 6065 6359 3029 
966 2963 4257 3004 
967 985 6312 6165 
968 1977 4471 4029 
969 1524 5061 4281 
970 4502 6233 6226 
971 4279 5836 4280 
972 4653 6435 3627 
973 4673 6383 5654 
974 327 4189 508 
975 5788 6279 430 
976 523 5708 4199 
977 3997 6268 537 
978 434 6526 4612 
979 2445 4771 3031 
980 5060 6366 3984 
981 6226 6233 799 
982 5558 6222 5143 
983 4067 6039 4068 
984 4609 5513 2220 
985 4210 5113 548 
986 4415 5303 554 
987 3408 4401 4028 
988 2156 3946 2089 
989 3901 6470 3900 
990 1388 5721 1403 
991 2920 5020 4319 
992 4256 4998 1536 
993 1676 4635 4200 
994 418 6370 4456 
995 4128 6382 6310 
996 4319 5020 4925 
997 4242 6555 2689 
998 3922 5959 3027 
999 3941 6080 75 
1000 2915 4133 3016 
1001 4925 5021 1506 
1002 4109 4878 3330 
1003 3791 6164 3793 
1004 3728 5513 4609 
1005 105 4507 416 
1006 3951 4575 4454 
1007 462 6311 3950 
1008 459 4416 4056 
1009 5020 5021 4925 
1010 4007 4997 1537 
1011 5921 5972 5377 
1012 3832 6091 3834 
1013 5706 6415 3852 
1014 3849 6367 4206 
1015 3995 4524 2923 
1016 6039 6113 4068 
1017 2184 5906 3973 
1018 1676 4200 4001 
1019 3920 6047 877 
1020 2400 6575 2022 
1021 3031 4771 4769 
1022 500 3927 3926 
1023 6394 6403 4950 
1024 3485 5748 4211 
1025 4442 4443 3002 
1026 3362 5754 4347 
1027 3952 6499 3021 
1028 4280 5836 5710 
1029 3968 6146 1202 
1030 2402 3960 2724 
1031 3701 4220 3702 
1032 4054 6295 4053 
1033 3303 5630 4804 
1034 4397 4825 2703 
1035 3021 6492 3952 
1036 3359 4709 4708 
1037 3447 4844 3461 
1038 3960 5752 2724 
1039 1510 6332 4280 
1040 3276 6092 3921 
1041 2220 5513 3986 
1042 2253 4147 1526 
1043 1756 4627 1757 
1044 2925 6055 5322 
1045 4252 6316 4253 
1046 4375 6213 3563 
1047 2751 5062 4345 
1048 453 6179 4920 
1049 5691 6135 3899 
1050 4135 6126 3730 
1051 3389 4461 4232 
1052 3403 5293 3893 
1053 3868 6199 4342 
1054 5418 6021 5022 
1055 3846 5873 4898 
1056 329 4049 328 
1057 5689 6554 3847 
1058 4559 6593 5843 
1059 2022 6575 4204 
1060 4349 5054 3374 
1061 4233 5908 1532 
1062 3585 5808 5583 
1063 1517 6182 5410 
1064 3981 4323 506 
1065 5838 6037 3633 
1066 3727 6099 4430 
1067 3169 6550 3955 
1068 675 4801 4048 
1069 5526 5737 4973 
1070 5352 6235 1386 
1071 3501 4050 3983 
1072 2948 4710 2870 
1073 4142 6019 3302 
1074 3955 6524 3169 
1075 4062 4400 451 
1076 4494 6591 3881 
1077 4006 5951 4586 
1078 4020 5500 1403 
1079 573 6378 5841 
1080 1370 4871 1368 
1081 4034 4546 4544 
1082 1450 5088 1416 
1083 502 6087 4534 
1084 328 4189 327 
1085 6158 6160 3521 
1086 2997 4381 4011 
1087 1806 4419 2321 
1088 5290 6046 562 
1089 4454 4575 4453 
1090 3499 5257 4731 
1091 3499 4731 3570 
1092 3868 4341 3381 
1093 2859 4444 3299 
1094 5843 6593 576 
1095 3761 6077 3762 
1096 4269 6137 4268 
1097 75 6502 3941 
1098 6071 6077 3761 
1099 3380 4341 4044 
1100 2112 5349 2105 
1101 2422 4206 4032 
1102 2327 4661 4244 
1103 2479 4016 2242 
1104 4125 4263 2106 
1105 5907 6535 4083 
1106 522 6348 4226 
1107 2680 5737 4131 
1108 821 6390 6200 
1109 3984 5901 501 
1110 4342 6199 6113 
1111 4229 5775 2969 
1112 537 5695 3997 
1113 4851 5947 4043 
1114 877 6553 3920 
1115 4046 4393 1533 
1116 4049 4189 328 
1117 4256 5341 4255 
1118 4152 6563 4026 
1119 510 6314 4218 
1120 2239 5696 2116 
1121 1202 6436 3968 
1122 2747 4145 3780 
1123 5291 5304 3778 
1124 6113 6199 4068 
1125 3921 6541 3276 
1126 4456 5650 3357 
1127 2152 4125 2106 
1128 121 4276 512 
1129 4284 5759 4287 
1130 3981 5752 4323 
1131 4323 5752 3964 
1132 4244 4661 3861 
1133 4346 4347 3449 
1134 5864 5904 4306 
1135 4739 6191 2901 
1136 4158 4160 2484 
1137 4019 5146 4291 
1138 4022 6160 6158 
1139 1718 5418 3989 
1140 4952 6286 3438 
1141 970 5723 4265 
1142 3701 4221 4220 
1143 2997 4382 4381 
1144 5018 5937 3526 
1145 4081 6346 4592 
1146 3639 6343 6093 
1147 3035 4503 3185 
1148 4500 4574 4454 
1149 4287 5759 4694 
1150 5410 6424 1517 
1151 4998 5968 4007 
1152 3881 5902 5680 
1153 3721 6122 4056 
1154 3982 5797 2216 
1155 4657 5948 982 
1156 4221 5551 4621 
1157 4019 4291 2705 
1158 4037 4224 4039 
1159 4532 6140 5129 
1160 3006 4230 3822 
1161 1513 4446 1511 
1162 3931 5797 3933 
1163 2583 4023 2834 
1164 3976 3977 449 
1165 4211 5748 2732 
1166 1537 4998 4007 
1167 3198 6039 4067 
1168 5812 6228 3695 
1169 493 6387 4343 
1170 4032 4360 2422 
1171 5974 6209 5658 
1172 925 5546 926 
1173 4920 5796 530 
1174 3161 4401 4041 
1175 4075 6507 6067 
1176 4001 4736 1676 
1177 4534 6385 502 
1178 3845 6467 6300 
1179 860 4765 937 
1180 4309 5866 3510 
1181 3359 4710 4709 
1182 5115 6220 4354 
1183 3448 4372 4030 
1184 4138 5120 427 
1185 473 4072 4070 
1186 4008 5466 3382 
1187 5290 6329 3719 
1188 4081 4592 4082 
1189 505 4673 4671 
1190 4997 5949 1537 
1191 2111 4263 2582 
1192 3027 6587 3922 
1193 1014 4372 1016 
1194 4030 4372 1387 
1195 2047 5904 5864 
1196 2752 6133 5734 
1197 2508 4847 4846 
1198 4322 4850 3459 
1199 4050 4051 3983 
1200 451 4503 4085 
1201 4034 4544 4543 
1202 2143 4136 2310 
1203 3973 6612 2184 
1204 3987 5750 507 
1205 4047 4885 425 
1206 4026 5911 4027 
1207 3273 5583 4000 
1208 517 4481 4143 
1209 2993 6545 4393 
1210 480 4099 4096 
1211 3681 5948 4657 
1212 584 4203 821 
1213 4555 4716 4554 
1214 2248 4381 3217 
1215 4082 4278 4079 
1216 3931 3933 3932 
1217 4079 4278 441 
1218 4011 4381 2999 
1219 862 4195 4193 
1220 5352 6357 6235 
1221 3072 5805 4161 
1222 3840 4481 3178 
1223 5006 5982 3666 
1224 2758 5581 3041 
1225 4201 6610 4202 
1226 119 4271 574 
1227 125 6391 4151 
1228 6324 6327 593 
1229 5998 6283 3842 
1230 5784 6555 6319 
1231 2177 4346 1975 
1232 4023 4024 2834 
1233 4044 4341 2225 
1234 2270 5665 2271 
1235 509 4294 135 
1236 4202 6610 3472 
1237 3874 6359 6065 
1238 4682 4686 4685 
1239 2593 4524 2986 
1240 4118 4191 4121 
1241 4897 5763 456 
1242 3400 4873 4872 
1243 2259 4550 4033 
1244 4124 4845 993 
1245 3393 5636 5430 
1246 4156 6555 5784 
1247 4372 6043 1016 
1248 524 6540 3990 
1249 3724 6083 3304 
1250 4014 4956 3131 
1251 3583 5805 5769 
1252 676 4802 679 
1253 4098 4110 521 
1254 2064 5054 4349 
1255 5117 5126 4546 
1256 535 4301 4299 
1257 5293 5970 445 
1258 3002 4445 4442 
1259 4108 6605 4640 
1260 4077 5907 4078 
1261 4950 6403 3801 
1262 123 4165 122 
1263 3875 6440 3876 
1264 3912 6581 3911 
1265 3453 6154 4849 
1266 2424 5586 4974 
1267 5969 6256 5856 
1268 2508 5074 4847 
1269 6071 6280 2994 
1270 2488 4171 2319 
1271 4442 4445 2346 
1272 4345 4873 2751 
1273 4083 6535 2554 
1274 4076 4093 476 
1275 4052 4093 4054 
1276 4070 4071 4055 
1277 4276 6369 512 
1278 4029 4472 1977 
1279 3394 5815 5694 
1280 1491 4201 3014 
1281 625 4538 622 
1282 3041 5581 4216 
1283 4165 4431 4276 
1284 2554 6114 4083 
1285 2259 4543 2140 
1286 433 5128 4334 
1287 1357 5353 1348 
1288 4362 5572 2324 
1289 4131 5470 2680 
1290 4090 4146 517 
1291 535 4299 4298 
1292 4077 4078 441 
1293 2216 3931 2202 
1294 28 4070 4055 
1295 4057 4074 228 
1296 506 6238 3980 
1297 2767 5952 4713 
1298 6012 6581 6414 
1299 4064 4223 34 
1300 444 6176 5118 
1301 4532 5129 4534 
1302 18 4090 517 
1303 4441 6215 6166 
1304 3812 6177 5110 
1305 242 4077 441 
1306 1418 6585 3947 
1307 528 6242 4897 
1308 3967 5954 485 
1309 4309 5976 5940 
1310 4398 4825 4397 
1311 5302 6107 4518 
1312 6026 6300 458 
1313 218 4095 4089 
1314 466 5121 4355 
1315 3835 6300 6026 
1316 4096 4097 521 
1317 481 6434 4289 
1318 4640 6315 4108 
1319 4321 4322 3459 
1320 4419 5466 2321 
1321 44 4096 521 
1322 3758 5786 2980 
1323 2310 3957 2309 
1324 2775 4170 4167 
1325 4167 4180 2775 
1326 1368 4871 2996 
1327 11 4103 519 
1328 3701 5551 4221 
1329 4397 5815 3394 
1330 214 4102 518 
1331 3007 4230 3006 
1332 4224 4225 4039 
1333 2089 3946 2253 
1334 4280 6323 1510 
1335 463 6008 4301 
1336 3947 6586 1418 
1337 3959 4162 3015 
1338 4243 5435 495 
1339 4302 4364 4300 
1340 4974 5586 3531 
1341 4124 4844 3447 
1342 996 6250 3988 
1343 3472 6143 4202 
1344 1495 5811 1519 
1345 4033 4543 2259 
1346 4568 5767 3123 
1347 5238 5440 4008 
1348 420 6290 3940 
1349 4008 5440 2801 
1350 3491 4180 4167 
1351 2986 4524 3995 
1352 1534 5452 585 
1353 763 4571 813 
1354 3285 4297 3997 
1355 4256 5968 4998 
1356 4017 6211 518 
1357 671 4800 4123 
1358 3875 6579 6440 
1359 3026 4715 4554 
1360 900 5442 4153 
1361 4171 4178 4170 
1362 2451 4402 2885 
1363 4075 6067 4076 
1364 495 5435 4395 
1365 3057 5680 4246 
1366 122 4276 121 
1367 993 4844 4124 
1368 135 4294 134 
1369 4550 5032 3426 
1370 496 5855 4540 
1371 4153 5442 3943 
1372 514 6126 4135 
1373 3047 4803 4048 
1374 465 5955 4480 
1375 2241 2735 2239 
1376 4126 6491 4263 
1377 6165 6312 4598 
1378 4230 6208 3822 
1379 1654 4729 4028 
1380 4284 4285 4283 
1381 4481 6616 3179 
1382 4160 4190 2484 
1383 3852 6046 4257 
1384 3303 4803 3047 
1385 4123 4801 671 
1386 2449 4402 2448 
1387 4243 5839 3855 
1388 3364 4375 3563 
1389 4033 4550 3654 
1390 325 4249 324 
1391 3786 6332 6255 
1392 3397 6096 4426 
1393 3949 6327 6324 
1394 5940 5976 2632 
1395 4228 5914 565 
1396 5087 5584 1447 
1397 128 4269 4268 
1398 4471 5698 4029 
1399 442 6190 4324 
1400 4480 6417 465 
1401 2116 2400 2022 
1402 3545 5671 4436 
1403 1704 4652 4144 
1404 4627 6131 1757 
1405 3386 4550 3426 
1406 553 6041 5112 
1407 1544 6610 4201 
1408 3431 6022 6017 
1409 2684 4148 3375 
1410 131 4141 130 
1411 3696 6335 6241 
1412 2402 2724 2156 
1413 2584 6346 4081 
1414 2962 2963 2207 
1415 2655 4224 4037 
1416 527 5932 4363 
1417 2766 2952 2479 
1418 5269 5979 5896 
1419 6017 6022 4292 
1420 2241 2779 2735 
1421 2689 4156 4154 
1422 929 4981 4208 
1423 4067 6582 3198 
1424 4790 5630 3303 
1425 1976 4472 2230 
1426 4144 4653 1704 
1427 3526 6608 5018 
1428 4192 5546 925 
1429 4271 4272 574 
1430 4431 6369 4276 
1431 4731 6074 3570 
1432 4154 4156 4155 
1433 4219 5193 1702 
1434 2143 2310 2309 
1435 3002 4444 2859 
1436 4660 4663 4661 
1437 2962 2964 2963 
1438 3488 5140 4457 
1439 4201 4202 3014 
1440 1609 4209 4205 
1441 672 4801 675 
1442 551 5135 4365 
1443 2710 3000 2847 
1444 5824 6026 334 
1445 4048 4802 675 
1446 4102 4375 518 
1447 2629 3960 2402 
1448 3841 5998 3842 
1449 3988 6471 996 
1450 2786 5866 4309 
1451 2892 4154 3699 
1452 4147 6486 3726 
1453 2321 5466 4008 
1454 665 4209 1609 
1455 507 6347 3987 
1456 5121 6423 4355 
1457 4765 4766 937 
1458 3843 6287 4231 
1459 290 4625 289 
1460 2106 4263 2104 
1461 1702 5103 4219 
1462 117 6285 116 
1463 2022 4204 2019 
1464 753 4845 749 
1465 3957 6427 3958 
1466 4730 5355 4406 
1467 4037 4039 4038 
1468 3870 6321 6105 
1469 693 5795 689 
1470 4270 5909 3255 
1471 3790 6162 6133 
1472 4663 6338 4662 
1473 542 6218 5123 
1474 4403 4405 4404 
1475 3991 6018 3990 
1476 5103 5273 4219 
1477 4406 4729 1463 
1478 4553 5822 4555 
1479 1456 4398 1455 
1480 2670 2764 2561 
1481 1675 4190 1672 
1482 324 4249 522 
1483 863 4311 781 
1484 3662 6274 6111 
1485 4932 6219 454 
1486 4846 5208 2508 
1487 4041 4401 3408 
1488 3345 5493 4145 
1489 4767 5614 5522 
1490 2751 4873 3400 
1491 3058 6037 4153 
1492 2689 4154 2690 
1493 3763 6316 4252 
1494 1343 4236 1547 
1495 4999 5273 5103 
1496 4206 6031 4179 
1497 2286 4512 4364 
1498 3666 5991 5986 
1499 4113 6070 4116 
1500 2851 5758 4707 
1501 5986 5991 1340 
1502 4436 5671 4435 
1503 4364 4512 4300 
1504 4165 4276 122 
1505 4843 4846 4844 
1506 3377 4248 2721 
1507 5583 5808 2580 
1508 2629 3961 3960 
1509 3595 5572 4362 
1510 541 6253 3956 
1511 1288 6231 3953 
1512 925 4914 4192 
1513 3488 4457 4122 
1514 4117 4191 4118 
1515 3987 6347 3958 
1516 106 4507 105 
1517 5786 6472 3717 
1518 4812 5923 4841 
1519 4272 6277 3564 
1520 2155 5852 4497 
1521 4122 4568 3488 
1522 3170 5682 4306 
1523 5124 5220 4564 
1524 2580 5951 4006 
1525 1438 4201 1491 
1526 6172 6382 4128 
1527 3795 5974 4465 
1528 4682 4685 4684 
1529 5604 5645 4845 
1530 4194 4767 4766 
1531 4885 5821 425 
1532 2309 2710 2355 
1533 4274 4364 4302 
1534 1925 5339 5333 
1535 2963 3004 2990 
1536 2678 4346 2177 
1537 972 6066 4657 
1538 4306 5682 1359 
1539 237 4062 238 
1540 1403 4251 1401 
1541 2447 4771 2445 
1542 5128 6465 4334 
1543 6093 6343 4834 
1544 4126 4263 4125 
1545 6044 6049 2475 
1546 484 4049 329 
1547 120 4271 119 
1548 4094 5983 478 
1549 2089 2253 1526 
1550 4328 4652 3098 
1551 2690 4154 2892 
1552 2202 2270 2203 
1553 974 5723 971 
1554 2707 4023 2583 
1555 722 5817 4004 
1556 139 4305 523 
1557 2690 2892 2692 
1558 3049 6232 3913 
1559 527 6576 5932 
1560 4139 4538 2722 
1561 2562 4242 2689 
1562 2372 4684 2374 
1563 4144 4652 4328 
1564 3595 4361 2851 
1565 337 5790 336 
1566 2628 2629 2402 
1567 5135 6439 4365 
1568 2561 4242 2562 
1569 3062 4297 3285 
1570 4148 4149 3375 
1571 2665 5351 5350 
1572 2109 4430 2042 
1573 558 6372 4493 
1574 5848 5956 2788 
1575 3024 4340 4339 
1576 3620 5263 4519 
1577 2489 4145 2747 
1578 2318 6030 5996 
1579 2765 2766 2479 
1580 337 6628 5790 
1581 4252 4253 3384 
1582 4013 4015 4014 
1583 4554 4716 3026 
1584 1996 2216 2202 
1585 511 5647 5301 
1586 2271 2655 2605 
1587 4390 5684 4391 
1588 4791 5642 1441 
1589 2915 3016 2917 
1590 1455 4398 1458 
1591 6087 6338 4663 
1592 3824 6198 5289 
1593 4277 5636 3455 
1594 2665 5349 2112 
1595 3489 4411 4360 
1596 3595 4362 4361 
1597 2593 2986 2914 
1598 4403 5349 4405 
1599 4154 4155 3699 
1600 2488 4172 4171 
1601 4192 4914 3999 
1602 3958 6427 3987 
1603 1925 5333 4557 
1604 4199 6298 523 
1605 5356 5707 3655 
1606 4844 4846 3461 
1607 2766 3008 2952 
1608 4140 4141 131 
1609 4012 4472 4029 
1610 6059 6157 2973 
1611 1390 6393 6272 
1612 582 4203 584 
1613 4102 6213 4375 
1614 3990 4710 2948 
1615 4028 4729 4406 
1616 4297 6268 3997 
1617 5632 5698 4471 
1618 422 6205 4712 
1619 534 5650 4456 
1620 484 6234 4186 
1621 3491 4410 4180 
1622 2881 6187 5430 
1623 2117 2239 2116 
1624 2710 3015 3000 
1625 4680 5958 5127 
1626 4551 4552 2257 
1627 5595 5939 1451 
1628 4730 5972 5921 
1629 2870 4710 3359 
1630 3722 4503 3035 
1631 4509 6625 3379 
1632 132 4140 131 
1633 4246 5048 3057 
1634 4268 4270 486 
1635 3072 6106 1566 
1636 4026 6563 5911 
1637 5765 5768 4211 
1638 4210 6190 5113 
1639 3489 4360 4032 
1640 1665 4521 4520 
1641 3456 6340 3872 
1642 4056 6122 25 
1643 3506 4982 3046 
1644 4215 4312 822 
1645 3397 4426 3396 
1646 3822 6562 3823 
1647 430 6279 4090 
1648 3019 6531 4265 
1649 3015 4162 3000 
1650 5996 6030 3672 
1651 3185 4503 4400 
1652 993 4845 753 
1653 4344 5737 5526 
1654 5665 6600 2271 
1655 4157 5768 5765 
1656 5304 6438 3778 
1657 1494 4233 1532 
1658 1465 6538 5702 
1659 722 6057 5817 
1660 4194 4766 4765 
1661 4679 4681 2882 
1662 4613 6094 505 
1663 2319 4171 2775 
1664 3823 6562 5862 
1665 4326 5499 3325 
1666 4781 5450 4293 
1667 2230 4472 2728 
1668 4293 5450 2261 
1669 4080 6114 2584 
1670 4465 5971 3795 
1671 3852 6415 6046 
1672 4314 6107 555 
1673 3052 4628 3158 
1674 5880 6427 3957 
1675 4207 4217 2855 
1676 4767 5000 2433 
1677 1361 4404 1358 
1678 2240 2241 2239 
1679 6336 6609 3806 
1680 4371 5309 705 
1681 127 4268 486 
1682 1358 4404 1357 
1683 3374 6579 4349 
1684 5727 6456 3773 
1685 3795 6209 5974 
1686 4426 6096 2880 
1687 3958 3959 3015 
1688 4351 4354 4352 
1689 4431 5770 3260 
1690 5896 5979 4261 
1691 3992 6404 2231 
1692 3056 5636 3393 
1693 2722 4538 625 
1694 4145 5493 3780 
1695 4769 5522 3031 
1696 3298 6629 4659 
1697 4018 6596 426 
1698 862 4571 4195 
1699 5522 5614 3031 
1700 4186 6002 484 
1701 2760 5684 4390 
1702 4405 5353 1357 
1703 2494 5645 5604 
1704 4037 4038 2988 
1705 4361 5758 2851 
1706 4415 6334 5303 
1707 4189 6086 508 
1708 2484 4190 1675 
1709 3633 6037 4604 
1710 685 4622 682 
1711 3911 4871 4607 
1712 2775 4171 4170 
1713 1213 4236 1343 
1714 781 4311 822 
1715 4681 4682 2882 
1716 6309 6326 3241 
1717 4552 4715 2257 
1718 3761 6280 6071 
1719 4761 5699 4762 
1720 1665 4520 4519 
1721 2365 5563 2484 
1722 4202 6195 3014 
1723 5707 5714 3535 
1724 4111 4116 569 
1725 5430 5636 2176 
1726 577 3032 578 
1727 3357 5650 3325 
1728 822 4311 4215 
1729 5702 6584 1465 
1730 3379 6622 4509 
1731 2002 4279 2148 
1732 4592 6346 3527 
1733 3275 6529 4092 
1734 5514 6273 6221 
1735 4661 4662 3861 
1736 2971 4152 2707 
1737 4036 6554 6509 
1738 2855 4217 4161 
1739 3847 6554 4036 
1740 2670 3402 2764 
1741 3444 5418 3601 
1742 3478 5403 4303 
1743 3521 6160 6084 
1744 2779 3497 2735 
1745 4022 6158 2490 
1746 4464 5309 4371 
1747 6287 6353 3637 
1748 588 6200 6057 
1749 3325 5499 3090 
1750 3459 5495 4321 
1751 3016 3017 2917 
1752 5830 6332 1510 
1753 4279 4280 3785 
1754 438 6202 5009 
1755 2964 4257 2963 
1756 671 4801 672 
1757 5989 5992 3755 
1758 4000 5583 4006 
1759 4448 4500 4450 
1760 679 4802 2531 
1761 4073 5885 4071 
1762 6241 6335 5819 
1763 4443 4444 3002 
1764 2962 4204 3850 
1765 3723 6535 5907 
1766 5562 5886 2492 
1767 5817 6057 3707 
1768 6181 6320 3735 
1769 862 4765 860 
1770 3535 5714 3536 
1771 4800 5533 4123 
1772 4615 5479 879 
1773 4351 4352 2872 
1774 1348 5353 1386 
1775 4241 6519 365 
1776 5356 5732 3505 
1777 3813 4480 4479 
1778 1536 4998 1500 
1779 1638 5798 4626 
1780 675 4802 676 
1781 4452 4695 4694 
1782 1374 4871 1370 
1783 1975 4346 4335 
1784 5957 6561 4198 
1785 2705 5999 4019 
1786 1513 6607 4446 
1787 4421 6121 4422 
1788 6132 6330 340 
1789 838 5992 5989 
1790 4071 6164 4055 
1791 6166 6215 699 
1792 4163 6523 563 
1793 2665 5350 5349 
1794 4193 4765 862 
1795 4262 4806 2273 
1796 5829 5837 2029 
1797 2605 4037 2988 
1798 5083 5899 533 
1799 4474 5766 4473 
1800 2154 2156 2089 
1801 4127 6172 4128 
1802 3370 4230 3007 
1803 3549 4192 3053 
1804 3010 4256 4255 
1805 2684 3375 3374 
1806 6264 6296 4889 
1807 4122 5767 4568 
1808 5769 5805 2722 
1809 5856 6053 3545 
1810 6208 6562 3822 
1811 4244 5837 5829 
1812 4540 6447 496 
1813 2143 2309 2144 
1814 3850 3851 2964 
1815 4208 4982 929 
1816 4243 6425 5839 
1817 4245 6507 4059 
1818 3351 4050 3501 
1819 4591 4592 3748 
1820 4551 4852 4549 
1821 4237 5661 2567 
1822 4214 6476 165 
1823 4161 5805 3583 
1824 2105 5349 4403 
1825 665 4626 4209 
1826 2583 2834 2152 
1827 1516 4203 582 
1828 622 4538 621 
1829 2792 4148 2684 
1830 2190 4715 2568 
1831 322 4304 573 
1832 1456 4825 4398 
1833 2018 2962 2207 
1834 1996 2202 1997 
1835 2157 2670 2561 
1836 1697 4542 2195 
1837 4140 5438 4141 
1838 2655 4037 2605 
1839 5325 5762 1307 
1840 4013 5904 4015 
1841 2593 2914 2594 
1842 2272 2402 2156 
1843 4294 5935 3032 
1844 2371 4679 2882 
1845 560 5966 4002 
1846 4604 6056 3633 
1847 2368 4351 2872 
1848 813 4571 862 
1849 3953 6496 1288 
1850 426 6224 4018 
1851 3480 6055 3479 
1852 2766 4197 3450 
1853 1469 4250 1513 
1854 4194 5000 4767 
1855 4015 6595 4014 
1856 2195 4542 4307 
1857 2148 4279 2746 
1858 3000 3259 2847 
1859 2781 4333 3760 
1860 3933 3934 3932 
1861 1141 4335 3449 
1862 4452 4694 4693 
1863 4257 6046 3719 
1864 1702 4571 763 
1865 4813 4978 1442 
1866 2484 5563 4158 
1867 4547 4548 4545 
1868 1695 4468 1693 
1869 4071 6592 6164 
1870 3312 5600 5584 
1871 1532 4136 1531 
1872 4101 6403 520 
1873 5110 6177 545 
1874 490 6330 3998 
1875 2133 4693 2570 
1876 2000 4264 1998 
1877 128 4268 127 
1878 2986 3422 2914 
1879 2892 3348 2893 
1880 4440 4442 2346 
1881 1269 4736 1271 
1882 457 4269 129 
1883 2710 2847 2355 
1884 2914 4133 2915 
1885 4762 5699 4213 
1886 4107 6375 4108 
1887 2767 4713 2306 
1888 3655 5707 3535 
1889 4409 6271 4408 
1890 4271 6277 4272 
1891 2290 4580 2289 
1892 4621 5476 4221 
1893 1580 5476 4621 
1894 4362 5748 3485 
1895 4196 5595 2494 
1896 4138 6153 5120 
1897 289 4625 419 
1898 1718 6021 5418 
1899 4633 6375 4924 
1900 2963 2990 2207 
1901 3945 6320 1532 
1902 4331 4332 1445 
1903 4312 5503 4945 
1904 2244 2479 2242 
1905 863 4982 4311 
1906 4693 4694 2570 
1907 5569 5725 3099 
1908 2972 3342 2971 
1909 4924 6375 525 
1910 489 4165 123 
1911 926 5546 940 
1912 4479 4853 3813 
1913 1442 5109 4813 
1914 485 5954 5824 
1915 2257 4852 4551 
1916 1526 4147 1502 
1917 4112 4113 4111 
1918 4974 5581 2758 
1919 4036 6509 2044 
1920 5126 6569 4546 
1921 133 577 483 
1922 4205 5533 1609 
1923 4248 4628 2721 
1924 3905 6467 3779 
1925 4303 5403 4655 
1926 2746 4279 3785 
1927 4262 5527 4806 
1928 3353 6473 4585 
1929 4730 5921 3018 
1930 6064 6563 4152 
1931 4554 4715 4552 
1932 687 5915 5903 
1933 4347 5755 3362 
1934 4206 6367 6031 
1935 1702 5193 4571 
1936 2289 4580 4476 
1937 5114 6483 4495 
1938 2731 2971 2707 
1939 2494 5604 4196 
1940 4014 6595 4956 
1941 3961 3964 3960 
1942 4139 5805 3072 
1943 4061 4062 237 
1944 4052 4053 475 
1945 2415 4574 4500 
1946 4973 5737 2680 
1947 4074 4075 476 
1948 3016 3731 3017 
1949 577 4294 3032 
1950 5612 6083 3724 
1951 3501 3983 3982 
1952 4489 5717 3555 
1953 3045 5586 2424 
1954 991 5074 978 
1955 3024 4339 2469 
1956 598 4369 705 
1957 2746 3785 3256 
1958 512 4271 120 
1959 4321 5495 987 
1960 4978 5314 1442 
1961 4273 4388 2286 
1962 165 6258 4214 
1963 522 4304 323 
1964 4877 5314 4978 
1965 4868 6236 532 
1966 2722 5805 4139 
1967 4265 5881 970 
1968 2767 5768 4157 
1969 4544 4547 4545 
1970 2897 4336 3737 
1971 3000 3372 3259 
1972 5565 5751 3562 
1973 4806 5527 4516 
1974 4232 4461 4005 
1975 5696 6559 2116 
1976 2582 4634 2180 
1977 4404 4405 1357 
1978 6105 6321 2363 
1979 4519 5263 1665 
1980 478 4092 4091 
1981 3585 5583 3273 
1982 3869 6326 6309 
1983 577 578 483 
1984 971 5723 970 
1985 4180 4410 4181 
1986 2286 4364 4273 
1987 3512 4412 3556 
1988 3479 5924 3928 
1989 4208 5589 3045 
1990 4677 4678 2657 
1991 4411 5518 917 
1992 3328 5985 5908 
1993 582 584 583 
1994 1574 4698 1571 
1995 4877 5333 3223 
1996 4315 4523 1687 
1997 520 4191 4117 
1998 4299 4302 4300 
1999 1137 4330 2353 
2000 4389 4484 1147 
2001 4235 4636 621 
2002 1977 4472 1976 
2003 2881 6357 6187 
2004 3045 5589 5586 
2005 689 5795 4622 
2006 3521 6084 4236 
2007 1140 5728 1144 
2008 4117 4118 571 
2009 3057 5048 1398 
2010 2253 6486 4147 
2011 3490 5469 4628 
2012 3277 6051 5031 
2013 4585 6497 3353 
2014 2892 2893 2692 
2015 1540 4438 4437 
2016 2932 3763 2931 
2017 5947 6212 480 
2018 2325 4656 4357 
2019 5352 5353 5350 
2020 4110 4111 569 
2021 365 6248 4241 
2022 1623 5816 5441 
2023 3238 4366 3565 
2024 1446 4331 1445 
2025 3322 5736 5590 
2026 2769 4754 1990 
2027 3914 4653 3464 
2028 3531 5581 4974 
2029 2023 2116 2022 
2030 3034 4712 4565 
2031 3689 5562 4838 
2032 2374 4684 2377 
2033 3516 4498 3561 
2034 2562 2689 2564 
2035 4523 5080 1687 
2036 129 4269 128 
2037 583 5452 2900 
2038 1145 4335 1141 
2039 5936 5950 4841 
2040 133 483 132 
2041 4164 6340 418 
2042 3948 4445 3001 
2043 330 484 329 
2044 584 586 585 
2045 4497 5852 3766 
2046 3223 5314 4877 
2047 3004 3005 2990 
2048 4681 5899 4682 
2049 6010 6118 3445 
2050 5129 6140 429 
2051 480 6212 4099 
2052 4636 5568 1559 
2053 3463 5533 5480 
2054 2632 5976 4179 
2055 3054 4183 3454 
2056 2706 2707 2583 
2057 2882 4684 2372 
2058 4391 4528 4526 
2059 3730 6261 4135 
2060 2582 6310 4634 
2061 4412 5040 3556 
2062 2415 4455 2410 
2063 4215 5503 4312 
2064 621 4538 4235 
2065 3785 3786 3256 
2066 6414 6581 3912 
2067 2792 4150 4148 
2068 4053 6508 475 
2069 5991 5995 1340 
2070 4559 5843 568 
2071 4301 6008 4302 
2072 3840 6630 4143 
2073 3371 3387 3370 
2074 3464 4653 4144 
2075 5546 5722 940 
2076 586 588 587 
2077 6005 6112 3427 
2078 584 585 583 
2079 6005 6014 3667 
2080 5333 5339 3223 
2081 2510 5273 4999 
2082 127 486 126 
2083 4369 4370 705 
2084 336 485 335 
2085 3349 3503 3351 
2086 3667 6014 3668 
2087 2353 6444 4045 
2088 3435 4385 4383 
2089 5088 5949 3451 
2090 1531 4136 2143 
2091 3006 3345 2610 
2092 1340 5995 5105 
2093 4498 5326 3561 
2094 3524 4486 4485 
2095 3004 3665 3005 
2096 4378 5500 4020 
2097 3805 4380 4379 
2098 4335 4346 3449 
2099 6143 6195 4202 
2100 4838 5582 3689 
2101 6014 6020 3668 
2102 4339 4340 4337 
2103 992 5950 5936 
2104 4680 6322 4681 
2105 4263 6491 2582 
2106 580 1516 582 
2107 3668 6020 4319 
2108 5657 6357 2881 
2109 6111 6274 3759 
2110 1018 6043 1021 
2111 2510 5379 4247 
2112 2345 4440 2346 
2113 2657 4683 4677 
2114 4391 5684 4528 
2115 4312 4945 4460 
2116 1021 6028 3423 
2117 1990 4754 2163 
2118 731 4946 729 
2119 1353 5721 1388 
2120 3001 4445 3002 
2121 3594 4873 3452 
2122 1502 1544 1476 
2123 584 821 586 
2124 3402 3403 2764 
2125 3416 5982 4001 
2126 1699 4542 1697 
2127 586 587 585 
2128 3851 3852 2964 
2129 4190 5569 1672 
2130 4507 6144 416 
2131 4048 4803 4802 
2132 3046 4982 4208 
2133 3911 4607 2255 
2134 3269 5479 4615 
2135 4735 5757 683 
2136 2689 2690 2564 
2137 1438 1491 1428 
2138 2923 4283 4282 
2139 1436 4376 1129 
2140 467 6481 5369 
2141 3489 5518 4411 
2142 689 4622 685 
2143 1609 5533 4800 
2144 4473 5766 3250 
2145 3736 6181 3735 
2146 2896 4336 2897 
2147 4841 5923 2549 
2148 2781 4412 4333 
2149 4231 6287 2365 
2150 4485 5014 3524 
2151 4753 4754 2769 
2152 3158 4628 4248 
2153 2611 3006 2610 
2154 4311 4982 3506 
2155 2732 5765 4211 
2156 5379 5424 4247 
2157 2324 5748 4362 
2158 3098 5693 4328 
2159 3008 3829 2952 
2160 4247 5273 2510 
2161 4050 6033 4051 
2162 4505 4615 879 
2163 126 6391 125 
2164 791 5424 5379 
2165 1508 5054 2064 
2166 3168 4954 4823 
2167 4495 6159 5114 
2168 4544 4545 2426 
2169 1509 5924 5917 
2170 4265 5723 4264 
2171 2273 5356 4262 
2172 2202 2203 1997 
2173 134 577 133 
2174 1491 2256 2255 
2175 2897 3737 3337 
2176 1502 4147 1544 
2177 3805 4379 2887 
2178 5022 6021 5021 
2179 4476 4581 2289 
2180 1469 1513 1511 
2181 2962 3850 2964 
2182 563 6183 4163 
2183 1565 6163 4499 
2184 5603 5789 3338 
2185 2282 4388 3061 
2186 4410 5494 4181 
2187 588 590 589 
2188 1543 2089 1526 
2189 3050 4234 3848 
2190 4423 4424 4421 
2191 2309 2355 2144 
2192 3490 4628 3052 
2193 1723 4870 1721 
2194 1405 1428 1392 
2195 588 589 587 
2196 3162 5656 4912 
2197 4579 5476 1580 
2198 2629 3962 3961 
2199 4320 5450 4781 
2200 3620 4519 4333 
2201 4460 4945 3066 
2202 1434 4250 1469 
2203 1520 4396 3394 
2204 4981 5589 4208 
2205 3788 3790 3789 
2206 4168 5888 4169 
2207 3843 6353 6287 
2208 4023 4026 4024 
2209 3673 5956 5848 
2210 4377 5042 2098 
2211 940 5722 4303 
2212 6171 6621 3850 
2213 3162 5080 4523 
2214 3601 5418 5022 
2215 4307 4466 2195 
2216 1635 5494 1992 
2217 3556 5040 4742 
2218 4517 4853 4479 
2219 3342 3528 2971 
2220 3054 3454 3056 
2221 532 5611 4868 
2222 4409 6364 6271 
2223 4450 4500 4454 
2224 4333 4412 3512 
2225 4293 5469 3490 
2226 468 6033 5288 
2227 1174 4394 3057 
2228 722 4417 592 
2229 3369 3370 3007 
2230 2932 3764 3763 
2231 1021 6043 6028 
2232 4994 5704 2842 
2233 3055 4183 3054 
2234 4561 5835 4562 
2235 4048 4801 3462 
2236 2610 4145 2489 
2237 596 4369 598 
2238 4767 5522 4766 
2239 1117 4437 3294 
2240 580 582 581 
2241 2443 4580 2290 
2242 2703 5815 4397 
2243 2657 4679 2371 
2244 4092 6529 4091 
2245 1653 4556 4295 
2246 2039 4358 2040 
2247 4565 4711 3034 
2248 705 5309 600 
2249 2075 6201 4385 
2250 582 583 581 
2251 1650 4581 1647 
2252 1500 4998 1537 
2253 4575 5944 540 
2254 2663 3055 3054 
2255 3641 5574 5466 
2256 4526 5421 4391 
2257 2800 5717 4489 
2258 1120 4437 1117 
2259 3257 5728 1140 
2260 1447 5584 5074 
2261 1443 4233 1494 
2262 2896 4339 4337 
2263 4225 4226 4039 
2264 3377 6013 4248 
2265 2892 3699 3348 
2266 2629 5775 3962 
2267 4295 4735 1653 
2268 3225 4936 4692 
2269 344 575 343 
2270 141 576 140 
2271 322 573 321 
2272 119 574 118 
2273 682 4622 1653 
2274 4845 5645 749 
2275 3325 5650 4326 
2276 3462 4801 4123 
2277 3816 4414 2927 
2278 791 5441 4288 
2279 4161 6106 3072 
2280 3972 4290 3301 
2281 27 4070 28 
2282 24 4056 25 
2283 232 4052 475 
2284 3549 5546 4192 
2285 227 4057 228 
2286 29 4055 474 
2287 476 4093 230 
2288 236 4061 237 
2289 229 4074 476 
2290 3763 4252 2931 
2291 231 4093 4052 
2292 474 4137 30 
2293 590 592 591 
2294 23 4427 459 
2295 1494 1532 1531 
2296 451 4085 239 
2297 452 4084 36 
2298 33 4064 34 
2299 20 4143 449 
2300 2471 2896 2662 
2301 17 4090 18 
2302 35 4223 452 
2303 2759 4568 4316 
2304 241 4077 242 
2305 1479 5587 4359 
2306 240 4085 515 
2307 223 4222 450 
2308 37 4084 514 
2309 517 4143 19 
2310 2559 2931 2109 
2311 217 4095 218 
2312 1476 4201 1438 
2313 6297 6331 944 
2314 1388 1403 1401 
2315 516 4222 222 
2316 221 4086 516 
2317 590 591 589 
2318 43 4096 44 
2319 2557 5269 4374 
2320 514 4135 38 
2321 1118 5778 1121 
2322 3821 6157 6059 
2323 5074 5584 4847 
2324 5269 5825 4374 
2325 431 4086 220 
2326 2747 3050 3038 
2327 2018 2207 1514 
2328 3734 3744 3736 
2329 10 4103 11 
2330 213 4102 214 
2331 39 4135 440 
2332 3090 5499 4530 
2333 2255 4607 1428 
2334 441 4278 243 
2335 16 4088 430 
2336 219 4089 431 
2337 4359 4946 1479 
2338 2785 4498 4318 
2339 244 4278 4100 
2340 15 4091 4088 
2341 4433 4667 3292 
2342 134 4294 577 
2343 3332 5632 3331 
2344 245 4100 479 
2345 478 4091 14 
2346 4170 6176 4168 
2347 4024 4025 2834 
2348 4383 4384 2015 
2349 3396 4426 4217 
2350 4190 5725 5569 
2351 2044 6503 4036 
2352 324 522 323 
2353 121 512 120 
2354 342 513 341 
2355 139 523 138 
2356 5410 5877 3332 
2357 4333 4519 3760 
2358 13 4094 478 
2359 479 4101 246 
2360 3865 6073 3877 
2361 4316 4698 2759 
2362 3062 3285 3284 
2363 6149 6167 2895 
2364 2747 3780 3050 
2365 3784 6256 5969 
2366 1467 4331 1446 
2367 2866 5751 5565 
2368 5289 6198 488 
2369 4455 4500 4448 
2370 519 4094 12 
2371 247 4101 520 
2372 4337 4338 4336 
2373 1485 4396 1520 
2374 2261 5469 4293 
2375 4288 5424 791 
2376 4546 4547 4544 
2377 5292 6470 6063 
2378 1918 4683 2024 
2379 4420 4423 4421 
2380 4137 6482 3363 
2381 3962 3963 3961 
2382 3063 4297 3062 
2383 3050 3848 3038 
2384 2568 4715 3026 
2385 4127 6515 6172 
2386 4196 5939 5595 
2387 4528 5625 4527 
2388 520 4117 248 
2389 521 4110 45 
2390 3420 5043 3076 
2391 4239 6151 421 
2392 4124 5604 4845 
2393 5876 6508 4053 
2394 2410 4455 1552 
2395 1533 4393 4369 
2396 4244 5829 2327 
2397 4316 4568 3123 
2398 4486 5729 5474 
2399 1183 4569 1186 
2400 4318 4498 3516 
2401 3989 5418 3444 
2402 1491 2255 1428 
2403 4678 4679 2657 
2404 606 4462 609 
2405 3377 6422 6013 
2406 4822 4833 3615 
2407 1343 1345 1344 
2408 592 593 591 
2409 2257 4715 2190 
2410 2117 2240 2239 
2411 4504 5691 1179 
2412 249 4117 571 
2413 46 4110 569 
2414 735 5434 733 
2415 1405 1438 1428 
2416 4396 4397 3394 
2417 4344 5776 493 
2418 3055 4634 4185 
2419 2749 4433 2222 
2420 592 594 593 
2421 5590 5736 1367 
2422 4525 5421 4526 
2423 1392 4607 1374 
2424 323 4304 322 
2425 1213 1343 1342 
2426 5885 6592 4071 
2427 6168 6180 4810 
2428 3615 4833 4541 
2429 3655 5732 5356 
2430 1538 4511 599 
2431 3615 5484 4822 
2432 2195 4468 1695 
2433 4355 6423 4356 
2434 4541 4833 2337 
2435 3471 4314 3470 
2436 880 4505 879 
2437 425 6536 4047 
2438 475 5617 233 
2439 2346 3019 2070 
2440 2244 2765 2479 
2441 3369 3371 3370 
2442 3285 3903 3284 
2443 130 457 129 
2444 4436 5969 5856 
2445 2216 5797 3931 
2446 2792 6459 4150 
2447 1491 3014 2256 
2448 2896 2897 2662 
2449 2256 3049 2255 
2450 3049 3913 3912 
2451 5210 5587 3066 
2452 1495 1519 1467 
2453 2029 5831 3486 
2454 6272 6393 4340 
2455 1271 4736 1274 
2456 4273 4274 3063 
2457 4327 6081 4325 
2458 4370 4371 705 
2459 3225 4692 4691 
2460 3095 5371 4439 
2461 997 1444 1443 
2462 1687 4946 4315 
2463 2678 4347 4346 
2464 2469 4339 2471 
2465 3976 3978 3977 
2466 1547 2567 1345 
2467 2567 3065 2699 
2468 2471 4339 2896 
2469 4025 4127 4126 
2470 5313 6283 494 
2471 1449 4729 1487 
2472 4770 5990 5921 
2473 4441 4442 4440 
2474 594 596 595 
2475 333 458 332 
2476 1458 4398 4396 
2477 3913 6232 5916 
2478 2270 2271 2203 
2479 2972 3343 3342 
2480 3019 4265 4264 
2481 4235 5568 4636 
2482 1676 4736 1269 
2483 2766 3450 3008 
2484 2931 4430 2109 
2485 3561 5326 4744 
2486 594 4417 1533 
2487 615 4578 612 
2488 5858 5870 2555 
2489 4798 5687 4696 
2490 2765 4197 2766 
2491 594 595 593 
2492 3768 4497 3766 
2493 2306 4713 3034 
2494 4331 6542 4332 
2495 4788 5348 819 
2496 1401 4251 1434 
2497 3066 5587 4460 
2498 4318 5677 2785 
2499 1175 5789 5603 
2500 2947 4570 3897 
2501 4773 5268 3529 
2502 3083 4458 1799 
2503 1283 4494 1168 
2504 4439 5371 3569 
2505 590 722 592 
2506 3832 3833 3831 
2507 5007 5276 4786 
2508 3597 6076 3598 
2509 4076 6601 4093 
2510 3329 5783 3799 
2511 1511 1996 1512 
2512 3767 3768 3766 
2513 4752 4753 2769 
2514 4349 6579 3875 
2515 2415 4500 4455 
2516 2759 4698 1574 
2517 4468 5325 1693 
2518 4686 4687 4685 
2519 1158 3521 1160 
2520 700 4529 603 
2521 4420 4421 1542 
2522 1533 4369 596 
2523 4468 5762 5325 
2524 2100 4404 1361 
2525 4441 4443 4442 
2526 124 489 123 
2527 339 490 338 
2528 4762 5821 4885 
2529 2415 5508 4574 
2530 4991 5704 4994 
2531 4287 6218 4286 
2532 1892 4961 2338 
2533 780 5014 4485 
2534 4336 6495 3737 
2535 4350 4351 2630 
2536 2377 5833 2378 
2537 1193 4420 1542 
2538 3091 3357 3325 
2539 2559 2932 2931 
2540 6075 6076 3597 
2541 4131 5737 4132 
2542 3831 4518 3475 
2543 4301 4302 4299 
2544 3734 4289 3744 
2545 2876 4501 3515 
2546 1134 4330 1137 
2547 3069 3493 2645 
2548 1878 4549 1874 
2549 4366 4823 3565 
2550 4450 4451 4449 
2551 137 4182 136 
2552 489 4166 4165 
2553 4374 5268 2557 
2554 596 597 595 
2555 2228 4853 4517 
2556 4537 5628 3077 
2557 3645 6170 3647 
2558 4658 5693 3098 
2559 4225 4227 4226 
2560 660 4626 662 
2561 1129 4376 1131 
2562 2927 4414 4407 
2563 32 5709 460 
2564 1569 5515 1567 
2565 1951 5801 5683 
2566 4070 4072 4071 
2567 4137 5709 31 
2568 616 4434 619 
2569 2289 4581 1650 
2570 2779 3664 3497 
2571 136 509 135 
2572 327 508 326 
2573 4523 5656 3162 
2574 3875 3876 3402 
2575 4146 4481 517 
2576 1925 5795 693 
2577 3718 4441 4440 
2578 3348 4493 3349 
2579 3343 3466 3342 
2580 1519 4331 1467 
2581 457 5347 4269 
2582 4594 4598 4595 
2583 2277 4388 2282 
2584 3132 4385 3435 
2585 4245 5867 2868 
2586 2990 5811 2207 
2587 4320 5474 1922 
2588 4156 5784 4155 
2589 5043 5666 3534 
2590 1447 5074 991 
2591 3689 5886 5562 
2592 2272 2628 2402 
2593 4078 4079 441 
2594 1160 4236 1213 
2595 1992 5494 4410 
2596 596 598 597 
2597 3387 3703 3370 
2598 2029 5837 5831 
2599 5402 6074 1804 
2600 3508 6044 4422 
2601 1607 4436 4435 
2602 908 4935 4691 
2603 2576 4711 4563 
2604 2731 2972 2971 
2605 2433 5614 4767 
2606 3473 3474 3471 
2607 3061 4388 4273 
2608 4459 5434 735 
2609 5709 6528 460 
2610 5026 5359 4726 
2611 3524 4870 4486 
2612 3285 3904 3903 
2613 1469 1511 1470 
2614 754 5740 726 
2615 2024 4683 2657 
2616 599 4511 597 
2617 2222 4433 2626 
2618 4096 4099 4097 
2619 3961 4415 3964 
2620 1343 1344 1342 
2621 5037 5579 2820 
2622 978 5074 2508 
2623 1998 5723 974 
2624 5584 5600 4847 
2625 2070 4264 2000 
2626 4562 5835 3683 
2627 1818 4469 3096 
2628 4274 4275 3063 
2629 3450 3800 3008 
2630 1464 4322 4321 
2631 1558 4578 615 
2632 3054 3056 2789 
2633 1444 4233 1443 
2634 1191 4425 1184 
2635 1152 2490 1154 
2636 4386 4605 780 
2637 780 4485 4386 
2638 3486 5827 4390 
2639 3993 6546 4416 
2640 3331 4470 2578 
2641 4626 5798 4209 
2642 4002 6452 560 
2643 2422 4360 2417 
2644 3084 4919 2495 
2645 2834 4125 2152 
2646 136 4182 509 
2647 1143 4389 1147 
2648 2734 4440 2345 
2649 1186 4569 2475 
2650 2018 4204 2962 
2651 4284 4286 4285 
2652 1520 2215 2129 
2653 4097 4098 521 
2654 4327 5650 534 
2655 3051 5825 5269 
2656 4365 6439 4260 
2657 1581 4579 1580 
2658 2215 2792 2684 
2659 1422 1464 995 
2660 3602 6214 4593 
2661 1434 1469 1435 
2662 6306 6386 3876 
2663 3161 5041 4401 
2664 598 599 597 
2665 598 600 599 
2666 1544 4201 1476 
2667 4366 5455 3560 
2668 3036 4324 3333 
2669 2242 4016 2241 
2670 1922 5450 4320 
2671 2328 4521 1662 
2672 4621 5551 2113 
2673 2805 5625 4528 
2674 4418 4432 2791 
2675 3718 4440 2734 
2676 3170 4306 3341 
2677 5051 5055 2941 
2678 4401 5041 1654 
2679 3557 5007 4368 
2680 3312 5584 5087 
2681 3249 6120 6104 
2682 2785 5677 5494 
2683 1607 4435 1604 
2684 3065 4408 3645 
2685 3577 6296 6264 
2686 4418 5055 5051 
2687 2630 4351 2368 
2688 1547 4237 2567 
2689 3145 4903 3116 
2690 3331 4471 4470 
2691 2157 2561 2158 
2692 3065 3645 2699 
2693 604 4462 606 
2694 5285 5670 557 
2695 4262 5356 3505 
2696 2230 2726 2247 
2697 2104 2111 2105 
2698 1976 2230 2177 
2699 2101 2102 2100 
2700 3129 4432 4418 
2701 4683 5395 5367 
2702 2914 2915 2594 
2703 1135 5754 1132 
2704 2103 2104 2102 
2705 3786 3788 3787 
2706 4261 5979 1967 
2707 1463 4730 4406 
2708 5455 5487 3560 
2709 2230 2247 2177 
2710 1131 4376 4330 
2711 2353 4389 1143 
2712 1976 2177 1975 
2713 1571 4698 1569 
2714 3898 4493 3348 
2715 2310 5880 3957 
2716 4132 5737 4344 
2717 757 4459 735 
2718 2561 2562 2158 
2719 1552 4447 1551 
2720 3780 3781 3050 
2721 4437 4438 3294 
2722 1471 1976 1975 
2723 1126 4399 1436 
2724 2726 3131 2727 
2725 3550 4515 4407 
2726 4435 5671 3074 
2727 2468 3024 2469 
2728 995 4321 987 
2729 2601 4632 4630 
2730 600 601 599 
2731 4151 6246 125 
2732 2574 4410 3491 
2733 1662 4521 1665 
2734 3876 6440 6306 
2735 4872 4873 3594 
2736 2310 6181 5880 
2737 3554 4753 4752 
2738 4467 5239 4799 
2739 4596 4600 4599 
2740 4545 4551 4549 
2741 2567 2699 1345 
2742 2726 2727 2247 
2743 3000 4162 3372 
2744 421 6519 4239 
2745 1992 4410 2574 
2746 4563 4711 4565 
2747 482 6192 4087 
2748 1401 1434 1402 
2749 1503 1526 1502 
2750 6075 6119 2943 
2751 4352 4353 2872 
2752 3131 3891 3132 
2753 2791 5055 4418 
2754 3497 3498 2735 
2755 5480 5533 4205 
2756 3554 4752 4751 
2757 1168 4494 1166 
2758 2601 4640 4632 
2759 1485 1520 1507 
2760 2335 3942 2468 
2761 4368 5319 3557 
2762 3928 5456 3088 
2763 3452 4873 4345 
2764 3510 5866 4615 
2765 2896 4337 4336 
2766 4413 5275 4630 
2767 1479 4946 731 
2768 603 4529 601 
2769 2098 5043 4377 
2770 4179 6031 2632 
2771 1471 1975 1433 
2772 600 602 601 
2773 3131 3132 2727 
2774 4123 5533 3463 
2775 4607 4871 1374 
2776 1531 2143 2067 
2777 1343 1547 1345 
2778 4425 4569 1184 
2779 1464 4321 995 
2780 2164 5682 3170 
2781 3486 5831 5827 
2782 4766 4768 937 
2783 3891 4385 3132 
2784 3168 4823 4366 
2785 2412 5508 2415 
2786 4407 4414 3550 
2787 3998 4229 2969 
2788 3075 5500 4378 
2789 5714 5959 3536 
2790 3998 6609 490 
2791 2417 4360 1419 
2792 2335 2468 2336 
2793 1433 4335 1145 
2794 3091 3325 3090 
2795 4490 4855 3130 
2796 3508 6049 6044 
2797 1948 4536 1951 
2798 4688 5475 2135 
2799 883 4505 880 
2800 617 4636 1559 
2801 594 1533 596 
2802 3366 4477 4138 
2803 2986 3909 3422 
2804 2094 4648 2092 
2805 4630 5275 2601 
2806 3717 3718 2734 
2807 2147 4693 2133 
2808 4043 6052 4042 
2809 4581 5459 1647 
2810 941 4655 943 
2811 602 603 601 
2812 1728 4870 1723 
2813 1458 4396 1485 
2814 2794 5025 2478 
2815 4823 4954 1690 
2816 4691 4935 3225 
2817 4488 4874 3099 
2818 729 4946 1687 
2819 1165 1167 1166 
2820 2215 2684 2129 
2821 3646 5071 2699 
2822 4413 4960 2026 
2823 602 604 603 
2824 1165 1166 1156 
2825 2092 4648 2685 
2826 885 5786 4317 
2827 626 4496 629 
2828 1552 4455 4447 
2829 2205 5699 4761 
2830 1388 1401 1389 
2831 4463 5648 4462 
2832 4516 5527 3101 
2833 5239 5384 3203 
2834 4172 4178 4171 
2835 4428 4614 2576 
2836 4594 4595 2730 
2837 4694 5759 2570 
2838 3435 4383 3917 
2839 2026 5275 4413 
2840 1137 2353 1143 
2841 1344 5071 1353 
2842 5598 5621 3182 
2843 1177 1540 1133 
2844 4264 5723 1998 
2845 963 4992 977 
2846 4469 4483 3096 
2847 4237 6084 3674 
2848 2488 4173 4172 
2849 4260 4531 3433 
2850 1439 1476 1438 
2851 4707 5758 3154 
2852 2799 4483 3092 
2853 3301 6254 2654 
2854 4395 5435 3863 
2855 3702 5242 5134 
2856 2489 2747 2421 
2857 3004 3719 3665 
2858 3349 4493 3503 
2859 3037 4324 3036 
2860 3503 4050 3351 
2861 1477 1502 1476 
2862 4653 6088 1704 
2863 3330 6384 4109 
2864 2111 2180 2112 
2865 4665 4827 4826 
2866 1721 4870 3524 
2867 2348 4594 2730 
2868 4350 4354 4351 
2869 3348 3349 2893 
2870 4487 4637 3097 
2871 2699 5071 1345 
2872 4148 5941 4149 
2873 1249 4826 1251 
2874 3104 5421 4525 
2875 2737 5698 5632 
2876 3742 5778 1118 
2877 604 605 603 
2878 3557 5276 5007 
2879 3238 5455 4366 
2880 3863 5446 4377 
2881 4303 4655 941 
2882 5441 5816 4288 
2883 898 4977 4751 
2884 5435 5446 3863 
2885 6176 6590 4168 
2886 4305 6589 523 
2887 1520 2129 1507 
2888 2345 2346 2070 
2889 2645 4350 2630 
2890 3969 6615 5662 
2891 3129 4649 4432 
2892 4360 4411 1419 
2893 2040 4358 2335 
2894 3154 5730 3517 
2895 598 705 600 
2896 4482 5323 2113 
2897 4267 6294 575 
2898 1454 1456 1455 
2899 3830 3831 3475 
2900 436 6208 5131 
2901 2420 2421 2419 
2902 6221 6273 3533 
2903 3517 5724 4754 
2904 4533 4664 2744 
2905 3147 4637 4487 
2906 2053 4530 2440 
2907 143 6018 5963 
2908 3388 3414 3387 
2909 4093 6601 4054 
2910 4494 5680 4394 
2911 4596 4599 2730 
2912 3603 5579 5037 
2913 4341 4342 2225 
2914 3472 6610 5705 
2915 1167 1168 1166 
2916 3646 5721 5071 
2917 511 6564 5647 
2918 2468 2469 2336 
2919 6168 6174 3738 
2920 2104 2105 2102 
2921 2215 6606 2792 
2922 1156 4394 1174 
2923 2254 6185 4849 
2924 614 4434 616 
2925 4647 4788 819 
2926 4667 6544 3292 
2927 4671 4673 4672 
2928 1425 1454 1453 
2929 604 606 605 
2930 4273 4364 4274 
2931 3830 3832 3831 
2932 4775 5749 4774 
2933 4352 4355 4353 
2934 1511 4446 1996 
2935 5017 5090 2790 
2936 1394 4558 1189 
2937 2660 3811 2925 
2938 3521 4236 1160 
2939 4295 5757 4735 
2940 3372 3564 3259 
2941 1494 1531 1527 
2942 4641 5541 3567 
2943 1167 1169 1168 
2944 2228 4517 2229 
2945 1134 1137 1136 
2946 3479 3928 3088 
2947 2023 2117 2116 
2948 5024 5459 4581 
2949 3422 4133 2914 
2950 2046 4774 1498 
2951 5367 5395 2135 
2952 2016 4656 2325 
2953 1133 4437 1120 
2954 4665 5392 4827 
2955 2497 4726 4725 
2956 4312 4459 822 
2957 4624 5668 1690 
2958 1131 4330 1134 
2959 3828 4584 4583 
2960 4166 4431 4165 
2961 4941 5272 4940 
2962 3756 4792 3079 
2963 2145 2146 1456 
2964 2211 5359 5026 
2965 5296 5784 561 
2966 1137 1143 1142 
2967 4905 5560 4907 
2968 2254 6191 6185 
2969 5110 6417 3812 
2970 578 580 579 
2971 3529 5268 4374 
2972 2054 4530 2053 
2973 1461 1471 1433 
2974 1918 5395 4683 
2975 5284 6481 467 
2976 4618 5679 4617 
2977 2420 2489 2421 
2978 3252 5348 4788 
2979 4353 4656 2872 
2980 1889 5483 4649 
2981 3099 4874 1587 
2982 3019 4264 2070 
2983 2418 2419 2417 
2984 4377 5043 3420 
2985 3281 5687 4798 
2986 979 1419 945 
2987 6063 6470 3901 
2988 1434 4251 4250 
2989 2670 4349 3875 
2990 3036 3333 3073 
2991 2111 2582 2180 
2992 2069 2070 2000 
2993 3366 3774 3367 
2994 662 4626 665 
2995 1487 4729 1654 
2996 4698 5515 1569 
2997 4146 6616 4481 
2998 1174 3057 1398 
2999 606 607 605 
3000 2099 2100 1361 
3001 3534 5666 5026 
3002 3083 4919 4458 
3003 2590 4524 2593 
3004 2111 2112 2105 
3005 3065 4409 4408 
3006 2103 2106 2104 
3007 2041 5558 2032 
3008 3097 4637 3202 
3009 657 5279 4742 
3010 1195 4420 1193 
3011 1169 1170 1168 
3012 1169 1171 1170 
3013 2357 4740 2454 
3014 3076 5043 3534 
3015 2416 2417 1419 
3016 2180 2663 2366 
3017 5474 5729 1922 
3018 2281 4512 2286 
3019 4595 4596 2730 
3020 4536 4537 1951 
3021 1541 4462 604 
3022 1923 5272 4941 
3023 4536 5628 4537 
3024 2663 3054 2789 
3025 3061 3063 3062 
3026 4764 5252 801 
3027 1230 5320 4744 
3028 2650 6281 6067 
3029 2275 2277 2276 
3030 4005 5811 2990 
3031 606 608 607 
3032 592 4417 594 
3033 5466 5574 3382 
3034 2749 4667 4433 
3035 2878 4501 2876 
3036 2101 2103 2102 
3037 2176 4807 2173 
3038 929 4982 863 
3039 4661 4663 4662 
3040 3469 3470 3467 
3041 4641 4940 1462 
3042 2232 6191 2254 
3043 4682 4684 2882 
3044 1621 5268 4773 
3045 5917 5924 3811 
3046 2026 4961 1892 
3047 1327 5003 1324 
3048 2274 2275 2146 
3049 2241 4016 2779 
3050 4085 6341 515 
3051 4619 5001 4618 
3052 822 4459 757 
3053 1143 1147 1146 
3054 4491 4903 4003 
3055 1463 4729 1449 
3056 3016 3773 3731 
3057 3497 3824 3498 
3058 6303 6467 3905 
3059 3201 5069 4795 
3060 1184 4569 1183 
3061 1181 4504 1179 
3062 3132 3435 3133 
3063 4525 4900 3104 
3064 1151 1433 1145 
3065 3074 5506 4434 
3066 4855 4922 3130 
3067 4610 6154 4609 
3068 1171 1172 1170 
3069 1454 1455 1453 
3070 1319 5001 4619 
3071 3435 3917 3769 
3072 4280 6332 3785 
3073 5351 5352 5350 
3074 4751 4977 3554 
3075 2576 4563 4428 
3076 2426 4549 1878 
3077 4940 5272 1462 
3078 335 5824 334 
3079 3049 3912 3911 
3080 4473 5798 1638 
3081 945 4411 917 
3082 612 4578 611 
3083 2282 3061 2704 
3084 3061 3062 2704 
3085 3738 6174 3739 
3086 1216 5926 5832 
3087 2277 2282 2276 
3088 4157 5952 2767 
3089 1166 4494 4394 
3090 3371 3388 3387 
3091 2418 2420 2419 
3092 3475 4518 3474 
3093 4334 6465 3504 
3094 4421 4422 1542 
3095 1638 4626 660 
3096 3852 4257 2964 
3097 3106 5531 4629 
3098 3079 3950 3086 
3099 4387 4605 4386 
3100 4224 6408 6349 
3101 5824 5954 3446 
3102 1149 1165 1156 
3103 3647 4378 4020 
3104 3243 5613 5445 
3105 3933 3938 3934 
3106 4377 5446 5042 
3107 333 6026 458 
3108 3674 5946 4237 
3109 4549 4852 1874 
3110 3638 4501 2878 
3111 4153 5838 900 
3112 1540 4437 1133 
3113 1147 1149 1148 
3114 1383 4689 1381 
3115 2278 2279 2277 
3116 4487 4703 3147 
3117 4655 5403 1548 
3118 3092 4483 4469 
3119 2050 4579 1581 
3120 3106 5459 5024 
3121 3006 3822 3345 
3122 4436 5856 3545 
3123 1348 1386 1284 
3124 1171 1173 1172 
3125 4381 4382 3217 
3126 820 4647 819 
3127 4687 5833 4685 
3128 3934 3935 3932 
3129 4771 5990 4770 
3130 3732 4289 3734 
3131 3351 3501 3500 
3132 3630 5616 4699 
3133 6067 6281 4076 
3134 1520 3394 2215 
3135 3731 3732 3017 
3136 4514 4689 1383 
3137 1156 1174 1155 
3138 1706 4516 3101 
3139 3813 6417 4480 
3140 2821 3331 2578 
3141 2312 5701 5678 
3142 2013 4583 2911 
3143 4178 6176 4170 
3144 2670 3875 3402 
3145 2440 3037 3036 
3146 3469 3471 3470 
3147 1149 1155 1148 
3148 4379 4760 2887 
3149 1126 1436 1129 
3150 1149 1156 1155 
3151 2954 4478 4477 
3152 1177 5691 1540 
3153 3517 5730 5724 
3154 4909 5543 4908 
3155 3771 5742 2793 
3156 3069 3902 3493 
3157 1260 5104 1257 
3158 1256 4758 4757 
3159 3900 6574 4016 
3160 2785 5494 1635 
3161 2599 4776 2788 
3162 4470 4471 1977 
3163 3131 4956 3891 
3164 1186 1187 1185 
3165 4506 4535 2485 
3166 4770 5921 5377 
3167 4742 5279 3556 
3168 4303 5722 3478 
3169 4020 5721 3646 
3170 2205 5683 4392 
3171 3570 5402 4458 
3172 1288 4423 4420 
3173 624 4496 626 
3174 3810 3988 3638 
3175 2279 4388 2277 
3176 2783 3756 3079 
3177 3154 5758 5730 
3178 1147 1148 1146 
3179 2487 6131 3499 
3180 1543 2154 2089 
3181 3474 4314 3471 
3182 1189 4558 1187 
3183 3094 5371 3095 
3184 4570 5443 3897 
3185 4867 6236 4868 
3186 4109 5980 4878 
3187 3548 4539 2976 
3188 2485 4666 4506 
3189 4467 5384 5239 
3190 2613 6394 4950 
3191 1398 5048 1425 
3192 2407 4760 3100 
3193 677 4967 674 
3194 3341 4013 4012 
3195 4548 4551 4545 
3196 2145 2274 2146 
3197 1288 4420 1195 
3198 5391 5540 3580 
3199 2229 4517 2406 
3200 4557 5795 1925 
3201 3528 4152 2971 
3202 3201 4795 4794 
3203 1256 4757 1253 
3204 4725 4727 2497 
3205 3741 5893 2442 
3206 1124 4399 1126 
3207 3470 5369 3467 
3208 2713 3292 2945 
3209 3641 5466 4419 
3210 2040 2335 2334 
3211 1166 4394 1156 
3212 580 581 579 
3213 4991 4994 4993 
3214 733 5434 1479 
3215 602 1541 604 
3216 1539 5414 1167 
3217 2539 4972 4737 
3218 4003 4903 3145 
3219 4644 5396 3205 
3220 1183 1186 1185 
3221 3292 3882 2945 
3222 2275 2276 2146 
3223 3562 5376 4496 
3224 4458 4919 3084 
3225 2145 5048 4246 
3226 4673 4674 4672 
3227 3170 3341 3171 
3228 4450 4453 4451 
3229 2950 4477 3366 
3230 5725 5779 4488 
3231 1381 4689 1395 
3232 1143 1146 1142 
3233 3551 4705 4614 
3234 2154 2272 2156 
3235 4266 6437 567 
3236 2328 4522 4521 
3237 1204 4697 4561 
3238 3345 4145 2610 
3239 1443 1494 1493 
3240 2322 4583 2013 
3241 597 699 595 
3242 2099 2101 2100 
3243 997 1443 1440 
3244 4387 5084 4605 
3245 5908 5985 3945 
3246 3551 4614 4428 
3247 3645 3647 3646 
3248 4400 4503 451 
3249 1173 1201 1172 
3250 609 610 608 
3251 3034 4713 4712 
3252 2846 4774 2046 
3253 4469 5374 3094 
3254 3454 3455 3056 
3255 973 4657 982 
3256 610 612 611 
3257 2204 4515 2750 
3258 1144 5728 1152 
3259 2318 5953 4512 
3260 1454 2145 1456 
3261 908 4691 4690 
3262 1975 4335 1433 
3263 4595 4597 4596 
3264 2164 3170 2736 
3265 4052 4054 4053 
3266 4075 4076 476 
3267 2072 4705 2351 
3268 4566 5331 4668 
3269 4061 4063 4062 
3270 2495 4919 3174 
3271 4448 4450 4449 
3272 2240 2242 2241 
3273 1880 4727 1876 
3274 4451 4452 4449 
3275 2416 2418 2417 
3276 3963 4415 3961 
3277 1462 5541 4641 
3278 1454 5048 2145 
3279 1199 1288 1195 
3280 1383 4701 4514 
3281 5025 5026 4726 
3282 3962 5775 3966 
3283 4458 5402 1799 
3284 3677 4928 4869 
3285 4785 4967 2787 
3286 631 5773 5719 
3287 3699 3898 3348 
3288 984 5144 955 
3289 871 5008 4794 
3290 597 4511 699 
3291 4668 5331 1885 
3292 4752 5332 3142 
3293 2280 2281 2279 
3294 2281 2286 2279 
3295 3517 4753 3153 
3296 2135 5475 5367 
3297 4564 6205 5124 
3298 3362 6110 1130 
3299 1220 5396 4644 
3300 3130 4903 4490 
3301 2485 4536 1948 
3302 3116 4903 3130 
3303 2419 2422 2417 
3304 4113 4116 4111 
3305 3207 4590 2090 
3306 1691 4728 4513 
3307 3128 5090 5017 
3308 3094 5374 5371 
3309 1554 2147 2133 
3310 2744 4664 2342 
3311 4744 5320 3561 
3312 2172 3090 2057 
3313 3429 4309 3510 
3314 4578 5700 4510 
3315 4120 5884 4119 
3316 979 2416 1419 
3317 4332 5868 1445 
3318 2427 4586 2428 
3319 5001 5002 4618 
3320 606 609 608 
3321 1419 4411 945 
3322 4259 4260 3433 
3323 1921 4688 2135 
3324 1471 4470 1977 
3325 1548 1550 1549 
3326 3829 3900 2952 
3327 954 1548 984 
3328 2180 2366 2112 
3329 1173 1202 1201 
3330 605 4465 700 
3331 2663 4634 3055 
3332 2286 4388 2279 
3333 3239 5252 4764 
3334 982 997 994 
3335 2002 5836 4279 
3336 2626 4433 2713 
3337 4531 4532 2744 
3338 4580 5766 4474 
3339 2064 2157 2065 
3340 1183 1185 1181 
3341 1323 5002 5001 
3342 5494 5677 4181 
3343 613 614 612 
3344 4112 4114 4113 
3345 3159 4749 3620 
3346 2335 4358 3942 
3347 2300 5094 4786 
3348 4720 6139 3644 
3349 4749 5263 3620 
3350 4092 6134 3275 
3351 2717 3429 1545 
3352 1604 4435 1602 
3353 4448 4449 2147 
3354 2172 3091 3090 
3355 3885 5443 3883 
3356 4846 4847 3461 
3357 4785 5007 4786 
3358 5365 5524 4902 
3359 2718 4594 2348 
3360 2725 5505 3858 
3361 2275 2278 2277 
3362 1225 4587 1228 
3363 1202 1210 1201 
3364 616 618 617 
3365 4400 4737 3185 
3366 1542 4425 1191 
3367 5434 5587 1479 
3368 4301 6530 463 
3369 3534 5025 2794 
3370 1268 4635 1676 
3371 1251 4826 1254 
3372 3493 4350 2645 
3373 1109 5216 1106 
3374 616 617 615 
3375 3744 3745 3736 
3376 1137 1142 1136 
3377 3496 6307 6239 
3378 3568 4775 4774 
3379 2021 2022 2019 
3380 1496 1514 1495 
3381 1550 1552 1551 
3382 3115 4922 3579 
3383 1715 4577 1716 
3384 2113 5323 1576 
3385 614 616 615 
3386 1550 1551 1549 
3387 1548 1549 984 
3388 3548 4540 4539 
3389 3104 4900 1597 
3390 2230 2728 2726 
3391 2747 3038 2421 
3392 4601 5981 3694 
3393 912 1545 883 
3394 3515 4598 4594 
3395 1186 1188 1187 
3396 4907 5560 2802 
3397 1541 4463 4462 
3398 611 4510 4509 
3399 1141 3449 1139 
3400 4315 4946 4359 
3401 4513 4665 1691 
3402 1564 1565 1563 
3403 1202 1211 1210 
3404 2954 4477 2950 
3405 4758 5573 5312 
3406 3790 4313 3789 
3407 4218 6123 409 
3408 2663 2789 2366 
3409 4566 4746 3218 
3410 3473 3475 3474 
3411 2057 4530 2054 
3412 2210 4760 2407 
3413 3562 5751 5376 
3414 4619 5185 1319 
3415 1818 5374 4469 
3416 4508 5312 2480 
3417 3962 3965 3963 
3418 4354 6220 4352 
3419 2317 2318 2281 
3420 610 613 612 
3421 4623 5050 3179 
3422 1132 5754 3362 
3423 4032 4179 3430 
3424 4392 5699 2205 
3425 1188 1189 1187 
3426 4583 4584 2911 
3427 4617 5679 2552 
3428 2690 2692 2691 
3429 3113 4746 4566 
3430 3333 4210 3334 
3431 3515 4594 2718 
3432 4742 5040 3119 
3433 4786 5094 4783 
3434 1230 4744 4743 
3435 2947 3897 3896 
3436 3483 3568 2846 
3437 2204 4816 4515 
3438 2783 4659 3859 
3439 3825 4002 3975 
3440 3429 3510 1545 
3441 2264 4688 1921 
3442 2478 5025 2497 
3443 1606 1607 1604 
3444 617 1559 1558 
3445 1559 1561 1560 
3446 4703 4759 1351 
3447 836 5173 5164 
3448 1293 5398 3155 
3449 3859 3866 3756 
3450 2356 4740 2357 
3451 3403 3404 2764 
3452 4330 6444 2353 
3453 4763 4764 801 
3454 5024 5531 3106 
3455 2548 2610 2489 
3456 1561 1563 1562 
3457 1551 4447 1554 
3458 1703 4603 1595 
3459 825 4647 820 
3460 657 4742 4741 
3461 1691 4826 1249 
3462 2890 3638 2878 
3463 3153 4753 3554 
3464 610 611 608 
3465 4883 5050 4623 
3466 3167 5462 4728 
3467 1471 1977 1976 
3468 770 5084 772 
3469 1602 3074 1557 
3470 2440 3036 2439 
3471 2318 4512 2281 
3472 938 4768 949 
3473 4961 5598 2338 
3474 5903 5915 4804 
3475 4678 4680 4679 
3476 2851 4707 1959 
3477 3579 4922 4860 
3478 3210 4733 4560 
3479 1563 4499 2097 
3480 2428 4659 2783 
3481 1896 4959 2294 
3482 1198 4561 1394 
3483 943 4655 954 
3484 4560 4589 3210 
3485 2225 5712 1957 
3486 2769 5332 4752 
3487 4561 4562 1394 
3488 3100 3956 3361 
3489 4602 4815 4814 
3490 2976 4539 2874 
3491 3155 5398 4706 
3492 2143 2144 2067 
3493 1353 1388 1384 
3494 2409 2410 1552 
3495 4545 4549 2426 
3496 613 1557 614 
3497 605 700 603 
3498 1567 4901 1290 
3499 937 4768 938 
3500 2787 5007 4785 
3501 4447 4448 2147 
3502 4588 4608 3776 
3503 41 5947 42 
3504 1540 6514 4438 
3505 4624 5016 3128 
3506 1165 4484 1539 
3507 1211 1216 1210 
3508 3218 5331 4566 
3509 4683 5367 4677 
3510 2102 4403 2100 
3511 1323 5003 5002 
3512 1647 5459 1644 
3513 1178 1179 1177 
3514 4755 5050 4883 
3515 4699 5616 2269 
3516 1566 2880 1565 
3517 1514 5811 1495 
3518 4026 4027 4024 
3519 3717 3949 3718 
3520 1567 5515 4901 
3521 2713 2945 2714 
3522 2368 2872 2120 
3523 1422 5868 1464 
3524 2959 3805 2887 
3525 2053 2439 2050 
3526 4784 4937 673 
3527 2497 4727 1880 
3528 4599 4648 2094 
3529 1344 1353 1352 
3530 2930 6053 5856 
3531 1307 5762 4799 
3532 5752 6426 2724 
3533 619 620 618 
3534 4794 5008 3201 
3535 3146 4608 4588 
3536 4466 4468 2195 
3537 4572 5627 2491 
3538 2278 2280 2279 
3539 1170 1283 1168 
3540 1289 4654 1568 
3541 2750 4515 3550 
3542 5981 5984 3694 
3543 1335 4702 1346 
3544 4357 4656 4353 
3545 1193 1542 1191 
3546 2064 4349 2157 
3547 3055 4184 4183 
3548 1561 1564 1563 
3549 641 4658 638 
3550 3121 4746 3113 
3551 608 4509 607 
3552 3842 6283 5313 
3553 1428 4607 1392 
3554 898 4751 4750 
3555 2788 4700 2597 
3556 620 622 621 
3557 4225 4228 4227 
3558 3454 3456 3455 
3559 2959 4495 3805 
3560 601 1538 599 
3561 3255 5878 4270 
3562 4919 5392 3174 
3563 3333 3334 3073 
3564 2228 5451 4853 
3565 652 4629 655 
3566 1176 1177 1133 
3567 1211 1217 1216 
3568 140 4305 139 
3569 3091 3358 3357 
3570 1564 1566 1565 
3571 1197 1198 1189 
3572 1106 5216 1105 
3573 3845 6300 6299 
3574 1180 1181 1179 
3575 2841 5540 5391 
3576 4685 5833 2377 
3577 643 5746 5693 
3578 2412 2415 2410 
3579 4992 4995 977 
3580 4971 5431 5277 
3581 2491 5627 738 
3582 4908 5543 2536 
3583 979 5495 2416 
3584 2273 5707 5356 
3585 2411 2412 2410 
3586 3174 5392 4665 
3587 1594 4652 1704 
3588 2480 5327 4508 
3589 464 6483 5114 
3590 1794 5003 1327 
3591 2497 5025 4726 
3592 1268 4779 4635 
3593 2053 2440 2439 
3594 4755 4883 2504 
3595 2876 3515 2718 
3596 1253 4757 1252 
3597 2247 2678 2177 
3598 4573 4780 1252 
3599 2419 5504 2422 
3600 3128 5017 4624 
3601 4586 4659 2428 
3602 4649 5483 4432 
3603 2282 2704 2703 
3604 4934 5368 4666 
3605 4118 4119 571 
3606 4320 4781 3068 
3607 614 615 612 
3608 2127 5451 2228 
3609 1113 5649 2044 
3610 4356 6423 4365 
3611 3765 3766 3764 
3612 601 4529 1538 
3613 908 4690 909 
3614 4707 4756 1959 
3615 1182 1183 1181 
3616 3099 5725 4488 
3617 1557 4434 614 
3618 1188 1197 1189 
3619 2351 4705 3551 
3620 3488 4568 2759 
3621 1792 5076 4651 
3622 3517 4754 4753 
3623 3882 3884 3883 
3624 616 619 618 
3625 4136 6181 2310 
3626 4127 4128 4126 
3627 1187 4558 2401 
3628 802 4763 801 
3629 4032 4206 4179 
3630 2730 4599 2096 
3631 2428 2783 2658 
3632 1578 4621 2113 
3633 3568 4774 2846 
3634 4479 4480 4478 
3635 2783 3859 3756 
3636 5662 6615 3361 
3637 1223 4587 1225 
3638 2787 4967 677 
3639 647 5697 5619 
3640 4259 4365 4260 
3641 1587 4874 634 
3642 3411 3771 2793 
3643 3121 4747 4746 
3644 2007 5555 3329 
3645 2259 5032 4550 
3646 1966 1967 1965 
3647 1324 5003 1323 
3648 4910 5163 4909 
3649 2146 4825 1456 
3650 4602 5049 4815 
3651 4912 5656 2491 
3652 2783 3079 2658 
3653 2016 2325 1967 
3654 4584 4585 2911 
3655 3090 4530 2057 
3656 1138 5542 3257 
3657 4737 4972 3185 
3658 4628 5469 2721 
3659 4322 5871 4850 
3660 2602 4640 2119 
3661 4487 4759 4703 
3662 2554 5588 5037 
3663 2428 2658 2414 
3664 607 4465 605 
3665 4275 4297 3063 
3666 1203 4638 1214 
3667 3827 3828 3105 
3668 2713 4433 3292 
3669 3156 4646 4645 
3670 1794 5004 5003 
3671 4141 6462 4142 
3672 2120 4656 2016 
3673 821 6200 586 
3674 1197 1203 1198 
3675 4645 4646 1417 
3676 1791 5077 1969 
3677 1964 1965 1963 
3678 1985 4705 2072 
3679 5544 5833 4687 
3680 2626 2713 2712 
3681 3121 4789 4747 
3682 611 4578 4510 
3683 4605 5084 770 
3684 2114 4828 2994 
3685 4896 5390 4895 
3686 1198 1394 1189 
3687 2280 2317 2281 
3688 1602 4435 3074 
3689 626 628 627 
3690 3932 5665 2270 
3691 3074 4434 1557 
3692 626 627 625 
3693 2824 5362 4606 
3694 623 624 622 
3695 2356 4805 4582 
3696 1256 5104 4758 
3697 4476 5024 4581 
3698 840 5163 4910 
3699 1214 4654 1289 
3700 3061 4273 3063 
3701 3552 4495 2959 
3702 4519 4520 3760 
3703 4620 5490 2547 
3704 3117 4805 2370 
3705 1252 4757 4573 
3706 1708 4516 1706 
3707 3450 3815 3800 
3708 624 626 625 
3709 2799 5445 4483 
3710 3555 5717 4788 
3711 2597 4700 2006 
3712 1187 2401 1185 
3713 4727 5386 1876 
3714 1807 5104 1260 
3715 5615 5623 1936 
3716 1468 1495 1467 
3717 3343 3467 3466 
3718 3884 3921 3885 
3719 3978 3979 3977 
3720 1298 4696 1301 
3721 2335 2336 2334 
3722 1450 5949 5088 
3723 2186 5156 4738 
3724 780 4605 768 
3725 620 621 618 
3726 3034 4711 2235 
3727 4638 4654 1214 
3728 1563 2097 1562 
3729 3132 3133 2727 
3730 1966 2016 1967 
3731 4434 5506 619 
3732 3140 4796 3684 
3733 4660 4661 2327 
3734 3214 4887 4886 
3735 4585 5357 2911 
3736 3210 4590 3207 
3737 5787 5825 3051 
3738 3412 3562 1582 
3739 4359 5587 5210 
3740 4669 4671 4670 
3741 5678 5701 4692 
3742 875 1621 831 
3743 2413 2414 2412 
3744 4669 4670 2762 
3745 2119 4640 2601 
3746 2416 5495 3459 
3747 3832 3834 3833 
3748 4496 5376 629 
3749 4860 4881 3579 
3750 4745 5239 3203 
3751 1165 1539 1167 
3752 4582 4740 2356 
3753 1113 2044 1119 
3754 1592 4652 1594 
3755 4600 4648 4599 
3756 3130 4922 3115 
3757 623 1582 624 
3758 1621 4773 831 
3759 2717 3430 3429 
3760 1257 5104 1256 
3761 1122 1133 1120 
3762 620 623 622 
3763 1485 1507 1486 
3764 1964 1966 1965 
3765 3744 3749 3745 
3766 3433 4531 2743 
3767 3546 3548 2976 
3768 3965 4266 3963 
3769 2367 5019 1634 
3770 1565 4499 1563 
3771 2763 4669 2762 
3772 4530 5499 2440 
3773 4961 5621 5598 
3774 3864 6544 4667 
3775 4780 4913 3160 
3776 3541 5517 5193 
3777 1554 4447 2147 
3778 2427 2428 2414 
3779 4960 4961 2026 
3780 2406 2954 2950 
3781 4642 5553 998 
3782 1182 1184 1183 
3783 1404 1405 1392 
3784 2392 4927 4865 
3785 3128 5016 1610 
3786 5506 5575 619 
3787 2811 5390 4896 
3788 1996 1997 1512 
3789 674 4967 673 
3790 912 2717 1545 
3791 3101 5408 4587 
3792 1559 1560 1558 
3793 1213 1342 1341 
3794 1561 1562 1560 
3795 1230 4743 1227 
3796 3547 3700 3546 
3797 4535 4536 2485 
3798 4815 5049 2477 
3799 4865 4928 2392 
3800 3119 5423 1614 
3801 2113 5551 4482 
3802 4072 4073 4071 
3803 1710 1711 1708 
3804 1792 5315 5076 
3805 2409 2411 2410 
3806 3038 5504 2421 
3807 768 4605 770 
3808 3146 4738 4608 
3809 1508 2064 2063 
3810 1690 5668 4823 
3811 4428 4429 3552 
3812 1636 4816 2204 
3813 998 5553 742 
3814 5060 5764 2953 
3815 2646 3069 2645 
3816 3703 4230 3370 
3817 3159 5278 4749 
3818 4829 4971 3172 
3819 2750 3504 3481 
3820 1458 1485 1459 
3821 1171 1393 1173 
3822 642 4734 645 
3823 1444 5860 4233 
3824 1580 4621 1578 
3825 3435 3769 3133 
3826 3077 5628 5528 
3827 5164 5173 3216 
3828 3036 3073 2439 
3829 4728 5462 4513 
3830 3285 3997 3904 
3831 4281 6000 1524 
3832 4802 4803 2531 
3833 2820 5579 4637 
3834 3105 4583 2322 
3835 898 4750 899 
3836 1590 4658 3098 
3837 4306 5904 3341 
3838 1180 1182 1181 
3839 4422 4425 1542 
3840 3040 4586 2427 
3841 4684 4685 2377 
3842 1941 4660 2327 
3843 4527 5625 4764 
3844 1235 4704 1238 
3845 3889 5685 3887 
3846 4708 5364 3359 
3847 5510 5740 754 
3848 3481 3812 3482 
3849 4284 4287 4286 
3850 629 630 628 
3851 4848 4849 4610 
3852 1203 1204 1198 
3853 657 4741 654 
3854 1319 5185 1317 
3855 5683 5801 4392 
3856 4666 5368 4506 
3857 1210 1354 1201 
3858 2324 5572 5554 
3859 3829 3901 3900 
3860 630 632 631 
3861 650 4629 652 
3862 1461 4470 1471 
3863 2874 4539 3385 
3864 638 4658 637 
3865 3643 3644 1598 
3866 887 4756 889 
3867 1962 1963 1621 
3868 1743 4922 4855 
3869 1582 4496 624 
3870 5145 5170 1882 
3871 2806 4776 2599 
3872 4869 4928 4866 
3873 1653 4622 4556 
3874 1171 4616 1393 
3875 3346 4787 3157 
3876 4078 4080 4079 
3877 2861 3585 3273 
3878 2453 5077 4650 
3879 3434 5364 4708 
3880 1550 2409 1552 
3881 1303 4745 1300 
3882 618 4636 617 
3883 624 625 622 
3884 1915 5395 1918 
3885 1205 4638 1203 
3886 5076 5315 4987 
3887 627 5769 2722 
3888 4006 4586 3040 
3889 1219 1221 1220 
3890 3588 5089 4701 
3891 1218 1219 1217 
3892 2808 4949 3796 
3893 1455 1458 1457 
3894 871 4794 4793 
3895 5376 5512 629 
3896 1219 1220 1217 
3897 2821 3332 3331 
3898 2824 5483 1889 
3899 1505 4832 4830 
3900 3781 4234 3050 
3901 5323 5488 1573 
3902 972 4657 973 
3903 5437 5643 734 
3904 626 629 628 
3905 1117 3294 1115 
3906 1292 1293 1291 
3907 4463 5918 5648 
3908 4744 5326 3124 
3909 4886 4887 3631 
3910 2342 4664 2071 
3911 2488 5444 4173 
3912 4840 4880 3184 
3913 4768 4769 949 
3914 4713 4714 4712 
3915 4646 4840 1417 
3916 4721 5154 3143 
3917 663 5278 3159 
3918 3138 5138 4717 
3919 4173 4174 4172 
3920 4691 4692 3586 
3921 4162 4163 3372 
3922 4573 4913 4780 
3923 4447 4455 4448 
3924 3358 4164 3357 
3925 1292 1294 1293 
3926 4617 5673 3889 
3927 5277 5431 4702 
3928 2294 4959 3129 
3929 1203 1214 1204 
3930 922 4914 925 
3931 4000 4006 3040 
3932 4690 4691 3586 
3933 3388 3777 3414 
3934 3530 4489 3555 
3935 673 4967 4784 
3936 954 984 955 
3937 1290 1292 1291 
3938 3199 5400 1648 
3939 1178 1180 1179 
3940 3215 5240 4732 
3941 2872 4656 2120 
3942 1706 3101 1588 
3943 3100 3361 2756 
3944 225 6009 226 
3945 827 1583 825 
3946 2714 4570 2947 
3947 1674 4835 4367 
3948 4928 5151 2392 
3949 3111 4611 3112 
3950 1289 1567 1290 
3951 2954 4479 4478 
3952 4779 4862 3576 
3953 1667 3099 1587 
3954 634 636 635 
3955 1296 4696 1298 
3956 1600 4696 1296 
3957 6062 6210 1538 
3958 1346 4702 1383 
3959 836 5164 5163 
3960 2790 5498 5017 
3961 4651 5077 1792 
3962 3329 3799 3441 
3963 1545 4505 883 
3964 4611 4612 3112 
3965 909 4690 919 
3966 3342 5845 3528 
3967 636 637 635 
3968 4717 4718 3138 
3969 4671 4672 4670 
3970 2986 3995 3909 
3971 3909 4492 3422 
3972 3124 4955 1627 
3973 633 634 632 
3974 1505 5307 4832 
3975 805 4763 802 
3976 4783 5094 4782 
3977 1595 4603 2284 
3978 5445 5613 4483 
3979 1349 1357 1348 
3980 3928 5702 5456 
3981 2897 3337 3336 
3982 4635 4779 3576 
3983 2500 5058 2504 
3984 2299 4577 1715 
3985 2902 3027 2299 
3986 4884 5416 645 
3987 4590 5524 5365 
3988 3143 5154 1640 
3989 1965 2557 1963 
3990 2284 2985 2984 
3991 4738 5156 4608 
3992 3098 4652 1592 
3993 4831 5250 4830 
3994 919 2861 2005 
3995 3231 5490 4620 
3996 973 982 975 
3997 617 1558 615 
3998 2743 2744 2342 
3999 1962 1964 1963 
4000 6033 6372 5288 
4001 3226 5416 4884 
4002 4542 6025 4308 
4003 5163 5164 4909 
4004 6266 6363 1439 
4005 4582 4805 3117 
4006 1712 1715 1713 
4007 2504 5058 4755 
4008 1568 1569 1567 
4009 3068 5380 2474 
4010 633 1587 634 
4011 1227 4743 1226 
4012 3818 6167 6149 
4013 4450 4454 4453 
4014 1712 1713 1711 
4015 4590 5365 2090 
4016 4866 4928 4865 
4017 3147 4703 3593 
4018 954 4655 1548 
4019 1671 4835 1674 
4020 1946 4666 2485 
4021 3278 5512 5376 
4022 2069 2345 2070 
4023 3529 3530 1583 
4024 2407 3100 2756 
4025 4910 5168 840 
4026 3222 4933 4895 
4027 4603 4604 2985 
4028 955 5144 957 
4029 4703 4824 3593 
4030 636 638 637 
4031 2861 3273 2005 
4032 3083 5605 5392 
4033 2066 5444 2488 
4034 3214 5186 4887 
4035 498 5484 5036 
4036 4957 5507 5362 
4037 3037 4325 4324 
4038 2235 4711 2162 
4039 1578 2113 1576 
4040 4781 5380 3068 
4041 630 633 632 
4042 5022 5491 3601 
4043 2660 5850 3811 
4044 2631 2645 2630 
4045 3677 5151 4928 
4046 3562 4496 1582 
4047 4830 5250 1505 
4048 1573 1994 1574 
4049 4718 5100 3138 
4050 4813 5923 4812 
4051 2861 4690 3586 
4052 1894 4959 1896 
4053 2032 5558 2034 
4054 1590 1592 1591 
4055 1551 1554 1553 
4056 3530 3555 1583 
4057 4482 5488 5323 
4058 3458 3860 3457 
4059 4649 5428 1889 
4060 1944 4666 1946 
4061 2411 2413 2412 
4062 3461 5600 3317 
4063 1222 1223 1221 
4064 2071 4660 1941 
4065 5108 6010 3431 
4066 5312 5573 2480 
4067 3203 5056 1680 
4068 4701 5089 4514 
4069 5200 5386 4727 
4070 1554 2133 1555 
4071 2058 2172 2057 
4072 3917 3918 3769 
4073 4741 4742 3119 
4074 4839 4886 3631 
4075 3709 4733 3209 
4076 2743 4531 2744 
4077 4787 4817 3157 
4078 630 631 628 
4079 1151 1461 1433 
4080 3796 4777 4776 
4081 1592 1594 1593 
4082 3938 6138 5299 
4083 4829 5431 4971 
4084 1149 4484 1165 
4085 4743 4744 3124 
4086 3142 5332 1982 
4087 1223 1225 1224 
4088 1594 1703 1595 
4089 1220 4644 4643 
4090 4403 4404 2100 
4091 4990 4991 962 
4092 4106 5980 4105 
4093 1959 4756 887 
4094 1345 5071 1344 
4095 1214 1289 1215 
4096 3123 4798 1600 
4097 1570 1571 1569 
4098 637 4658 1590 
4099 1217 4643 1216 
4100 1225 1226 1224 
4101 1715 1716 1713 
4102 2557 5979 5269 
4103 1605 1606 1604 
4104 4355 4356 4353 
4105 2133 2570 2134 
4106 576 4305 140 
4107 1674 1675 1672 
4108 673 4937 670 
4109 1572 1573 1571 
4110 1671 1672 1669 
4111 3209 4733 3210 
4112 1710 1712 1711 
4113 2354 2365 1675 
4114 2902 3923 3027 
4115 4786 5276 2300 
4116 3934 3936 3935 
4117 1469 1470 1435 
4118 611 4509 608 
4119 1225 1227 1226 
4120 4732 5240 4723 
4121 2351 2959 2887 
4122 3184 5397 2832 
4123 3140 5203 4796 
4124 4097 4329 4098 
4125 1160 1213 1212 
4126 1625 4743 3124 
4127 1671 1674 1672 
4128 4645 5145 3156 
4129 2684 3374 2129 
4130 1674 2354 1675 
4131 5673 5685 3889 
4132 1295 1600 1296 
4133 4761 4762 3080 
4134 1794 5457 5004 
4135 2370 4805 1651 
4136 680 4735 678 
4137 4342 5712 2225 
4138 637 1590 1589 
4139 3828 4583 3105 
4140 1233 4704 1235 
4141 1511 1512 1470 
4142 6299 6300 3835 
4143 3457 4611 3111 
4144 4394 5680 3057 
4145 3366 3367 3365 
4146 1204 4561 1198 
4147 3385 3653 3386 
4148 634 635 632 
4149 2354 4231 2365 
4150 1285 1348 1284 
4151 4558 6082 2401 
4152 3112 4669 2763 
4153 1289 1568 1567 
4154 4738 5052 2186 
4155 4407 5019 2367 
4156 2348 2730 2096 
4157 1603 1604 1602 
4158 1295 1296 1294 
4159 2557 5268 1963 
4160 2351 2887 2209 
4161 1335 5277 4702 
4162 1425 1453 1452 
4163 772 5084 776 
4164 1597 4900 811 
4165 3882 3883 2945 
4166 4231 6441 3843 
4167 1211 1218 1217 
4168 3060 3072 1566 
4169 1904 1905 1903 
4170 1711 4806 4516 
4171 2576 4614 1989 
4172 3774 3775 3367 
4173 3366 4138 3774 
4174 640 4734 642 
4175 1515 2018 1514 
4176 3796 4776 2806 
4177 1590 3098 1592 
4178 3511 3827 3105 
4179 834 6016 5984 
4180 2072 2351 2209 
4181 3111 3112 2763 
4182 1980 1982 1981 
4183 1612 4741 3119 
4184 2423 4761 3080 
4185 1219 1222 1221 
4186 905 4935 908 
4187 1661 4782 1664 
4188 1969 5077 2453 
4189 1254 5577 1255 
4190 1222 1588 1223 
4191 1902 1903 1901 
4192 4842 4862 3176 
4193 4646 4880 4840 
4194 3567 5541 4689 
4195 1944 4934 4666 
4196 1570 1572 1571 
4197 4567 5385 543 
4198 4848 5243 1752 
4199 1984 1985 1983 
4200 1622 4734 640 
4201 3777 3778 3414 
4202 2092 2685 1606 
4203 5053 5100 4718 
4204 3431 6017 5108 
4205 4991 4993 4992 
4206 1214 1215 1204 
4207 4892 5362 2824 
4208 668 4800 671 
4209 1300 4745 1299 
4210 2360 2874 2246 
4211 639 640 638 
4212 4589 4590 3210 
4213 1678 4745 3203 
4214 2139 4817 1842 
4215 1636 2204 2126 
4216 1982 1984 1983 
4217 776 4894 4893 
4218 4751 4752 3142 
4219 3815 4559 3800 
4220 1296 1298 1297 
4221 1653 4735 680 
4222 3544 5575 5506 
4223 1982 1983 1981 
4224 1941 2327 1907 
4225 1984 1987 1985 
4226 2413 2427 2414 
4227 4799 5239 1303 
4228 3824 3825 3498 
4229 1792 5077 1791 
4230 2808 3796 2806 
4231 1905 2029 1906 
4232 1876 5386 1871 
4233 4700 5564 2006 
4234 2985 3058 2984 
4235 636 639 638 
4236 1568 1570 1569 
4237 2284 4603 2985 
4238 1573 1574 1571 
4239 654 4741 653 
4240 2096 4599 2094 
4241 1900 1901 1597 
4242 899 4750 902 
4243 959 4990 962 
4244 1930 4923 1928 
4245 1994 2246 1995 
4246 902 1980 1979 
4247 2950 3366 3365 
4248 639 1622 640 
4249 2337 5623 4541 
4250 3580 5227 4704 
4251 5040 5423 3119 
4252 4716 5739 3026 
4253 3749 5750 3987 
4254 4286 4989 4285 
4255 815 1597 811 
4256 2071 4664 4660 
4257 642 643 641 
4258 2407 2756 2408 
4259 3883 5443 4570 
4260 627 2722 625 
4261 2045 2749 2222 
4262 4750 4751 3142 
4263 2162 4711 2576 
4264 609 5648 5641 
4265 2637 3752 2635 
4266 2586 2923 2588 
4267 1904 1907 1905 
4268 4548 4552 4551 
4269 1980 1981 1979 
4270 640 642 641 
4271 3950 3951 3086 
4272 3079 4792 3950 
4273 2615 2902 2299 
4274 4597 6331 6297 
4275 4082 4592 4591 
4276 5084 5567 776 
4277 1176 1178 1177 
4278 3933 3939 3938 
4279 2762 4688 2264 
4280 1298 1299 1297 
4281 1223 1224 1221 
4282 2204 2750 2659 
4283 845 5039 847 
4284 875 1962 1621 
4285 4889 5400 3199 
4286 4369 4393 4370 
4287 1351 4824 4703 
4288 4515 5019 4407 
4289 2114 2994 2329 
4290 3822 3823 3345 
4291 3166 5308 4789 
4292 2750 3481 2659 
4293 871 4793 872 
4294 1588 4587 1223 
4295 2874 3385 2875 
4296 1197 1205 1203 
4297 1174 1398 1397 
4298 4312 4460 4459 
4299 3167 4911 1745 
4300 1594 1595 1593 
4301 1293 3155 2575 
4302 1350 4824 1351 
4303 4789 5092 4976 
4304 1296 1297 1294 
4305 919 4690 2861 
4306 1240 4839 1237 
4307 2209 4760 2210 
4308 5065 5993 5105 
4309 4610 5243 4848 
4310 2360 2976 2874 
4311 5631 5653 3234 
4312 1158 1160 1159 
4313 1994 1995 1574 
4314 2981 4772 3584 
4315 5185 5258 3139 
4316 1902 1904 1903 
4317 4886 5259 3214 
4318 1298 1300 1299 
4319 3510 4615 4505 
4320 3902 3941 3493 
4321 1592 1593 1591 
4322 3666 5986 5006 
4323 1240 5259 4886 
4324 3262 3751 2974 
4325 3123 5767 4798 
4326 1292 1295 1294 
4327 1264 4862 4779 
4328 1594 1704 1703 
4329 2265 5203 3140 
4330 2740 4790 3303 
4331 3080 3081 2733 
4332 6067 6507 2868 
4333 2833 5147 4748 
4334 4734 4884 645 
4335 2162 2576 1989 
4336 1226 4743 1625 
4337 1226 1625 1624 
4338 819 5348 816 
4339 4759 5447 1351 
4340 4748 5141 2833 
4341 1290 1291 1215 
4342 1753 4797 1749 
4343 2861 3586 3585 
4344 1289 1290 1215 
4345 1980 4750 3142 
4346 4865 4927 4863 
4347 2204 2659 2126 
4348 4728 4911 3167 
4349 449 6630 3976 
4350 4833 5194 2337 
4351 2179 3412 1582 
4352 5609 5627 4572 
4353 642 644 643 
4354 1711 4516 1708 
4355 1743 5305 1741 
4356 1668 1669 1667 
4357 4811 4978 4813 
4358 1663 5211 2328 
4359 646 648 647 
4360 1147 4484 1149 
4361 2706 2731 2707 
4362 1666 1667 1587 
4363 1901 3104 1597 
4364 1988 1989 1987 
4365 1317 5185 4890 
4366 3152 3154 3153 
4367 1625 1627 1626 
4368 889 4756 892 
4369 3062 3284 2704 
4370 3143 5386 5200 
4371 1670 1671 1669 
4372 4959 5428 4649 
4373 4895 4933 3137 
4374 3551 3552 2959 
4375 4808 4983 2391 
4376 4674 4675 4672 
4377 3080 4885 3081 
4378 3539 4983 4808 
4379 1451 4838 4837 
4380 4629 5531 655 
4381 640 641 638 
4382 3190 5491 5022 
4383 2680 5470 2438 
4384 4645 5170 5145 
4385 5337 5359 2211 
4386 1248 4728 1691 
4387 1989 4614 1987 
4388 4855 5305 1743 
4389 1994 2360 2246 
4390 4526 4528 4527 
4391 2175 2176 2173 
4392 1398 1425 1424 
4393 1590 1591 1589 
4394 1228 1229 1227 
4395 1612 1614 1613 
4396 1600 4798 4696 
4397 5085 5149 4831 
4398 645 646 644 
4399 1642 3106 1608 
4400 1215 4697 1204 
4401 1601 1602 1557 
4402 4258 4259 3433 
4403 1169 4616 1171 
4404 4762 4885 3080 
4405 2933 3105 2322 
4406 652 653 651 
4407 943 954 953 
4408 1900 1902 1901 
4409 1633 1634 1632 
4410 2895 4969 4968 
4411 5149 5250 4831 
4412 4619 5258 5185 
4413 5138 5145 4717 
4414 3101 4587 1588 
4415 2406 4517 2954 
4416 4571 5193 4195 
4417 827 3529 1583 
4418 2599 2788 2597 
4419 3160 5073 4780 
4420 1990 2162 1989 
4421 1627 1629 1628 
4422 4525 4526 1599 
4423 4390 5827 2760 
4424 1299 4745 1678 
4425 3121 5092 4789 
4426 4665 4826 1691 
4427 1620 2363 1619 
4428 4895 5390 3222 
4429 1614 1616 1615 
4430 3339 3340 3338 
4431 940 4303 941 
4432 2665 5672 5351 
4433 879 5479 876 
4434 652 654 653 
4435 2590 2593 2592 
4436 591 885 589 
4437 666 4800 668 
4438 650 652 651 
4439 1451 4837 695 
4440 3653 3713 3654 
4441 1411 5328 1460 
4442 649 1608 650 
4443 3172 5212 4829 
4444 1616 1619 1617 
4445 653 1612 1611 
4446 4696 5687 1301 
4447 1634 5019 1632 
4448 2210 2407 2313 
4449 1726 5246 4881 
4450 807 1599 805 
4451 1649 1650 1647 
4452 3154 3517 3153 
4453 1659 4782 1661 
4454 653 4741 1612 
4455 946 979 945 
4456 1225 1228 1227 
4457 4908 5560 4905 
4458 4923 5039 1928 
4459 963 977 965 
4460 2571 2585 2573 
4461 4881 5246 3579 
4462 2338 5556 5545 
4463 5105 5995 5065 
4464 1598 5216 1109 
4465 649 650 648 
4466 895 4977 898 
4467 2406 2950 2949 
4468 2457 4810 2460 
4469 3580 5540 5227 
4470 5139 5492 3621 
4471 1299 1678 1677 
4472 3576 4862 4842 
4473 1678 1680 1679 
4474 712 5080 3162 
4475 1629 1632 1630 
4476 2163 2235 2162 
4477 2107 2152 2106 
4478 346 4373 345 
4479 1635 1992 1634 
4480 4532 4533 2744 
4481 2306 3034 2235 
4482 2337 5194 2171 
4483 4880 5397 3184 
4484 1905 1906 1903 
4485 1646 1647 1644 
4486 3671 4857 4856 
4487 3107 3123 1600 
4488 2956 4818 4018 
4489 1629 1630 1628 
4490 1015 5165 1012 
4491 1625 3124 1627 
4492 1646 1649 1647 
4493 3129 4959 4649 
4494 1891 5428 1894 
4495 1298 1301 1300 
4496 678 4735 683 
4497 1103 5419 1104 
4498 5193 5517 4195 
4499 1229 1231 1230 
4500 1434 1435 1402 
4501 3432 3433 2743 
4502 1460 5058 2500 
4503 1265 4779 1268 
4504 1610 5016 795 
4505 2153 2583 2152 
4506 3884 3885 3883 
4507 1680 1682 1681 
4508 4793 4794 3596 
4509 1649 1651 1650 
4510 2181 3354 3352 
4511 5444 5690 4173 
4512 2761 2762 2264 
4513 1351 5447 1286 
4514 2850 3595 2851 
4515 864 4918 931 
4516 642 645 644 
4517 3330 4878 2753 
4518 865 4934 1944 
4519 1709 1710 1708 
4520 1682 1685 1683 
4521 1612 3119 1614 
4522 1630 4816 1636 
4523 2513 5053 4966 
4524 2482 4815 2477 
4525 2890 3810 3638 
4526 3118 4937 4784 
4527 4112 4115 4114 
4528 1651 1652 1650 
4529 4087 6238 258 
4530 1627 1628 1626 
4531 1121 5778 1124 
4532 3548 4625 4540 
4533 1301 1302 1300 
4534 646 647 644 
4535 1302 1304 1303 
4536 1317 4890 1314 
4537 3487 5421 5235 
4538 5164 5543 4909 
4539 3049 3911 2255 
4540 1901 5235 3104 
4541 3100 4760 4379 
4542 1842 4817 2198 
4543 892 3152 1974 
4544 3081 4885 4047 
4545 688 4836 2492 
4546 3426 5140 2875 
4547 4526 4527 1599 
4548 4966 5053 4718 
4549 2051 2053 2050 
4550 4541 5623 5615 
4551 4717 5145 1882 
4552 4847 5600 3461 
4553 499 6476 4212 
4554 655 656 654 
4555 2029 3486 1906 
4556 5037 5588 3603 
4557 3423 6028 4292 
4558 1378 4824 1350 
4559 815 1900 1597 
4560 4925 5217 3669 
4561 1987 4705 1985 
4562 656 658 657 
4563 4803 4804 2531 
4564 3152 3153 1974 
4565 3671 4858 4857 
4566 4794 4795 3596 
4567 2750 3550 3504 
4568 1992 2574 2367 
4569 3162 4912 707 
4570 2874 2875 2246 
4571 2754 5340 2191 
4572 1264 4779 1265 
4573 3079 3086 2658 
4574 4606 5483 2824 
4575 3529 4374 3530 
4576 1686 3028 1685 
4577 2356 2357 2290 
4578 3385 3386 2875 
4579 660 662 661 
4580 5554 5572 4795 
4581 4789 4976 3166 
4582 4587 5408 1228 
4583 4210 4220 3334 
4584 3584 3602 3117 
4585 2981 3584 3117 
4586 2017 2120 2016 
4587 1753 5233 4797 
4588 4789 5308 4747 
4589 2761 2763 2762 
4590 1049 5196 4964 
4591 3921 3968 3885 
4592 1259 4875 1261 
4593 1633 1635 1634 
4594 1264 4875 4862 
4595 902 4750 1980 
4596 3584 4502 3602 
4597 919 2005 920 
4598 1232 1233 1231 
4599 1232 1655 1233 
4600 782 4918 864 
4601 2175 5430 2176 
4602 4181 5677 5659 
4603 3859 3969 3866 
4604 3403 3893 3404 
4605 4964 5196 4963 
4606 1391 1392 1374 
4607 690 4809 694 
4608 646 649 648 
4609 1616 1620 1619 
4610 1240 4886 4839 
4611 1237 4839 1236 
4612 1682 1683 1681 
4613 2182 2299 1715 
4614 4719 4720 2867 
4615 2875 5140 2246 
4616 4769 4770 949 
4617 1657 4937 3118 
4618 1229 1232 1231 
4619 2981 3117 2370 
4620 1383 4702 4701 
4621 2072 2209 2073 
4622 2797 4876 3272 
4623 4292 6022 3423 
4624 4680 4681 4679 
4625 3601 5491 5482 
4626 662 663 661 
4627 650 651 648 
4628 2781 3759 2364 
4629 3028 3869 3141 
4630 917 5518 913 
4631 3176 5254 4842 
4632 1914 1915 1913 
4633 1233 1235 1234 
4634 2186 5052 1738 
4635 659 660 658 
4636 3100 4379 3956 
4637 4252 4430 2931 
4638 3612 5601 5585 
4639 1915 1918 1916 
4640 1678 3203 1680 
4641 2850 4793 3596 
4642 659 1638 660 
4643 1683 4828 2114 
4644 1609 4800 666 
4645 492 4924 349 
4646 2157 2158 2065 
4647 637 1589 635 
4648 1910 1911 1610 
4649 3157 4817 2139 
4650 1197 4778 1205 
4651 662 664 663 
4652 4876 4877 3272 
4653 3491 3492 3300 
4654 1912 1913 1911 
4655 4863 4927 2382 
4656 1625 1626 1624 
4657 3730 4899 2989 
4658 4732 5359 5337 
4659 1707 1708 1706 
4660 1652 2356 2290 
4661 2860 4839 3631 
4662 4811 4812 2869 
4663 827 4773 3529 
4664 2200 4761 2423 
4665 2229 2406 2234 
4666 926 940 928 
4667 1620 2364 2363 
4668 4809 5171 694 
4669 2739 4968 3725 
4670 4859 4932 4931 
4671 3550 4334 3504 
4672 5506 5671 3544 
4673 666 668 667 
4674 2236 2306 2235 
4675 2341 2973 2317 
4676 872 4793 886 
4677 1640 5154 1310 
4678 2574 3300 2927 
4679 1985 2072 1986 
4680 1229 1230 1227 
4681 1576 5323 1572 
4682 2013 2911 2011 
4683 1727 4881 4860 
4684 2858 5731 3814 
4685 3143 5200 4721 
4686 3159 3620 3512 
4687 2753 4878 2293 
4688 988 995 987 
4689 683 5757 4368 
4690 1506 5217 4925 
4691 1980 3142 1982 
4692 1616 1617 1615 
4693 3118 4782 1659 
4694 1139 5754 1135 
4695 1854 5212 3172 
4696 2231 5067 2166 
4697 2127 2228 2227 
4698 663 3159 2199 
4699 1760 5073 3160 
4700 2574 2927 2367 
4701 621 4636 618 
4702 1220 4643 1217 
4703 3055 4185 4184 
4704 1305 1306 1304 
4705 1614 1615 1613 
4706 4391 5421 3487 
4707 1608 4629 650 
4708 3671 4856 2913 
4709 1235 1236 1234 
4710 3456 3872 3455 
4711 2454 2455 2444 
4712 1992 2367 1634 
4713 3139 5101 1696 
4714 1680 1681 1679 
4715 3349 3351 3350 
4716 1906 5235 1903 
4717 1186 2475 1188 
4718 4831 5158 5085 
4719 868 5008 871 
4720 4725 5200 4727 
4721 652 655 654 
4722 1641 1642 1608 
4723 2850 2851 1959 
4724 2713 2714 2712 
4725 1612 1613 1611 
4726 2781 3760 3759 
4727 1583 4647 825 
4728 3544 5671 3545 
4729 656 657 654 
4730 1401 1402 1389 
4731 668 670 669 
4732 4784 4967 4785 
4733 1921 2135 1917 
4734 1425 5048 1454 
4735 776 4893 774 
4736 665 666 664 
4737 2776 5326 4498 
4738 2307 2767 2306 
4739 1619 4834 1617 
4740 2836 5248 4986 
4741 2369 2630 2368 
4742 4883 5176 2504 
4743 1877 4852 2257 
4744 797 1610 795 
4745 2121 2368 2120 
4746 1749 4797 1747 
4747 2184 4854 1490 
4748 1235 1237 1236 
4749 2357 2454 2444 
4750 3160 5334 1762 
4751 886 2850 1959 
4752 3300 3816 2927 
4753 1318 4888 1321 
4754 1205 4639 4638 
4755 668 669 667 
4756 3487 5235 1906 
4757 3124 5326 4955 
4758 5168 5281 1929 
4759 1632 4816 1630 
4760 2826 5210 2473 
4761 1664 2080 1663 
4762 1629 1633 1632 
4763 1911 3128 1610 
4764 4704 5227 1238 
4765 1643 1644 1642 
4766 656 659 658 
4767 1928 5039 845 
4768 2460 2461 2459 
4769 847 5039 850 
4770 1918 2024 1919 
4771 672 674 673 
4772 1887 4892 2824 
4773 2679 4975 3199 
4774 1652 2290 2289 
4775 707 4912 704 
4776 2463 4968 2739 
4777 1682 1686 1685 
4778 2455 4810 2457 
4779 578 6007 580 
4780 1645 1646 1644 
4781 1914 1917 1915 
4782 2547 5490 5467 
4783 2994 4719 2329 
4784 670 4937 669 
4785 3341 4012 3171 
4786 3203 5384 5056 
4787 2329 4719 2867 
4788 922 925 924 
4789 4913 5334 3160 
4790 1873 4852 1877 
4791 660 661 658 
4792 2796 4811 2869 
4793 3033 5771 4046 
4794 4945 5503 2509 
4795 1678 1679 1677 
4796 5349 5350 4405 
4797 2423 3080 2733 
4798 4926 5165 1015 
4799 909 919 911 
4800 1617 4834 2118 
4801 2871 3364 2948 
4802 2739 3304 2738 
4803 3653 3654 3386 
4804 1302 1303 1300 
4805 1248 4911 4728 
4806 2460 2895 2461 
4807 3118 4783 4782 
4808 2895 4968 2461 
4809 536 5753 5215 
4810 2387 4927 2392 
4811 665 1609 666 
4812 1226 1624 1224 
4813 2911 5357 2011 
4814 1657 1659 1658 
4815 2742 2743 2342 
4816 1911 5090 3128 
4817 2771 4983 3539 
4818 3187 3580 1655 
4819 671 672 670 
4820 632 5387 631 
4821 1973 3251 2466 
4822 5652 5704 5144 
4823 1306 1308 1307 
4824 686 4836 688 
4825 1657 3118 1659 
4826 1303 5239 4745 
4827 902 1979 903 
4828 2237 2342 2071 
4829 2827 5148 5082 
4830 1984 1988 1987 
4831 1946 1948 1947 
4832 2081 2265 2080 
4833 4368 5007 2787 
4834 1686 3029 3028 
4835 4826 4827 1254 
4836 1302 1305 1304 
4837 1912 1914 1913 
4838 2124 2370 1651 
4839 1252 4780 1250 
4840 840 5168 841 
4841 3533 4772 2981 
4842 1944 1946 1945 
4843 708 4912 2491 
4844 1988 1990 1989 
4845 1209 1284 1208 
4846 2492 4809 690 
4847 4785 4786 4783 
4848 1918 1919 1916 
4849 2357 2444 2443 
4850 1692 4875 1259 
4851 807 4525 1599 
4852 4893 4894 3137 
4853 1796 5254 3176 
4854 1314 4890 1313 
4855 2457 2460 2459 
4856 4882 5066 2165 
4857 2365 2484 1675 
4858 675 676 674 
4859 2790 5090 1916 
4860 5463 5464 3354 
4861 2666 2981 2370 
4862 1233 1234 1231 
4863 1745 4911 1243 
4864 2455 2457 2456 
4865 666 667 664 
4866 1293 2575 1291 
4867 1716 2273 1713 
4868 4955 5326 2776 
4869 2739 3724 3304 
4870 2181 5463 3354 
4871 1690 4954 787 
4872 1295 3107 1600 
4873 1667 5569 3099 
4874 3152 4707 3154 
4875 1884 4892 1887 
4876 1239 1241 1240 
4877 1659 1661 1660 
4878 779 4953 2540 
4879 3602 4593 4582 
4880 1664 2081 2080 
4881 3409 4851 4043 
4882 1948 1949 1947 
4883 669 1657 1656 
4884 5082 5148 5047 
4885 4307 4308 3067 
4886 2463 2739 2738 
4887 4780 5073 1250 
4888 1946 1947 1945 
4889 1661 1663 1662 
4890 4811 4813 4812 
4891 3589 4926 4840 
4892 5820 6277 512 
4893 1948 1951 1949 
4894 1655 4704 1233 
4895 4986 5248 4985 
4896 2461 2463 2462 
4897 1915 1916 1913 
4898 1575 1576 1572 
4899 662 665 664 
4900 1990 2163 2162 
4901 3589 4840 3184 
4902 4859 4931 4930 
4903 1104 5419 1107 
4904 2457 2459 2458 
4905 5227 5360 1238 
4906 3103 3546 2976 
4907 1306 1307 1304 
4908 2493 5075 1850 
4909 1236 4839 2860 
4910 2439 4579 2050 
4911 1916 5090 1913 
4912 1995 3488 2759 
4913 3027 4577 2299 
4914 2074 4942 2804 
4915 3028 3141 1685 
4916 676 678 677 
4917 2351 3551 2959 
4918 2432 4930 2435 
4919 3158 3970 3346 
4920 3834 3980 3833 
4921 886 4793 2850 
4922 1238 1239 1237 
4923 1731 4860 1743 
4924 4965 5222 4964 
4925 2566 5388 4207 
4926 353 4897 456 
4927 150 4898 455 
4928 3032 6260 4031 
4929 1832 4902 1844 
4930 3485 4211 3064 
4931 807 4900 4525 
4932 1316 4888 1318 
4933 4917 5336 4918 
4934 3137 4933 1822 
4935 3749 3987 3745 
4936 2205 4761 2200 
4937 2024 2371 2025 
4938 1952 2205 2200 
4939 456 4952 352 
4940 1261 4875 1264 
4941 2165 5067 4882 
4942 3965 4267 4266 
4943 4776 5848 2788 
4944 1661 1664 1663 
4945 865 1944 1943 
4946 2504 5176 2502 
4947 1910 1912 1911 
4948 1589 5387 635 
4949 3212 5000 4194 
4950 747 5109 743 
4951 4173 4175 4174 
4952 3244 5312 4508 
4953 5392 5605 4827 
4954 2463 2738 2464 
4955 690 694 693 
4956 4548 4553 4552 
4957 1841 2139 1842 
4958 4876 5333 4877 
4959 1236 2860 2292 
4960 2473 5210 3066 
4961 2265 3140 2955 
4962 3978 3992 3979 
4963 1312 1313 1311 
4964 3074 5671 5506 
4965 2937 4818 2956 
4966 2804 4942 3164 
4967 755 4953 779 
4968 1694 4890 3139 
4969 5362 5507 4606 
4970 3304 4791 4790 
4971 4732 5337 3215 
4972 1482 5261 5175 
4973 679 680 678 
4974 3970 4017 3346 
4975 3547 3701 3700 
4976 2458 4861 3044 
4977 350 4951 492 
4978 668 671 670 
4979 694 698 697 
4980 2288 5142 1970 
4981 1944 1945 1943 
4982 672 673 670 
4983 653 1611 651 
4984 688 690 689 
4985 2384 4927 2387 
4986 1639 4893 3137 
4987 4428 4563 4429 
4988 2059 4848 1752 
4989 2850 3596 3595 
4990 2438 2446 2445 
4991 1221 5396 1220 
4992 1312 1314 1313 
4993 1423 1445 1422 
4994 2431 4930 2432 
4995 2768 4473 1638 
4996 2166 5067 2165 
4997 1304 4799 1303 
4998 698 704 703 
4999 1724 4881 1727 
5000 2446 2448 2447 
5001 2303 2639 2302 
5002 3140 3684 3407 
5003 2860 3631 3630 
5004 4929 5155 3192 
5005 2371 2882 2372 
5006 2198 4817 2871 
5007 4490 4903 4491 
5008 2871 4787 3364 
5009 2024 2657 2371 
5010 1242 1243 1241 
5011 2448 2451 2450 
5012 1310 1312 1311 
5013 2698 4899 3803 
5014 4987 5075 3148 
5015 905 908 907 
5016 3524 5014 1719 
5017 2913 4856 2394 
5018 718 4999 748 
5019 2989 4899 2656 
5020 695 4837 691 
5021 789 1690 787 
5022 704 4912 708 
5023 3600 5226 5096 
5024 1235 1238 1237 
5025 1896 2294 2293 
5026 3106 4629 1608 
5027 1733 4947 1734 
5028 3236 4876 2797 
5029 2860 3630 3516 
5030 3194 5198 4962 
5031 1329 5198 3194 
5032 678 683 677 
5033 3812 3813 3482 
5034 3246 5360 5227 
5035 4307 4542 4308 
5036 3630 4699 4318 
5037 3306 4997 4007 
5038 2294 2753 2293 
5039 4968 4969 3725 
5040 3551 4428 3552 
5041 2451 2883 2452 
5042 3399 5049 4602 
5043 5096 5234 3600 
5044 1460 5328 5058 
5045 5408 5436 1228 
5046 856 5368 4934 
5047 1299 1677 1297 
5048 4557 4876 3236 
5049 4915 4918 782 
5050 3208 5364 3434 
5051 3364 3563 2948 
5052 4650 5077 4651 
5053 1501 4948 2082 
5054 3148 5076 4987 
5055 2187 5156 2186 
5056 1418 4944 1347 
5057 761 1623 759 
5058 4860 4922 1743 
5059 2883 3390 2884 
5060 3321 3457 3111 
5061 4782 5094 1664 
5062 1239 1242 1241 
5063 2254 4849 4848 
5064 2081 2266 2265 
5065 2815 5089 3588 
5066 1722 5015 1725 
5067 1995 5140 3488 
5068 672 675 674 
5069 3159 3512 2199 
5070 2082 4948 2584 
5071 2301 2302 2266 
5072 531 6003 4310 
5073 1933 4904 1936 
5074 1239 1240 1237 
5075 2254 4848 2059 
5076 691 4837 4836 
5077 2163 2236 2235 
5078 4910 5281 5168 
5079 2679 3199 1648 
5080 797 1910 1610 
5081 1719 5014 765 
5082 5085 5158 1380 
5083 2282 2703 2276 
5084 2669 3525 2720 
5085 4894 4895 3137 
5086 4987 5315 4986 
5087 681 682 680 
5088 1309 1310 1308 
5089 706 707 704 
5090 801 5252 798 
5091 860 861 814 
5092 676 677 674 
5093 686 688 685 
5094 2796 2869 2482 
5095 3620 4333 3512 
5096 3272 4811 2796 
5097 1294 5398 1293 
5098 690 693 689 
5099 3158 3346 3157 
5100 813 814 764 
5101 1705 1706 1588 
5102 1266 4938 1263 
5103 2423 2733 2732 
5104 2669 2720 2262 
5105 899 902 901 
5106 1490 4854 1432 
5107 1751 1753 1749 
5108 694 697 693 
5109 684 685 682 
5110 691 4836 686 
5111 2301 2303 2302 
5112 4963 5196 1881 
5113 688 2492 690 
5114 740 998 742 
5115 3052 3158 3157 
5116 2740 3303 3047 
5117 2639 3398 2944 
5118 1017 4926 1015 
5119 763 764 753 
5120 3635 4941 4940 
5121 2258 5032 2259 
5122 708 2491 738 
5123 3231 4620 4535 
5124 2024 2025 1919 
5125 2671 5162 3356 
5126 2849 5033 1820 
5127 311 4920 530 
5128 108 4921 531 
5129 3272 4978 4811 
5130 2122 2669 2262 
5131 779 1720 1719 
5132 698 703 697 
5133 4164 4456 3357 
5134 1747 3167 1745 
5135 2546 4864 4863 
5136 892 1974 893 
5137 3193 3606 3229 
5138 1874 4852 1873 
5139 1896 2293 2119 
5140 752 753 749 
5141 3172 4971 4970 
5142 2738 4790 2740 
5143 676 679 678 
5144 2140 2426 1878 
5145 3182 5033 4879 
5146 2392 5151 2389 
5147 2056 2057 2054 
5148 145 524 144 
5149 348 525 347 
5150 2441 5041 3161 
5151 895 898 897 
5152 704 708 703 
5153 115 526 114 
5154 318 527 317 
5155 1720 1721 1719 
5156 3399 3694 3398 
5157 4723 5240 4888 
5158 2906 5178 3418 
5159 937 938 861 
5160 4614 4705 1987 
5161 633 1666 1587 
5162 3149 4939 4641 
5163 1751 1754 1753 
5164 711 712 707 
5165 1242 1745 1243 
5166 4784 4785 4783 
5167 1869 3143 1640 
5168 779 1719 765 
5169 3152 4756 4707 
5170 4078 4083 4080 
5171 2198 2871 2870 
5172 1663 2328 1662 
5173 1310 1311 1308 
5174 2441 2656 2091 
5175 892 4756 3152 
5176 3644 5216 1598 
5177 1696 1698 1697 
5178 755 779 765 
5179 4816 5019 4515 
5180 4923 5427 3606 
5181 1263 4938 1262 
5182 1674 4367 2354 
5183 4612 4613 3112 
5184 3085 3111 2763 
5185 683 4368 2787 
5186 1722 1723 1721 
5187 2232 2254 2059 
5188 1724 1727 1723 
5189 1661 1662 1660 
5190 3169 5044 1776 
5191 4894 4896 4895 
5192 4930 4931 2435 
5193 730 732 731 
5194 3995 3996 3909 
5195 728 730 729 
5196 3409 4042 4041 
5197 4769 4771 4770 
5198 1839 1841 1840 
5199 1720 1722 1721 
5200 1337 4943 3169 
5201 3101 5527 5408 
5202 1720 5015 1722 
5203 1313 1694 1693 
5204 2797 3272 2796 
5205 1659 1660 1658 
5206 679 681 680 
5207 2293 4878 2602 
5208 2472 4945 2509 
5209 3168 3560 1623 
5210 1309 1640 1310 
5211 1942 2071 1941 
5212 1379 4957 1282 
5213 3555 4788 4647 
5214 684 686 685 
5215 726 728 727 
5216 1535 5041 2441 
5217 1012 5165 1011 
5218 1940 1941 1907 
5219 1657 1658 1656 
5220 3107 4316 3123 
5221 2757 3052 2139 
5222 3192 5155 5078 
5223 758 4915 782 
5224 3409 4043 4042 
5225 938 947 939 
5226 4797 5462 3167 
5227 1313 4890 1694 
5228 2639 5049 3399 
5229 715 716 712 
5230 2284 2984 2304 
5231 1243 1245 1244 
5232 2451 2885 2883 
5233 2477 5049 2303 
5234 2374 2377 2376 
5235 850 3193 1939 
5236 1831 1837 1836 
5237 1651 4805 1652 
5238 3580 4704 1655 
5239 4319 6020 2920 
5240 1754 1755 1753 
5241 4864 4866 4865 
5242 947 983 978 
5243 1644 5459 1642 
5244 983 1415 991 
5245 1449 1487 1450 
5246 1415 1449 1416 
5247 1952 2200 1953 
5248 5221 5222 4965 
5249 681 684 682 
5250 2441 2989 2656 
5251 2483 2796 2482 
5252 1747 4797 3167 
5253 1305 5311 1306 
5254 1306 1309 1308 
5255 1654 5041 1499 
5256 2252 5038 2086 
5257 2436 2438 2437 
5258 4966 5266 2513 
5259 1245 1247 1246 
5260 4556 4557 3236 
5261 1894 5428 4959 
5262 2251 2252 2086 
5263 957 4990 959 
5264 1694 3139 1696 
5265 1827 1829 1828 
5266 1731 1743 1741 
5267 2939 4818 2937 
5268 1530 5038 2184 
5269 2251 2612 2252 
5270 1727 4860 1731 
5271 2639 3399 3398 
5272 4476 4580 4474 
5273 1722 1724 1723 
5274 663 2199 661 
5275 2772 2781 2364 
5276 725 726 716 
5277 732 734 733 
5278 682 1653 680 
5279 3708 3730 2989 
5280 1356 5229 5086 
5281 3037 4326 4325 
5282 1328 4970 1331 
5283 1873 1877 1876 
5284 1111 1598 1109 
5285 2481 2482 2477 
5286 2446 2447 2445 
5287 5719 5773 3675 
5288 3391 4851 3409 
5289 4527 4764 4763 
5290 1415 1463 1449 
5291 1754 1756 1755 
5292 3077 5703 4537 
5293 701 1451 695 
5294 2612 2935 2614 
5295 2380 4863 2382 
5296 3399 4601 3694 
5297 2265 2955 2080 
5298 1929 1931 1930 
5299 5087 5088 3451 
5300 5693 5746 4328 
5301 1694 1696 1695 
5302 1838 1839 1837 
5303 2633 2939 2937 
5304 3052 3157 2139 
5305 3458 3861 3860 
5306 1611 5316 651 
5307 4867 4868 4866 
5308 1487 1499 1488 
5309 817 5464 5463 
5310 2378 2546 2380 
5311 1701 3886 1700 
5312 1841 1842 1840 
5313 3146 3740 3145 
5314 2438 2445 2437 
5315 748 752 749 
5316 2448 2450 2447 
5317 1924 5492 5139 
5318 2760 2761 2264 
5319 1245 1246 1244 
5320 2357 2443 2290 
5321 1726 4881 1724 
5322 1535 2441 2091 
5323 3140 3407 2955 
5324 3390 4851 3391 
5325 725 754 726 
5326 2647 3819 3818 
5327 3165 5038 2252 
5328 3144 3145 3116 
5329 1652 2289 1650 
5330 715 725 716 
5331 4939 4940 4641 
5332 2387 2389 2388 
5333 4864 4865 4863 
5334 1844 5247 4942 
5335 688 689 685 
5336 4931 4973 2435 
5337 711 715 712 
5338 732 733 731 
5339 730 731 729 
5340 2513 5266 1375 
5341 1487 1654 1499 
5342 813 860 814 
5343 2007 3329 2844 
5344 2755 3187 1655 
5345 1698 1700 1699 
5346 1931 1933 1932 
5347 1750 1751 1749 
5348 763 813 764 
5349 1946 2485 1948 
5350 706 711 707 
5351 3193 3229 1939 
5352 1535 2091 1536 
5353 2935 3747 2936 
5354 1318 1319 1317 
5355 2414 5508 2412 
5356 1499 1535 1500 
5357 3594 5142 4872 
5358 2871 2948 2870 
5359 1564 3060 1566 
5360 4356 4357 4353 
5361 4902 5524 1844 
5362 2391 5372 4808 
5363 2461 2462 2459 
5364 720 4999 718 
5365 3635 4940 4939 
5366 3144 5052 4738 
5367 3803 3867 3381 
5368 752 763 753 
5369 698 706 704 
5370 1736 1737 1735 
5371 3391 3409 3408 
5372 40 6052 41 
5373 2236 2307 2306 
5374 4812 4841 4814 
5375 3936 3937 3935 
5376 774 4893 777 
5377 728 729 727 
5378 1734 1735 1730 
5379 734 736 735 
5380 1636 2126 1637 
5381 2810 5052 3144 
5382 3134 4320 3068 
5383 2656 4899 2698 
5384 649 1641 1608 
5385 2384 2387 2386 
5386 1937 2337 2171 
5387 1872 1873 1871 
5388 1672 5569 1669 
5389 1315 1316 1314 
5390 936 4988 951 
5391 3354 3804 3352 
5392 2939 4819 4818 
5393 1326 4970 1328 
5394 3139 5258 5101 
5395 2451 2452 2450 
5396 2546 4863 2380 
5397 1870 1871 1869 
5398 2387 2388 2386 
5399 2200 2423 2201 
5400 1748 1749 1747 
5401 2371 2372 2025 
5402 2463 2464 2462 
5403 4843 4844 993 
5404 3126 3127 2753 
5405 2457 2458 2456 
5406 1933 1936 1934 
5407 734 735 733 
5408 2698 3803 3381 
5409 1868 1869 1640 
5410 3170 3171 2736 
5411 748 749 717 
5412 2522 4972 2539 
5413 1734 1736 1735 
5414 3539 4808 3541 
5415 4315 4359 3618 
5416 750 791 744 
5417 1827 1828 1826 
5418 889 892 891 
5419 1530 2184 1490 
5420 2574 3491 3300 
5421 5175 5261 3593 
5422 3356 5162 5034 
5423 1282 4957 1279 
5424 2956 3690 2957 
5425 1316 1318 1317 
5426 2476 2477 2303 
5427 2066 2488 2319 
5428 2612 2614 2252 
5429 764 4843 993 
5430 110 4996 454 
5431 2407 2408 2313 
5432 3774 4298 3775 
5433 2219 5199 2815 
5434 2455 2456 2444 
5435 1850 5075 1848 
5436 5619 5697 3659 
5437 1248 1249 1247 
5438 2247 5640 2678 
5439 712 3162 707 
5440 1236 2292 1234 
5441 639 4488 1622 
5442 2776 2785 1635 
5443 713 2494 709 
5444 2132 4958 2130 
5445 2883 2884 2452 
5446 1673 4835 1671 
5447 1873 1876 1871 
5448 2720 3377 2721 
5449 777 4893 1639 
5450 1347 4944 1336 
5451 1949 1952 1950 
5452 2810 3144 3116 
5453 833 4915 758 
5454 2193 4947 1733 
5455 2085 2086 1530 
5456 1931 1932 1930 
5457 3418 5178 5064 
5458 1829 1831 1830 
5459 2738 2740 2464 
5460 3304 4790 2738 
5461 1243 1244 1241 
5462 3144 3146 3145 
5463 5086 5229 3590 
5464 2190 2568 2478 
5465 4858 4859 4857 
5466 2756 3298 2408 
5467 1872 1874 1873 
5468 3192 5142 4929 
5469 3126 5051 3127 
5470 853 5068 856 
5471 2263 2264 1921 
5472 857 4934 865 
5473 4018 4348 3690 
5474 1696 1697 1695 
5475 1731 1741 1732 
5476 4905 4907 4904 
5477 1877 1880 1876 
5478 3127 3330 2753 
5479 1736 1738 1737 
5480 1738 5052 1737 
5481 1933 1934 1932 
5482 2528 4904 1933 
5483 1877 2190 1880 
5484 1698 1699 1697 
5485 2509 4947 2193 
5486 2656 2698 2697 
5487 3148 5075 2493 
5488 3166 4976 1810 
5489 3146 4588 3740 
5490 742 746 743 
5491 4988 5012 951 
5492 1408 5023 1409 
5493 4840 4926 1417 
5494 1727 1731 1728 
5495 308 5030 415 
5496 2860 3516 2292 
5497 2810 3116 3115 
5498 740 742 741 
5499 648 5316 647 
5500 1887 1889 1888 
5501 1417 4926 1017 
5502 2639 2944 2302 
5503 147 491 146 
5504 350 492 349 
5505 4378 5849 3075 
5506 826 827 825 
5507 2165 5066 1523 
5508 3602 4582 3117 
5509 2122 2262 2261 
5510 1312 1315 1314 
5511 1316 1317 1314 
5512 3398 3755 2944 
5513 316 494 315 
5514 113 493 112 
5515 1725 1726 1724 
5516 1894 1896 1895 
5517 3630 4318 3516 
5518 4722 4723 1717 
5519 1740 2186 1738 
5520 3390 3391 2884 
5521 938 939 861 
5522 1740 2187 2186 
5523 2935 2936 2614 
5524 2377 2378 2376 
5525 860 937 861 
5526 3206 5318 3208 
5527 2190 2478 1880 
5528 3558 3559 3525 
5529 3148 5166 5076 
5530 2555 5027 1772 
5531 3600 5234 3183 
5532 2842 5704 5652 
5533 1624 5396 1224 
5534 2535 4939 3149 
5535 1249 1251 1250 
5536 623 2179 1582 
5537 2294 3126 2753 
5538 3181 5013 1782 
5539 1737 2810 2809 
5540 990 5012 1001 
5541 3589 5165 4926 
5542 1870 1872 1871 
5543 777 1639 783 
5544 736 758 757 
5545 2812 3068 2474 
5546 2398 4963 1881 
5547 736 757 735 
5548 2832 5397 2833 
5549 1698 1701 1700 
5550 1729 1730 1726 
5551 4485 4486 3136 
5552 3437 4960 4413 
5553 669 4937 1657 
5554 726 727 716 
5555 1841 2757 2139 
5556 3030 3067 3029 
5557 3078 4307 3067 
5558 2250 2251 2086 
5559 1829 1830 1828 
5560 746 755 747 
5561 4080 4081 4079 
5562 1639 3137 1822 
5563 1782 5013 1780 
5564 2189 4974 2758 
5565 528 4897 354 
5566 529 4898 151 
5567 2199 5279 661 
5568 348 4924 525 
5569 755 765 756 
5570 743 5109 1442 
5571 2698 3381 3380 
5572 1248 1691 1249 
5573 1700 3894 1699 
5574 730 792 732 
5575 1529 1530 1490 
5576 1245 1248 1247 
5577 1746 1747 1745 
5578 938 949 947 
5579 1741 2122 1742 
5580 698 5171 706 
5581 1251 1253 1252 
5582 2300 2301 2266 
5583 4970 4971 1331 
5584 5225 5226 3600 
5585 2547 5528 4620 
5586 4864 4867 4866 
5587 2293 2602 2119 
5588 1409 5023 1412 
5589 351 4952 4951 
5590 1834 4942 2074 
5591 3747 3748 2936 
5592 886 1959 887 
5593 789 4624 1690 
5594 3193 4923 3606 
5595 758 782 781 
5596 3081 3082 2733 
5597 1733 1734 1730 
5598 4916 4917 4915 
5599 3643 4238 3644 
5600 1820 5033 2108 
5601 1929 1930 1928 
5602 1670 1673 1671 
5603 1783 4984 2161 
5604 2871 4817 4787 
5605 1318 1320 1319 
5606 1599 4763 805 
5607 4879 5033 2849 
5608 865 1943 866 
5609 782 864 863 
5610 2128 3943 1991 
5611 1756 1757 1755 
5612 3186 5082 5047 
5613 1246 5073 1760 
5614 772 776 774 
5615 738 740 739 
5616 814 4843 764 
5617 4488 5779 1622 
5618 4654 5592 5529 
5619 2568 2794 2478 
5620 1701 3887 3886 
5621 1760 3160 1762 
5622 1432 1528 1407 
5623 4724 4732 4723 
5624 1649 2124 1651 
5625 4175 4176 4174 
5626 1322 1324 1323 
5627 4820 4821 4819 
5628 764 993 753 
5629 864 930 929 
5630 4891 4892 1280 
5631 3510 4505 1545 
5632 659 2768 1638 
5633 1824 1827 1826 
5634 844 1929 1928 
5635 868 871 870 
5636 4872 5142 2288 
5637 1639 1822 1821 
5638 1334 4943 1337 
5639 872 886 874 
5640 2686 3648 2940 
5641 3481 3482 2659 
5642 4877 4978 3272 
5643 3066 4945 2472 
5644 2382 4927 2384 
5645 1277 4891 1280 
5646 2389 2390 2388 
5647 4490 4491 3559 
5648 3158 4248 3970 
5649 1322 1323 1320 
5650 1250 5073 1247 
5651 1758 2220 1756 
5652 2436 2680 2438 
5653 1313 1693 1311 
5654 2956 4018 3690 
5655 4770 5377 949 
5656 1768 1769 1766 
5657 1432 4854 1528 
5658 5076 5166 4651 
5659 1251 1252 1250 
5660 1839 1840 1837 
5661 833 4916 4915 
5662 1595 2284 1596 
5663 2521 4972 2522 
5664 2838 3071 2886 
5665 3499 3570 3084 
5666 761 4954 3168 
5667 1315 1717 1316 
5668 4674 4676 4675 
5669 1970 5142 3192 
5670 2487 3499 3084 
5671 1768 1770 1769 
5672 2935 3801 3747 
5673 1041 5097 1039 
5674 2209 2210 2073 
5675 3251 3577 2466 
5676 692 695 691 
5677 2389 2393 2390 
5678 669 1656 667 
5679 1406 1407 1396 
5680 758 781 757 
5681 1831 1838 1837 
5682 4553 4554 4552 
5683 4722 4724 4723 
5684 5482 5491 4832 
5685 1483 1497 1482 
5686 782 863 781 
5687 951 5012 990 
5688 1765 5005 1771 
5689 5047 5081 3186 
5690 706 5171 1688 
5691 4553 4555 4554 
5692 3161 3708 2989 
5693 3572 5436 5408 
5694 4868 4869 4866 
5695 155 5010 438 
5696 1501 2082 1497 
5697 687 691 686 
5698 864 929 863 
5699 1254 1255 1253 
5700 2937 2956 2938 
5701 708 738 737 
5702 746 4953 755 
5703 3409 4041 3408 
5704 3012 5011 2966 
5705 947 978 939 
5706 1264 1265 1263 
5707 454 4921 109 
5708 453 4920 312 
5709 1645 1648 1646 
5710 1280 4892 1884 
5711 761 3168 1623 
5712 1772 5027 1769 
5713 5108 6118 6010 
5714 5031 6313 3442 
5715 1321 1322 1320 
5716 2758 2838 2214 
5717 1887 2824 1889 
5718 1039 5097 3204 
5719 3710 3711 2894 
5720 2118 2754 2191 
5721 3511 3920 3827 
5722 1868 1870 1869 
5723 4938 5308 3166 
5724 3308 4997 3306 
5725 1246 1760 1759 
5726 696 701 695 
5727 1652 4805 2356 
5728 983 991 978 
5729 1556 4948 1501 
5730 1487 1488 1450 
5731 2666 3533 2981 
5732 2568 2795 2794 
5733 1449 1450 1416 
5734 1268 1269 1267 
5735 4593 4740 4582 
5736 1415 1416 991 
5737 3691 4212 3693 
5738 1832 1844 1834 
5739 789 5016 4624 
5740 3467 5369 3466 
5741 3534 5026 5025 
5742 1760 1762 1761 
5743 3715 5011 3012 
5744 2505 2686 2507 
5745 2510 4999 720 
5746 4879 5598 3182 
5747 1326 1328 1327 
5748 2472 2509 2193 
5749 1668 1670 1669 
5750 3486 4390 3487 
5751 723 2510 720 
5752 150 455 149 
5753 353 456 352 
5754 2420 2548 2489 
5755 3713 3940 3654 
5756 2384 2386 2385 
5757 1831 1836 1830 
5758 1826 4902 1832 
5759 1271 1273 1272 
5760 1717 4888 1316 
5761 702 709 701 
5762 1258 1259 1257 
5763 2758 3041 2838 
5764 2393 2913 2394 
5765 1332 1334 1333 
5766 1326 1327 1324 
5767 736 833 758 
5768 766 5014 780 
5769 957 5144 4990 
5770 3526 3527 1556 
5771 766 780 768 
5772 2951 3670 2913 
5773 2804 3012 2966 
5774 1489 1490 1432 
5775 1328 1329 1327 
5776 1643 1645 1644 
5777 4118 4121 4120 
5778 710 713 709 
5779 2189 2758 2214 
5780 2702 5028 2296 
5781 1261 1263 1262 
5782 2396 2431 2430 
5783 1336 4944 4943 
5784 2189 2214 2187 
5785 5003 5004 5002 
5786 1639 1821 783 
5787 1249 1250 1247 
5788 3071 3924 3776 
5789 1937 2171 1938 
5790 2074 2804 2803 
5791 2686 2940 2507 
5792 2124 2666 2370 
5793 714 717 713 
5794 1255 1257 1256 
5795 2387 2392 2389 
5796 1278 1279 1277 
5797 1481 1482 1430 
5798 4532 4534 4533 
5799 1232 2755 1655 
5800 718 748 717 
5801 2746 3256 3255 
5802 3231 4535 4506 
5803 1259 1261 1260 
5804 3539 3541 3540 
5805 1274 1275 1273 
5806 5096 5226 1007 
5807 2296 5028 2004 
5808 3168 4366 3560 
5809 5045 5081 5047 
5810 1431 1432 1407 
5811 1231 5320 1230 
5812 1265 1267 1266 
5813 1827 4933 3222 
5814 1822 1824 1823 
5815 2517 5100 5053 
5816 152 529 151 
5817 355 528 354 
5818 110 454 109 
5819 313 453 312 
5820 1307 4799 1304 
5821 1321 5240 5230 
5822 2567 5661 3065 
5823 1535 1536 1500 
5824 1499 1500 1488 
5825 2082 2159 2083 
5826 1840 5160 1837 
5827 3451 4997 3308 
5828 1258 1692 1259 
5829 1395 1396 1382 
5830 1877 2257 2190 
5831 2446 2449 2448 
5832 4812 4814 2869 
5833 1770 1772 1769 
5834 2528 4905 4904 
5835 2461 4968 2463 
5836 3071 3776 2886 
5837 1762 1764 1763 
5838 1269 1271 1270 
5839 2804 2966 2803 
5840 3156 5145 5138 
5841 2944 5203 2302 
5842 2396 2430 2429 
5843 1275 5006 1278 
5844 3676 4310 3670 
5845 3740 4003 3145 
5846 351 4951 350 
5847 1796 3176 1692 
5848 1985 1986 1983 
5849 1251 1254 1253 
5850 1920 1921 1917 
5851 1841 5197 2757 
5852 1334 1337 1333 
5853 1931 2528 1933 
5854 1641 1643 1642 
5855 1281 1282 1279 
5856 455 4980 149 
5857 1332 1333 1330 
5858 1378 5175 4824 
5859 3310 5087 3451 
5860 1739 1740 1738 
5861 1800 1801 1798 
5862 2138 5318 5160 
5863 1805 1806 1803 
5864 4566 4668 3261 
5865 2159 2554 2160 
5866 806 807 805 
5867 1694 1695 1693 
5868 1783 2161 1786 
5869 1255 1258 1257 
5870 1058 5159 1061 
5871 2292 5320 1234 
5872 2795 3076 2794 
5873 2795 3419 3076 
5874 1279 4957 4891 
5875 1336 4943 1334 
5876 1328 1330 1329 
5877 3670 3671 2913 
5878 1382 1418 1347 
5879 2815 5199 5089 
5880 2431 2432 2430 
5881 857 865 859 
5882 1802 1803 1801 
5883 1325 1326 1324 
5884 1309 1868 1640 
5885 2633 2937 2634 
5886 4824 5175 3593 
5887 3527 4948 1556 
5888 2188 2189 2187 
5889 1781 1783 1782 
5890 2757 3490 3052 
5891 2171 2633 2208 
5892 155 438 154 
5893 358 439 357 
5894 2483 2797 2796 
5895 4857 4930 2431 
5896 1275 1277 1276 
5897 1261 1264 1263 
5898 2671 3356 2926 
5899 1783 1786 1782 
5900 1338 1339 1282 
5901 1337 3169 1776 
5902 1764 1768 1766 
5903 1770 1773 1772 
5904 5082 5226 5225 
5905 3437 4413 3439 
5906 658 5279 657 
5907 1764 1766 1765 
5908 1995 2759 1574 
5909 4413 4630 3439 
5910 3491 4167 3492 
5911 1475 5061 1524 
5912 1483 1501 1497 
5913 2935 4950 3801 
5914 3053 4000 3040 
5915 932 934 933 
5916 2487 3084 2495 
5917 931 932 930 
5918 2161 3952 1786 
5919 1781 1782 1780 
5920 1275 1278 1277 
5921 1838 1843 1839 
5922 1331 1332 1330 
5923 2771 3539 3538 
5924 1409 1411 1410 
5925 498 5036 157 
5926 1265 1268 1267 
5927 3164 3714 3012 
5928 1355 1356 1339 
5929 4917 4918 4915 
5930 812 815 811 
5931 1800 1802 1801 
5932 3177 5066 4882 
5933 4379 4380 3956 
5934 841 5168 844 
5935 1339 5086 1379 
5936 1824 1826 1825 
5937 2086 5038 1530 
5938 714 718 717 
5939 2656 2697 2091 
5940 1271 1274 1273 
5941 710 714 713 
5942 1339 1379 1282 
5943 1822 1823 1821 
5944 3258 5316 1611 
5945 3324 4960 3437 
5946 1844 4942 1834 
5947 2393 2394 2390 
5948 1346 1347 1336 
5949 1546 5046 2404 
5950 1481 1483 1482 
5951 3447 3461 3317 
5952 702 710 709 
5953 2951 3676 3670 
5954 2500 2504 2502 
5955 1399 1400 1356 
5956 2082 2584 2159 
5957 3550 4414 4334 
5958 2823 5066 3177 
5959 3176 4875 1692 
5960 3212 4194 4193 
5961 2228 2229 2227 
5962 1828 4902 1826 
5963 3274 5387 1589 
5964 664 5278 663 
5965 3743 5660 3634 
5966 1411 1460 1410 
5967 3419 3420 3076 
5968 2435 2436 2434 
5969 2382 2384 2383 
5970 2498 2921 2920 
5971 2813 2849 1820 
5972 4976 5092 1815 
5973 1335 1336 1334 
5974 1836 3206 2090 
5975 864 931 930 
5976 2647 5381 3819 
5977 3716 3846 3714 
5978 1011 5234 5096 
5979 1350 1351 1286 
5980 3649 3650 3648 
5981 1854 3172 1689 
5982 2393 2951 2913 
5983 1262 4938 1808 
5984 3419 3862 3420 
5985 2966 5011 3581 
5986 1891 1894 1893 
5987 1802 1805 1803 
5988 1000 5081 5045 
5989 3113 3261 2849 
5990 1268 1676 1269 
5991 696 702 701 
5992 4947 5079 1734 
5993 235 6061 471 
5994 1764 1765 1763 
5995 779 2540 1720 
5996 1408 1409 1400 
5997 1773 2110 1772 
5998 850 1939 851 
5999 2838 2886 2214 
6000 981 4988 936 
6001 1409 1410 1400 
6002 1817 5092 2813 
6003 683 2787 677 
6004 3582 5091 3614 
6005 4418 5051 3126 
6006 1666 1668 1667 
6007 2424 4974 2189 
6008 4723 4888 1717 
6009 1778 1781 1780 
6010 1381 1382 1347 
6011 1824 1825 1823 
6012 1817 1820 1819 
6013 2539 5095 2525 
6014 1815 1817 1816 
6015 1769 1978 1766 
6016 959 962 961 
6017 3172 4970 1689 
6018 4721 4722 1717 
6019 2394 2396 2395 
6020 4670 4688 2762 
6021 2082 2083 1497 
6022 1826 1832 1825 
6023 2813 5092 3121 
6024 1329 3194 1794 
6025 1769 5027 1978 
6026 4917 5394 5336 
6027 4212 4214 4213 
6028 2739 3725 3724 
6029 1757 2487 2486 
6030 2481 2483 2482 
6031 3622 4965 4964 
6032 1420 1421 1413 
6033 1412 1413 1411 
6034 932 933 930 
6035 1154 1158 1157 
6036 2291 2681 2493 
6037 1617 2118 1618 
6038 2217 4984 1783 
6039 2906 3418 3415 
6040 1762 1763 1761 
6041 1758 4609 2220 
6042 1320 5001 1319 
6043 1827 3222 1829 
6044 1934 1937 1935 
6045 5082 5225 2827 
6046 2019 4204 2018 
6047 4796 5203 2944 
6048 5528 5628 4620 
6049 1750 1752 1751 
6050 2394 4856 2396 
6051 2027 2498 2267 
6052 4319 4925 3669 
6053 1817 2813 1820 
6054 4856 4857 2431 
6055 2812 3134 3068 
6056 1805 2708 1806 
6057 1277 1280 1276 
6058 3188 3189 2921 
6059 3113 4566 3261 
6060 856 4934 857 
6061 1806 2321 2320 
6062 1206 1852 1162 
6063 935 936 934 
6064 1255 1256 1253 
6065 4830 4832 3189 
6066 3180 3840 3178 
6067 2436 2437 2434 
6068 4725 4726 4724 
6069 3621 3622 3022 
6070 311 530 310 
6071 108 531 107 
6072 4827 5577 1254 
6073 4820 4822 4821 
6074 1689 4970 1326 
6075 3229 3231 3230 
6076 5047 5148 5046 
6077 1274 5006 1275 
6078 1473 5061 1475 
6079 3306 4007 3291 
6080 4630 4632 4631 
6081 2321 4008 2801 
6082 939 5208 861 
6083 1478 5046 1546 
6084 3618 5210 2826 
6085 692 696 695 
6086 3190 5022 5021 
6087 1630 1636 1631 
6088 3177 3178 3151 
6089 5165 5234 1011 
6090 4985 4988 981 
6091 2151 2219 2218 
6092 814 5208 4843 
6093 2723 3040 2427 
6094 853 856 855 
6095 1727 1728 1723 
6096 2378 2380 2379 
6097 1737 2809 1735 
6098 2813 3113 2849 
6099 2698 3380 2697 
6100 1725 1729 1726 
6101 2668 3182 2865 
6102 3992 3993 3979 
6103 2159 2160 2083 
6104 3310 3451 3308 
6105 3118 4784 4783 
6106 3634 3635 2899 
6107 3244 4508 3243 
6108 2823 3177 3151 
6109 1473 1474 1421 
6110 2130 4958 2297 
6111 1259 1260 1257 
6112 3206 3208 3207 
6113 1337 1776 1775 
6114 2940 3275 2941 
6115 1887 1888 1886 
6116 4757 4758 3566 
6117 1265 1266 1263 
6118 3177 3180 3178 
6119 2125 5057 1909 
6120 3669 5217 5023 
6121 1776 1778 1777 
6122 2498 2920 2267 
6123 2729 5032 2258 
6124 1848 3173 1846 
6125 1754 1758 1756 
6126 1261 1262 1260 
6127 1241 5259 1240 
6128 1808 3166 1810 
6129 3180 3976 3840 
6130 1278 1281 1279 
6131 2533 2535 2534 
6132 1279 4891 1277 
6133 3023 3621 3022 
6134 4986 5315 2836 
6135 1677 5398 1297 
6136 1778 1780 1779 
6137 5045 5046 1478 
6138 2297 3915 2696 
6139 2223 2225 1957 
6140 951 990 989 
6141 962 4992 963 
6142 1808 4938 3166 
6143 1472 1473 1421 
6144 2669 3558 3525 
6145 1795 1796 1692 
6146 932 935 934 
6147 4168 4169 3492 
6148 2799 2946 2644 
6149 2799 3092 2946 
6150 1729 1733 1730 
6151 2681 2918 2682 
6152 151 4898 150 
6153 354 4897 353 
6154 936 951 950 
6155 3189 3190 2921 
6156 2627 5023 1408 
6157 1981 4936 3225 
6158 352 4952 351 
6159 2171 5194 2633 
6160 2138 5160 1840 
6161 2681 2682 2493 
6162 1812 4976 1815 
6163 3149 4641 3567 
6164 2150 2151 1861 
6165 3582 3614 3613 
6166 2535 3149 2534 
6167 2568 3026 2795 
6168 1475 1522 1474 
6169 2291 2493 1850 
6170 2380 2382 2381 
6171 1480 5179 1481 
6172 1812 1815 1814 
6173 2218 5137 1861 
6174 3668 3669 2627 
6175 3116 3130 3115 
6176 1473 1475 1474 
6177 1784 5013 2132 
6178 1722 1725 1724 
6179 4177 4239 4176 
6180 1523 5066 1522 
6181 3202 5106 2520 
6182 951 989 950 
6183 1851 2291 1850 
6184 2432 2435 2434 
6185 1323 5001 1320 
6186 1318 1321 1320 
6187 3587 5212 5137 
6188 2810 3115 2809 
6189 1752 5243 1751 
6190 3867 3868 3381 
6191 3164 3716 3714 
6192 3637 4975 2679 
6193 990 999 989 
6194 2303 5049 2639 
6195 3980 4087 3833 
6196 3834 3981 3980 
6197 2554 5037 2160 
6198 3044 5480 4205 
6199 2664 5318 2138 
6200 1281 1338 1282 
6201 3035 3185 2745 
6202 2339 2340 2219 
6203 2476 2481 2477 
6204 1656 5278 667 
6205 1797 1798 1796 
6206 999 5045 1478 
6207 2512 2513 1375 
6208 1780 5013 1784 
6209 1760 1761 1759 
6210 2429 5000 3212 
6211 918 945 917 
6212 1793 5078 1789 
6213 2110 2799 2644 
6214 3716 4560 3846 
6215 1799 1800 1798 
6216 3092 3093 2946 
6217 1525 2165 1523 
6218 2496 3243 1773 
6219 5029 5031 5030 
6220 2110 2644 2555 
6221 2219 2815 2218 
6222 1860 1861 1858 
6223 1821 5173 783 
6224 2266 5203 2265 
6225 2533 2534 2340 
6226 1849 1850 1848 
6227 1824 4933 1827 
6228 2939 4820 4819 
6229 3434 4708 4296 
6230 1525 2166 2165 
6231 2966 3581 2967 
6232 1784 2132 2130 
6233 1846 4985 981 
6234 2151 2218 1861 
6235 1801 5262 5254 
6236 1325 1689 1326 
6237 1057 5159 1058 
6238 3701 3702 3700 
6239 2297 4958 3915 
6240 3862 3863 3420 
6241 3173 4987 4986 
6242 438 5009 154 
6243 3173 4986 4985 
6244 530 5029 310 
6245 2105 4403 2102 
6246 3555 4647 1583 
6247 4563 4564 4429 
6248 1885 5545 4668 
6249 2213 5062 2751 
6250 1269 1270 1267 
6251 1338 1355 1339 
6252 791 5379 744 
6253 3669 5023 2627 
6254 2246 5140 1995 
6255 1006 5070 1009 
6256 2686 3649 3648 
6257 4175 4177 4176 
6258 2475 4778 1188 
6259 2516 2517 2514 
6260 1804 5174 1802 
6261 1810 4976 1812 
6262 1355 1399 1356 
6263 1271 1272 1270 
6264 1737 5052 2810 
6265 1884 1887 1886 
6266 1867 3195 2249 
6267 2804 3164 3012 
6268 2540 5015 1720 
6269 1843 5197 1839 
6270 1721 3524 1719 
6271 3092 3094 3093 
6272 2720 2721 2262 
6273 3890 4617 3889 
6274 3581 5091 3582 
6275 1413 5328 1411 
6276 1927 3636 3070 
6277 2757 5197 3578 
6278 361 5059 501 
6279 2374 2376 2375 
6280 3192 5078 1793 
6281 3788 3789 3787 
6282 742 743 741 
6283 1806 2320 1803 
6284 1731 1732 1728 
6285 2532 2533 2340 
6286 5545 5556 4668 
6287 1322 1325 1324 
6288 2432 2434 2433 
6289 1499 5041 1535 
6290 4194 4765 4193 
6291 1399 1408 1400 
6292 532 5063 102 
6293 2518 2519 2517 
6294 1246 1759 1244 
6295 1559 5568 1561 
6296 1475 1523 1522 
6297 1247 5073 1246 
6298 687 692 691 
6299 4964 5222 1049 
6300 935 981 936 
6301 3399 4602 4601 
6302 1860 2150 1861 
6303 2512 2514 2513 
6304 2474 5380 1843 
6305 3587 5137 2218 
6306 2522 2539 2525 
6307 3556 5279 2199 
6308 2160 5037 2820 
6309 5002 5679 4618 
6310 3888 3889 3887 
6311 2074 2803 2802 
6312 2518 2521 2519 
6313 936 950 934 
6314 2498 3188 2921 
6315 3021 3022 2398 
6316 3216 5173 1821 
6317 1834 2074 1835 
6318 3862 4395 3863 
6319 2823 3151 3150 
6320 4890 5185 3139 
6321 3915 3916 2696 
6322 2745 4972 2521 
6323 2361 5188 2529 
6324 1896 2119 1895 
6325 3489 4032 3430 
6326 716 5080 712 
6327 1524 1525 1523 
6328 1395 1406 1396 
6329 4239 4241 4176 
6330 3188 4830 3189 
6331 1740 2188 2187 
6332 1412 1420 1413 
6333 2516 2518 2517 
6334 2167 2168 2166 
6335 4462 5648 609 
6336 930 4981 929 
6337 109 4921 108 
6338 312 4920 311 
6339 1836 5160 3206 
6340 1860 5042 2150 
6341 111 4996 110 
6342 2522 2525 2524 
6343 1162 5097 1041 
6344 309 5030 308 
6345 1460 2500 2499 
6346 2385 4983 2771 
6347 2514 5053 2513 
6348 3419 4567 3862 
6349 3622 4964 4963 
6350 1815 1816 1814 
6351 2399 2943 2942 
6352 1736 1739 1738 
6353 1522 2823 2822 
6354 1409 1412 1411 
6355 2709 2997 2708 
6356 847 850 849 
6357 1420 1472 1421 
6358 3668 4319 3669 
6359 2768 4474 4473 
6360 2927 4407 2367 
6361 1038 5149 1040 
6362 3022 4963 2398 
6363 999 1478 1426 
6364 4613 4669 3112 
6365 2521 2522 2519 
6366 5467 5490 3606 
6367 5029 5030 309 
6368 3995 4282 3996 
6369 1633 2776 1635 
6370 1308 5325 1307 
6371 1817 1819 1816 
6372 2108 5033 2668 
6373 1328 1331 1330 
6374 746 747 743 
6375 158 498 157 
6376 361 501 360 
6377 2970 3265 2285 
6378 2319 2775 2774 
6379 2918 2919 2682 
6380 2918 3363 2919 
6381 1856 5212 1854 
6382 5078 5155 5070 
6383 3173 4985 1846 
6384 990 1000 999 
6385 1332 1335 1334 
6386 2899 4939 2535 
6387 1917 5395 1915 
6388 2612 4950 2935 
6389 2956 2957 2938 
6390 1275 1276 1273 
6391 3767 3871 3768 
6392 2668 2865 2864 
6393 2066 2319 2268 
6394 4906 4908 4905 
6395 3094 3095 3093 
6396 2388 2391 2386 
6397 2321 2801 2320 
6398 740 741 739 
6399 4326 4327 4325 
6400 4829 5212 3587 
6401 4985 5248 4988 
6402 1335 1346 1336 
6403 1004 5070 1006 
6404 2435 4973 2436 
6405 2168 2231 2166 
6406 5529 5592 2837 
6407 2108 2668 2667 
6408 2898 2899 2535 
6409 1780 1784 1779 
6410 3570 4458 3084 
6411 2500 2502 2501 
6412 1693 5325 1311 
6413 684 687 686 
6414 4177 4240 4239 
6415 1045 5085 1380 
6416 2865 3324 3323 
6417 3676 4507 4310 
6418 3651 5643 5437 
6419 1955 2125 1909 
6420 844 1928 845 
6421 2478 2497 1880 
6422 1329 1794 1327 
6423 5045 5047 5046 
6424 1478 1546 1492 
6425 1778 1779 1777 
6426 1820 2108 1819 
6427 3324 3437 3436 
6428 2151 2339 2219 
6429 1741 1742 1732 
6430 4836 5562 2492 
6431 2301 2476 2303 
6432 2505 2507 2506 
6433 3714 3715 3012 
6434 1000 5045 999 
6435 1262 1808 1807 
6436 3597 3598 2998 
6437 5244 5308 1266 
6438 2517 5053 2514 
6439 1770 2496 1773 
6440 1321 5230 1322 
6441 2939 5194 4820 
6442 3936 4218 3937 
6443 1522 5066 2823 
6444 1472 1718 1473 
6445 1849 1851 1850 
6446 1822 4933 1824 
6447 2525 2527 2526 
6448 2502 2505 2503 
6449 2188 2424 2189 
6450 2525 2526 2524 
6451 2508 5208 939 
6452 5021 6021 1506 
6453 3541 4219 3540 
6454 3558 4490 3559 
6455 2197 5062 2213 
6456 156 5036 5010 
6457 1776 5044 1778 
6458 765 5014 766 
6459 1913 5090 1911 
6460 1781 5044 2217 
6461 3120 3722 3035 
6462 1781 2217 1783 
6463 2110 2555 1772 
6464 755 756 747 
6465 2498 5158 3188 
6466 2432 2433 2430 
6467 3797 3798 2816 
6468 2396 2429 2395 
6469 1546 2403 1585 
6470 3690 3691 2957 
6471 1718 5061 1473 
6472 2167 2169 2168 
6473 3610 5182 2700 
6474 1776 1777 1775 
6475 1380 2027 1897 
6476 4298 4299 3775 
6477 1579 1580 1578 
6478 1786 3181 1782 
6479 4859 4930 4857 
6480 3023 3623 3621 
6481 2404 2648 2403 
6482 3649 4623 3650 
6483 1337 1775 1333 
6484 2918 3919 3363 
6485 2169 2170 2168 
6486 2441 3161 2989 
6487 2502 5176 2505 
6488 765 766 756 
6489 1346 1381 1347 
6490 3081 3925 3082 
6491 2372 2374 2373 
6492 3261 4879 2849 
6493 2396 4856 2431 
6494 3190 5021 5020 
6495 1929 5281 1931 
6496 3206 3207 2090 
6497 1831 5228 1838 
6498 2098 5042 1860 
6499 2388 5201 2391 
6500 3095 4439 3985 
6501 837 5163 840 
6502 2642 3249 2078 
6503 3208 3434 3209 
6504 2339 2532 2340 
6505 3149 3567 3191 
6506 2027 2267 2028 
6507 3129 4418 3126 
6508 2496 3244 3243 
6509 1787 5070 1004 
6510 1529 2085 1530 
6511 3437 3439 3438 
6512 3286 3634 2899 
6513 1842 2198 2138 
6514 1006 1007 1005 
6515 1741 5305 2122 
6516 3635 4939 2899 
6517 3076 3534 2794 
6518 1004 1006 1005 
6519 2081 2300 2266 
6520 1832 1834 1833 
6521 3363 3791 2919 
6522 3185 4972 2745 
6523 2487 2495 2486 
6524 105 416 104 
6525 308 415 307 
6526 949 5377 947 
6527 2918 5072 3919 
6528 850 5039 3193 
6529 2686 5176 3649 
6530 4929 5142 3594 
6531 884 912 883 
6532 99 5083 533 
6533 5086 5449 1379 
6534 3572 5527 4262 
6535 1546 1585 1492 
6536 5059 5060 501 
6537 841 844 843 
6538 1789 5078 1787 
6539 752 1702 763 
6540 2122 2261 1742 
6541 2869 4815 2482 
6542 3122 3196 2553 
6543 1859 1860 1858 
6544 3567 4689 4514 
6545 1791 1793 1789 
6546 1381 1395 1382 
6547 1478 1492 1426 
6548 1006 1008 1007 
6549 1787 5078 5070 
6550 2888 3729 3728 
6551 2946 2953 2644 
6552 2798 3035 2745 
6553 1847 1848 1846 
6554 1949 1950 1947 
6555 3021 3023 3022 
6556 679 2531 681 
6557 2649 2650 2648 
6558 999 1426 989 
6559 1871 5386 1869 
6560 697 1925 693 
6561 1800 1804 1802 
6562 2527 2817 2526 
6563 1857 1858 1856 
6564 2527 2818 2817 
6565 1894 1895 1893 
6566 2926 3908 3907 
6567 4118 4120 4119 
6568 2522 2524 2519 
6569 1855 1856 1854 
6570 2213 2465 2212 
6571 1001 1002 1000 
6572 4676 4677 4675 
6573 2169 2196 2170 
6574 836 5163 837 
6575 1258 1795 1692 
6576 1685 4828 1683 
6577 149 4980 148 
6578 1525 2167 2166 
6579 1003 1787 1004 
6580 2544 5162 2671 
6581 4888 5240 1321 
6582 1001 1003 1002 
6583 1791 1969 1793 
6584 1380 5158 2027 
6585 4722 4725 4724 
6586 2748 3914 3464 
6587 3095 3985 3984 
6588 2384 2385 2383 
6589 3539 3540 3538 
6590 1027 1863 1164 
6591 1546 2404 2403 
6592 4167 4168 3492 
6593 4396 4398 4397 
6594 1406 1431 1407 
6595 1848 5075 3173 
6596 1620 2772 2364 
6597 2523 2745 2521 
6598 2404 2649 2648 
6599 4212 4213 3693 
6600 4689 5541 1395 
6601 3188 5158 4831 
6602 3208 3209 3207 
6603 5230 5240 3215 
6604 3940 4033 3654 
6605 1973 5468 3251 
6606 101 5063 461 
6607 1040 5149 1043 
6608 5177 5214 2008 
6609 1808 1810 1809 
6610 2818 3125 2817 
6611 1952 1953 1950 
6612 1790 1791 1789 
6613 4754 5724 2163 
6614 1276 5167 1273 
6615 990 1001 1000 
6616 3109 4416 3108 
6617 784 836 835 
6618 2196 2553 2197 
6619 157 5036 156 
6620 1338 5105 1355 
6621 2196 2197 2170 
6622 103 532 102 
6623 2688 3109 3108 
6624 2197 2213 2212 
6625 2197 2212 2170 
6626 349 4924 348 
6627 3092 4469 3094 
6628 2921 5020 2920 
6629 1956 5205 1960 
6630 3178 3179 3151 
6631 3599 5214 5177 
6632 2687 2688 2465 
6633 2671 2926 2672 
6634 1356 5086 1339 
6635 2527 2960 2818 
6636 777 783 778 
6637 1475 1524 1523 
6638 3391 3408 3392 
6639 3427 5065 5064 
6640 4862 4875 3176 
6641 2291 3198 2681 
6642 2833 5397 5147 
6643 2668 5033 3182 
6644 1242 1746 1745 
6645 1859 2098 1860 
6646 2688 3108 2465 
6647 2648 2868 2403 
6648 1521 1556 1501 
6649 3222 5228 1829 
6650 708 737 703 
6651 3122 3448 3196 
6652 1969 1970 1793 
6653 1673 5357 4835 
6654 1480 1481 1430 
6655 1748 1750 1749 
6656 1003 1004 1002 
6657 2537 3248 1971 
6658 1757 2486 1755 
6659 1883 5167 1276 
6660 1002 5081 1000 
6661 1815 5092 1817 
6662 1429 1430 1378 
6663 1969 2287 1970 
6664 156 5010 155 
6665 1730 5246 1726 
6666 3509 3610 2700 
6667 2818 5093 3125 
6668 2200 2201 1953 
6669 2960 3518 3175 
6670 3125 5093 4880 
6671 3110 3721 3109 
6672 3518 3720 3519 
6673 2160 2820 2819 
6674 1963 5268 1621 
6675 1736 5079 1739 
6676 2709 2998 2997 
6677 3445 4281 3989 
6678 1376 1378 1350 
6679 3415 3666 3416 
6680 2960 3175 2818 
6681 1009 1010 1008 
6682 3791 3793 3792 
6683 1043 5085 1045 
6684 2815 3588 3587 
6685 1778 5044 1781 
6686 1857 1859 1858 
6687 1006 1009 1008 
6688 733 1479 731 
6689 950 5354 5344 
6690 1009 5155 5153 
6691 3916 5035 5034 
6692 1623 5441 759 
6693 1836 2090 1830 
6694 1004 1005 1002 
6695 2399 5214 2943 
6696 933 4981 930 
6697 933 5399 4981 
6698 1847 1849 1848 
6699 2213 2687 2465 
6700 3798 4979 2816 
6701 1851 5057 2291 
6702 461 5083 100 
6703 3177 4882 3180 
6704 2423 2732 2201 
6705 2701 2702 2296 
6706 2394 2395 2390 
6707 305 495 304 
6708 3183 5234 3589 
6709 4081 4082 4079 
6710 3622 4963 3022 
6711 2922 3122 2553 
6712 2614 3165 2252 
6713 2511 2512 1375 
6714 101 461 100 
6715 1852 5097 1162 
6716 1522 2822 1474 
6717 5211 5496 2328 
6718 3144 4738 3146 
6719 2906 3415 2907 
6720 2533 2898 2535 
6721 4936 5678 4692 
6722 2180 4634 2663 
6723 1853 1854 1689 
6724 1010 1012 1011 
6725 2649 2651 2650 
6726 2291 5057 3198 
6727 2618 3427 2620 
6728 1771 2066 1774 
6729 3205 5396 1624 
6730 3198 5072 2681 
6731 2297 2696 2298 
6732 1805 2709 2708 
6733 837 840 839 
6734 3649 5176 4883 
6735 3518 3519 3175 
6736 2641 3526 1556 
6737 3125 4646 3156 
6738 1790 1792 1791 
6739 2515 2516 2514 
6740 2251 2613 2612 
6741 813 862 860 
6742 738 739 737 
6743 1795 1797 1796 
6744 2887 4760 2209 
6745 1035 5342 5307 
6746 3025 3240 2352 
6747 2682 3148 2493 
6748 3095 3984 3093 
6749 1161 1162 1041 
6750 1482 5175 1430 
6751 1431 1489 1432 
6752 3434 4296 3709 
6753 3863 4377 3420 
6754 1013 1014 1012 
6755 2820 4637 3147 
6756 102 5063 101 
6757 3614 3615 3613 
6758 1797 1799 1798 
6759 2681 5072 2918 
6760 1969 2453 2287 
6761 3720 3753 3519 
6762 4563 4565 4564 
6763 1812 1814 1813 
6764 4701 5431 3588 
6765 1855 1857 1856 
6766 1061 5159 1867 
6767 1863 3431 2192 
6768 2960 3520 3518 
6769 1489 1529 1490 
6770 3110 3820 3721 
6771 3153 3554 1974 
6772 5169 5248 2836 
6773 2688 3110 3109 
6774 1010 1011 1008 
6775 1243 4911 1245 
6776 2694 3445 3444 
6777 2553 5062 2197 
6778 1007 3186 1005 
6779 2943 3704 2942 
6780 2751 3400 2687 
6781 1014 1015 1012 
6782 310 5029 309 
6783 715 948 725 
6784 1945 5069 3201 
6785 3097 3202 2520 
6786 1010 1013 1012 
6787 5538 5567 4387 
6788 2519 5100 2517 
6789 1051 5180 3608 
6790 1754 5243 1758 
6791 3125 4880 4646 
6792 3060 4139 3072 
6793 4613 4671 4669 
6794 1013 1387 1014 
6795 1788 1789 1787 
6796 1427 2627 1408 
6797 1460 2499 1410 
6798 99 533 98 
6799 1858 5137 1856 
6800 1033 1375 1031 
6801 5070 5155 1009 
6802 3149 3191 2534 
6803 1272 3218 2326 
6804 2249 3640 2999 
6805 1008 5096 1007 
6806 2823 3150 2822 
6807 2287 2705 2288 
6808 2960 5095 3520 
6809 2668 2864 2667 
6810 1330 5198 1329 
6811 362 5059 361 
6812 4299 4300 3775 
6813 303 543 302 
6814 1686 3030 3029 
6815 2213 2751 2687 
6816 2828 2829 2651 
6817 1014 1016 1015 
6818 2688 5146 3110 
6819 3925 3926 3082 
6820 3081 4047 3925 
6821 3196 5062 2553 
6822 723 5379 2510 
6823 3150 5050 4755 
6824 1970 3192 1793 
6825 2682 5166 3148 
6826 5046 5148 2404 
6827 4820 5194 4833 
6828 2809 5246 1735 
6829 1845 1846 981 
6830 1808 1809 1807 
6831 1981 3225 1979 
6832 2560 3267 3200 
6833 421 5102 363 
6834 4999 5103 748 
6835 2830 5141 2829 
6836 1766 5005 1765 
6837 1045 1380 1047 
6838 2937 2938 2634 
6839 1746 1748 1747 
6840 2966 2967 2803 
6841 781 822 757 
6842 2287 2288 1970 
6843 100 5083 99 
6844 1009 5153 1010 
6845 1768 5334 5274 
6846 4387 5567 5084 
6847 2072 2073 1986 
6848 4676 4678 4677 
6849 1163 1206 1162 
6850 3667 3668 2627 
6851 2936 5018 2614 
6852 362 5102 5059 
6853 3110 5146 4019 
6854 4167 4170 4168 
6855 2130 2297 2131 
6856 5153 5155 4929 
6857 3940 4034 4033 
6858 1368 2996 1367 
6859 3175 5093 2818 
6860 3992 3994 3993 
6861 1016 1017 1015 
6862 1945 3201 1943 
6863 3434 3709 3209 
6864 2813 3121 3113 
6865 1019 1417 1017 
6866 1315 4721 1717 
6867 1775 5198 1333 
6868 4749 5278 1656 
6869 1627 4955 1629 
6870 2898 3286 2899 
6871 3183 3589 3184 
6872 2525 5095 2527 
6873 1937 1938 1935 
6874 2624 2906 2675 
6875 2833 5141 2830 
6876 3173 5075 4987 
6877 2171 2208 1938 
6878 729 1687 727 
6879 1919 2790 1916 
6880 4630 4631 3439 
6881 1867 2249 2248 
6882 5012 5169 1001 
6883 2740 3047 2741 
6884 1810 1812 1811 
6885 2888 5152 3729 
6886 2251 4979 2613 
6887 1018 1019 1017 
6888 2085 2250 2086 
6889 1696 5101 1698 
6890 1003 1788 1787 
6891 3190 5020 2921 
6892 1051 3608 1898 
6893 1207 1286 1206 
6894 3273 3999 2005 
6895 1680 5056 1682 
6896 2832 2833 2830 
6897 1011 5096 1008 
6898 1837 5160 1836 
6899 2150 5202 2151 
6900 1788 1790 1789 
6901 3926 4157 3082 
6902 1814 1818 1813 
6903 3120 3723 3722 
6904 1798 5254 1796 
6905 4371 6247 4464 
6906 3619 4315 3618 
6907 1013 2835 1387 
6908 3791 3792 2919 
6909 1016 1018 1017 
6910 154 5009 153 
6911 3793 4650 3792 
6912 3623 5139 3621 
6913 2613 4950 2612 
6914 2940 2941 2507 
6915 2801 3571 2814 
6916 2360 3103 2976 
6917 363 5102 362 
6918 2518 2523 2521 
6919 1421 5204 1413 
6920 2389 5151 2393 
6921 1287 1350 1286 
6922 1280 1884 1883 
6923 2705 4291 2288 
6924 1043 5149 5085 
6925 2527 5095 2960 
6926 3125 3156 2817 
6927 3183 3184 2832 
6928 2865 3323 2864 
6929 3561 5320 2292 
6930 3400 5146 2687 
6931 3197 4717 1882 
6932 284 5113 442 
6933 424 5111 181 
6934 86 5112 502 
6935 79 5121 466 
6936 80 5121 79 
6937 285 5113 284 
6938 464 5114 177 
6939 181 5111 180 
6940 77 5115 547 
6941 87 5112 86 
6942 367 5118 536 
6943 78 5115 77 
6944 177 5114 176 
6945 368 5118 367 
6946 548 5113 285 
6947 386 5122 463 
6948 387 5122 386 
6949 380 5120 546 
6950 375 5128 374 
6951 433 5119 373 
6952 82 5135 81 
6953 551 5121 80 
6954 444 5118 368 
6955 180 5111 541 
6956 364 421 363 
6957 372 544 371 
6958 374 433 373 
6959 376 545 375 
6960 378 465 377 
6961 380 546 379 
6962 382 427 381 
6963 384 535 383 
6964 235 471 236 
6965 23 459 24 
6966 183 5130 182 
6967 184 539 183 
6968 188 540 187 
6969 281 534 280 
6970 284 442 283 
6971 539 5130 183 
6972 376 5110 545 
6973 386 463 385 
6974 161 426 160 
6975 167 425 166 
6976 173 422 172 
6977 186 462 185 
6978 276 497 275 
6979 286 548 285 
6980 96 435 95 
6981 545 5128 375 
6982 301 437 300 
6983 298 504 297 
6984 466 5115 78 
6985 79 466 78 
6986 86 502 85 
6987 81 551 80 
6988 26 473 27 
6989 83 429 82 
6990 32 460 33 
6991 373 5119 372 
6992 164 499 163 
6993 170 500 169 
6994 176 538 175 
6995 178 464 177 
6996 180 541 179 
6997 182 424 181 
6998 190 423 189 
6999 29 474 30 
7000 71 503 70 
7001 74 428 73 
7002 77 547 76 
7003 68 436 67 
7004 553 5112 87 
7005 429 5135 82 
7006 374 5128 433 
7007 229 476 230 
7008 226 472 227 
7009 88 553 87 
7010 182 5130 424 
7011 427 5120 381 
7012 81 5135 551 
7013 89 5136 88 
7014 90 434 89 
7015 93 505 92 
7016 434 5136 89 
7017 381 5120 380 
7018 372 5119 544 
7019 537 5122 387 
7020 273 417 272 
7021 279 418 278 
7022 289 419 288 
7023 292 496 291 
7024 295 420 294 
7025 176 5114 538 
7026 367 536 366 
7027 369 444 368 
7028 388 537 387 
7029 390 432 389 
7030 232 475 233 
7031 88 5136 553 
7032 465 5110 377 
7033 377 5110 376 
7034 2828 2830 2829 
7035 2196 2922 2553 
7036 3571 4635 3576 
7037 3495 3784 3783 
7038 2526 3138 2524 
7039 2380 2381 2379 
7040 2633 2634 2208 
7041 5254 5262 4842 
7042 1430 5175 1378 
7043 2191 5340 2748 
7044 3890 4618 4617 
7045 2905 3277 2532 
7046 2340 5199 2219 
7047 20 449 21 
7048 223 450 224 
7049 35 452 36 
7050 238 451 239 
7051 1853 1855 1854 
7052 2108 2667 2238 
7053 2027 2028 1897 
7054 3047 4048 3462 
7055 1861 5137 1858 
7056 3581 3582 2967 
7057 2831 2832 2830 
7058 2827 2828 2651 
7059 3567 4514 3191 
7060 1025 1882 1023 
7061 804 805 802 
7062 2831 3183 2832 
7063 3509 3873 3610 
7064 2544 2671 2551 
7065 4291 4872 2288 
7066 2214 5156 2187 
7067 2649 2827 2651 
7068 2835 3452 1387 
7069 2258 2259 2140 
7070 1039 3204 1037 
7071 3175 5147 5093 
7072 1018 1021 1020 
7073 1960 5205 2560 
7074 2361 2529 2136 
7075 1267 5244 1266 
7076 3753 4748 3519 
7077 1701 3888 3887 
7078 2687 5146 2688 
7079 1018 1020 1019 
7080 2509 5453 4947 
7081 5197 5380 3578 
7082 1734 5079 1736 
7083 1838 5228 2316 
7084 473 4070 27 
7085 2922 4292 3122 
7086 459 4056 24 
7087 2267 2541 2028 
7088 231 4052 232 
7089 3807 3808 3623 
7090 3078 4466 4307 
7091 2473 3066 2472 
7092 3324 3436 3323 
7093 1784 2130 1785 
7094 4068 4069 4066 
7095 1765 1771 1767 
7096 1759 5259 1244 
7097 5028 5161 2004 
7098 1863 2192 1164 
7099 3110 4019 3820 
7100 2835 4929 3594 
7101 2828 2831 2830 
7102 1909 5057 1851 
7103 1262 1807 1260 
7104 2624 5178 2906 
7105 2831 3600 3183 
7106 1585 2206 1586 
7107 1295 4901 3107 
7108 3856 4243 3855 
7109 472 4057 227 
7110 2250 4979 2251 
7111 5012 5248 5169 
7112 2951 3677 3676 
7113 1632 5019 4816 
7114 5042 5317 2150 
7115 1272 5167 3218 
7116 3359 5364 2664 
7117 2835 3594 3452 
7118 1934 1935 1932 
7119 2798 3120 3035 
7120 2815 3587 2218 
7121 1400 5229 1356 
7122 2136 5179 1480 
7123 28 4055 29 
7124 2523 2798 2745 
7125 2198 2870 2664 
7126 3452 4030 1387 
7127 3888 3890 3889 
7128 2500 2501 2499 
7129 2761 3085 2763 
7130 230 4093 231 
7131 2382 2383 2381 
7132 2614 5018 3165 
7133 471 4061 236 
7134 2526 5138 3138 
7135 3566 5312 3244 
7136 3204 5183 1037 
7137 1380 1897 1047 
7138 752 5103 1702 
7139 2436 4973 2680 
7140 2167 2910 2169 
7141 2294 3129 3126 
7142 228 4074 229 
7143 1245 4911 1248 
7144 3519 5147 3175 
7145 1005 5081 1002 
7146 3716 4589 4560 
7147 4176 5215 4174 
7148 1019 4645 1417 
7149 2169 5107 2196 
7150 1968 2059 1752 
7151 1007 5226 3186 
7152 2777 3865 3428 
7153 2430 5000 2429 
7154 3421 3597 2998 
7155 3563 3991 3990 
7156 935 1845 981 
7157 2027 5158 2498 
7158 1010 5153 1013 
7159 3030 3078 3067 
7160 2458 3044 2782 
7161 4527 4763 1599 
7162 2425 3045 2424 
7163 3445 3989 3444 
7164 3044 4205 3114 
7165 1332 5277 1335 
7166 2533 5187 2898 
7167 1867 5159 3195 
7168 1839 5197 1841 
7169 1633 4955 2776 
7170 4821 5745 4819 
7171 3286 3743 3634 
7172 1094 1095 1092 
7173 4748 5147 3519 
7174 2108 2238 1819 
7175 3608 3624 1898 
7176 3452 4345 4030 
7177 1200 1208 1199 
7178 4632 4633 4631 
7179 4726 5359 4724 
7180 1094 1097 1096 
7181 3314 3685 3316 
7182 1027 5260 1863 
7183 3046 4208 3045 
7184 30 4137 31 
7185 3195 5497 5458 
7186 1648 5400 1646 
7187 2512 2515 2514 
7188 1090 1093 1092 
7189 1812 1813 1811 
7190 2160 2819 2083 
7191 3380 4044 3440 
7192 2445 3031 2437 
7193 2528 4906 4905 
7194 22 4427 23 
7195 2649 5148 2827 
7196 3312 5087 3310 
7197 4962 5198 1775 
7198 1280 1883 1276 
7199 1978 5005 1766 
7200 2404 5148 2649 
7201 2502 2503 2501 
7202 3427 5064 2620 
7203 4573 4757 3566 
7204 2074 2802 1835 
7205 1093 1094 1092 
7206 1094 1096 1095 
7207 1013 5153 2835 
7208 3916 5034 2696 
7209 3231 4506 3230 
7210 4918 5336 931 
7211 1088 1089 1086 
7212 5432 5447 4759 
7213 1281 1340 1338 
7214 2196 5107 2922 
7215 1810 1811 1809 
7216 2301 5276 2476 
7217 2459 4861 2458 
7218 2206 4216 3042 
7219 1084 1087 1086 
7220 760 761 759 
7221 796 797 795 
7222 1888 1891 1890 
7223 5408 5527 3572 
7224 2378 2379 2376 
7225 1340 5105 1338 
7226 1061 1867 1866 
7227 2772 4412 2781 
7228 2835 5153 4929 
7229 2817 5138 2526 
7230 2669 5305 3558 
7231 1325 1853 1689 
7232 5307 5342 3607 
7233 1845 1847 1846 
7234 1084 1085 1082 
7235 2080 5211 1663 
7236 3437 3438 3436 
7237 239 4085 240 
7238 1497 5261 1482 
7239 844 5168 1929 
7240 3186 5081 1005 
7241 3836 3837 2908 
7242 2516 5106 2518 
7243 5318 5364 3208 
7244 2908 5188 2361 
7245 1832 1833 1825 
7246 3229 3230 1939 
7247 4060 4245 4059 
7248 784 5173 836 
7249 1003 5169 1788 
7250 694 5171 698 
7251 2316 2474 1843 
7252 3245 3566 3244 
7253 892 893 891 
7254 3578 4293 3490 
7255 1399 1427 1408 
7256 3020 3021 2398 
7257 1087 1088 1086 
7258 1551 1553 1549 
7259 4215 4311 3506 
7260 2664 5364 5318 
7261 1088 1090 1089 
7262 2566 4207 2855 
7263 2505 2506 2503 
7264 4747 5308 5244 
7265 1080 1083 1082 
7266 36 4084 37 
7267 2515 2520 2516 
7268 1090 1092 1091 
7269 1090 1091 1089 
7270 1273 5167 1272 
7271 750 5441 791 
7272 1001 5169 1003 
7273 1078 1079 1076 
7274 898 899 897 
7275 1570 1575 1572 
7276 1823 3216 1821 
7277 3188 4831 4830 
7278 1033 2511 1375 
7279 2505 5176 2686 
7280 4650 4651 3792 
7281 2822 5204 1474 
7282 1834 1835 1833 
7283 3197 4718 4717 
7284 2429 3212 3211 
7285 856 857 855 
7286 1083 1084 1082 
7287 2520 5106 2516 
7288 3532 3609 3043 
7289 4906 4909 4908 
7290 1771 5444 2066 
7291 1828 5365 4902 
7292 836 837 835 
7293 2397 2398 1881 
7294 3588 4829 3587 
7295 2339 2905 2532 
7296 706 1688 711 
7297 1084 1086 1085 
7298 3191 5199 2534 
7299 1908 1909 1851 
7300 3174 4665 4513 
7301 1188 4778 1197 
7302 19 4143 20 
7303 1075 1864 1073 
7304 460 4064 33 
7305 2249 2999 2248 
7306 1420 1506 1472 
7307 2905 3853 3277 
7308 1074 1077 1076 
7309 3776 4608 2886 
7310 1055 1881 1053 
7311 1483 1521 1501 
7312 2518 5106 2523 
7313 3386 3426 2875 
7314 1879 2140 1878 
7315 1072 1073 1070 
7316 3277 5187 2532 
7317 3135 3136 3134 
7318 2524 5100 2519 
7319 4808 5517 3541 
7320 297 5126 296 
7321 504 5126 297 
7322 3314 5378 3685 
7323 2194 2472 2193 
7324 3151 5050 3150 
7325 1744 2193 1733 
7326 3415 3416 2907 
7327 818 819 816 
7328 2910 5107 2169 
7329 1078 1080 1079 
7330 1080 1081 1079 
7331 2495 3174 3102 
7332 850 851 849 
7333 2926 3907 2672 
7334 2811 2812 2474 
7335 1077 1078 1076 
7336 1713 4806 1711 
7337 96 5127 435 
7338 97 5127 96 
7339 1080 1082 1081 
7340 3212 4193 3213 
7341 1585 1586 1492 
7342 2537 5324 3248 
7343 3617 3618 2826 
7344 3156 5138 2817 
7345 1882 5170 1023 
7346 762 4954 761 
7347 3854 3856 3855 
7348 2820 3147 2819 
7349 3640 3641 2999 
7350 1788 2836 1790 
7351 844 845 843 
7352 2906 2907 2675 
7353 1842 2138 1840 
7354 3321 3458 3457 
7355 1020 5170 1019 
7356 2297 2298 2131 
7357 1068 1071 1070 
7358 2667 2777 2238 
7359 1427 3667 2627 
7360 886 887 874 
7361 4942 5247 3164 
7362 1507 5054 1508 
7363 1068 1069 1066 
7364 1065 2700 1063 
7365 2633 5194 2939 
7366 2898 5187 3442 
7367 2919 5166 2682 
7368 2801 2814 2320 
7369 34 4223 35 
7370 748 5103 752 
7371 931 5224 932 
7372 4386 4485 3136 
7373 1572 5323 1573 
7374 1025 3197 1882 
7375 2910 5108 5107 
7376 1272 2326 1270 
7377 3193 5039 4923 
7378 2091 5341 1536 
7379 1077 5177 2008 
7380 1071 1072 1070 
7381 1758 5243 4610 
7382 1072 1074 1073 
7383 2081 5094 2300 
7384 3569 3604 2778 
7385 2532 5187 2533 
7386 2709 3421 2998 
7387 240 515 241 
7388 37 514 38 
7389 1027 1164 1028 
7390 783 784 778 
7391 3209 3210 3207 
7392 861 5208 814 
7393 1074 1076 1075 
7394 1784 1785 1779 
7395 3202 5231 5106 
7396 1074 1075 1073 
7397 2529 5179 2136 
7398 1064 1067 1066 
7399 1161 1163 1162 
7400 4295 4556 3236 
7401 3579 5246 2809 
7402 3150 4755 3591 
7403 1376 1429 1378 
7404 2452 3018 2450 
7405 221 516 222 
7406 18 517 19 
7407 2506 5055 2791 
7408 2775 4180 2774 
7409 1818 3096 1813 
7410 4361 4362 3485 
7411 3218 4746 2326 
7412 1062 1063 1060 
7413 1346 1383 1381 
7414 2777 3428 2778 
7415 3235 3236 2797 
7416 3854 3855 3853 
7417 1903 5235 1901 
7418 1032 1035 1034 
7419 3428 3569 2778 
7420 1888 1890 1886 
7421 1867 2248 1866 
7422 1019 5170 4645 
7423 1067 1068 1066 
7424 1739 5282 1740 
7425 1803 5262 1801 
7426 1875 1878 1874 
7427 3023 3807 3623 
7428 3138 5100 2524 
7429 1429 1480 1430 
7430 2831 5225 3600 
7431 1068 1070 1069 
7432 1024 1027 1026 
7433 1788 5169 2836 
7434 5069 5554 4795 
7435 724 744 723 
7436 1375 5266 1031 
7437 2499 5229 1410 
7438 2130 2131 1785 
7439 1067 5157 1068 
7440 2671 2672 2551 
7441 2560 5205 3267 
7442 2776 4498 2785 
7443 2933 3511 3105 
7444 1290 4901 1292 
7445 2393 5151 2951 
7446 4359 5210 3618 
7447 1802 5174 1805 
7448 1058 1061 1060 
7449 788 789 787 
7450 1077 2008 1865 
7451 2374 2375 2373 
7452 2827 5225 2828 
7453 1701 5101 3888 
7454 2755 3505 3187 
7455 3792 5166 2919 
7456 2399 2942 2773 
7457 2694 3444 2695 
7458 1043 1045 1044 
7459 865 866 859 
7460 4058 4059 4057 
7461 2192 2694 2530 
7462 1021 1022 1020 
7463 3484 3485 3064 
7464 2008 2399 2283 
7465 2541 2616 2542 
7466 3649 4883 4623 
7467 1058 1059 1056 
7468 934 5344 933 
7469 2534 5199 2340 
7470 1054 1057 1056 
7471 1266 5308 4938 
7472 1035 1505 1036 
7473 2386 4983 2385 
7474 2905 3854 3853 
7475 1914 1920 1917 
7476 1857 2211 1859 
7477 5159 5358 3195 
7478 787 4954 762 
7479 774 777 775 
7480 175 5220 174 
7481 538 5220 175 
7482 2308 3064 2307 
7483 3059 3509 2700 
7484 1061 1062 1060 
7485 5089 5199 3191 
7486 871 872 870 
7487 800 801 798 
7488 1777 4962 1775 
7489 1884 1886 1885 
7490 4651 5166 3792 
7491 1883 5331 5167 
7492 1071 3599 1072 
7493 3323 3772 2864 
7494 1068 5157 1071 
7495 3571 3576 2814 
7496 3186 5226 5082 
7497 1062 1064 1063 
7498 1849 1908 1851 
7499 2951 5151 3677 
7500 1698 5101 1701 
7501 1061 1866 1062 
7502 2696 5162 2298 
7503 2909 3839 3838 
7504 2616 2618 2617 
7505 2777 2778 2238 
7506 3807 3809 3808 
7507 786 787 762 
7508 1022 1023 1020 
7509 1064 1066 1065 
7510 776 5567 4894 
7511 1954 1955 1909 
7512 1064 1065 1063 
7513 1474 5204 1421 
7514 5023 5217 1412 
7515 1048 1049 1046 
7516 3837 5188 2908 
7517 2864 5209 2667 
7518 3591 5204 2822 
7519 2188 2425 2424 
7520 2302 5203 2266 
7521 1287 1376 1350 
7522 1051 1898 1052 
7523 2898 3442 3286 
7524 1052 1053 1050 
7525 1040 1043 1042 
7526 1852 5407 5097 
7527 2137 2683 2362 
7528 4058 4060 4059 
7529 1521 2641 1556 
7530 1614 5423 1616 
7531 1024 1025 1023 
7532 2618 2620 2619 
7533 5195 5266 4966 
7534 1829 5228 1831 
7535 1899 5189 2137 
7536 3391 3392 2884 
7537 1811 2480 1809 
7538 3407 3502 2955 
7539 3214 5259 1759 
7540 3578 5380 4781 
7541 1048 1051 1050 
7542 1333 5198 1330 
7543 4122 4457 2729 
7544 1310 5154 1312 
7545 639 4874 4488 
7546 1057 1058 1056 
7547 1765 1767 1763 
7548 935 5224 1845 
7549 2496 3245 3244 
7550 3179 5050 3151 
7551 1081 1862 1079 
7552 1904 1940 1907 
7553 1021 3423 1022 
7554 1032 1033 1031 
7555 472 4058 4057 
7556 3541 5193 4219 
7557 902 903 901 
7558 1030 1031 1029 
7559 1023 5170 1020 
7560 2298 5162 2544 
7561 4514 5089 3191 
7562 222 4222 223 
7563 296 5117 295 
7564 295 5117 420 
7565 3197 4966 4718 
7566 1045 1047 1046 
7567 1891 1893 1892 
7568 2372 2373 2025 
7569 5471 5485 5188 
7570 1083 5152 1084 
7571 1100 1103 1102 
7572 533 5099 98 
7573 1058 1060 1059 
7574 2839 3097 2520 
7575 2385 2771 2770 
7576 2623 3632 2622 
7577 1762 5334 1764 
7578 1029 5266 5195 
7579 2433 5000 2430 
7580 460 4065 4064 
7581 1768 5274 1770 
7582 1055 2397 1881 
7583 2248 3217 1866 
7584 2777 5209 3865 
7585 1664 5094 2081 
7586 711 5098 715 
7587 2397 3020 2398 
7588 3667 6112 6005 
7589 3755 4796 2944 
7590 1845 3219 1847 
7591 772 774 773 
7592 3624 3625 1898 
7593 220 4086 221 
7594 3150 3591 2822 
7595 1814 5321 1818 
7596 2151 5202 2339 
7597 2695 3607 2530 
7598 2192 2530 1164 
7599 3772 5209 2864 
7600 1084 5152 1087 
7601 2206 3042 1586 
7602 1919 5363 2790 
7603 1072 5177 1074 
7604 5137 5212 1856 
7605 2839 3611 3228 
7606 1086 5161 1085 
7607 1028 1029 1026 
7608 1047 1048 1046 
7609 2621 2622 2619 
7610 1078 5191 1080 
7611 1051 1052 1050 
7612 2771 3538 3537 
7613 2507 5055 2506 
7614 1045 1046 1044 
7615 1163 1207 1206 
7616 794 795 790 
7617 3085 3321 3111 
7618 751 759 750 
7619 2541 2542 2028 
7620 286 5242 548 
7621 287 5242 286 
7622 1107 3910 3553 
7623 2137 5189 2683 
7624 1412 5217 1420 
7625 1077 1865 1078 
7626 3836 3947 3837 
7627 2379 5267 2376 
7628 3641 4419 4011 
7629 2621 2624 2623 
7630 1065 3059 2700 
7631 3797 4363 3798 
7632 770 772 771 
7633 515 4077 241 
7634 98 5099 97 
7635 3865 3877 3428 
7636 792 5437 732 
7637 3423 5260 1022 
7638 1080 5191 1083 
7639 3228 4487 3097 
7640 4891 5362 4892 
7641 3558 5305 4855 
7642 1074 5177 1077 
7643 4931 5526 4973 
7644 3267 3651 3200 
7645 1097 1098 1096 
7646 2429 3211 2395 
7647 1089 5161 1086 
7648 1100 1101 1099 
7649 1060 5182 1059 
7650 2863 3656 3281 
7651 1042 1161 1041 
7652 649 5416 1641 
7653 1098 1099 1096 
7654 2328 5496 4522 
7655 978 2508 939 
7656 1853 3215 1855 
7657 4971 5277 1331 
7658 4820 4833 4822 
7659 2511 5245 2512 
7660 2114 2329 2115 
7661 5427 5467 3606 
7662 39 440 40 
7663 242 441 243 
7664 659 5404 2768 
7665 2425 3046 3045 
7666 2550 3629 2543 
7667 2397 3220 3020 
7668 1052 1054 1053 
7669 1492 5232 1426 
7670 2840 2901 2232 
7671 745 750 744 
7672 2828 5225 2831 
7673 2319 2774 2268 
7674 1035 1036 1034 
7675 2798 3603 3120 
7676 5274 5334 4913 
7677 1751 5243 1754 
7678 2694 2695 2530 
7679 3813 4853 3482 
7680 1054 1056 1055 
7681 3641 4011 2999 
7682 2616 2617 2542 
7683 1027 1028 1026 
7684 1697 2195 1695 
7685 721 723 720 
7686 3164 5247 3716 
7687 1048 1050 1049 
7688 715 5098 948 
7689 1036 1037 1034 
7690 1207 1287 1286 
7691 1410 5229 1400 
7692 1897 5180 1047 
7693 1881 5196 1053 
7694 1054 1055 1053 
7695 613 1601 1557 
7696 919 920 911 
7697 16 430 17 
7698 219 431 220 
7699 3444 3601 2695 
7700 1500 1537 1488 
7701 4241 5215 4176 
7702 4721 5200 4722 
7703 783 5173 784 
7704 3704 4731 2942 
7705 1416 1447 991 
7706 1164 5223 1028 
7707 4755 5058 3591 
7708 1884 1885 1883 
7709 932 5224 935 
7710 1079 5207 1076 
7711 3590 5229 2499 
7712 1075 3335 1864 
7713 2618 2619 2617 
7714 1024 1026 1025 
7715 2700 5182 1063 
7716 3582 3613 3612 
7717 2624 2675 2674 
7718 1032 1034 1033 
7719 2185 2232 2059 
7720 1038 1039 1037 
7721 3636 3746 3070 
7722 1805 5174 2709 
7723 2515 2839 2520 
7724 3245 4573 3566 
7725 2852 3682 2331 
7726 5017 5668 4624 
7727 1779 5172 1777 
7728 840 841 839 
7729 2008 5214 2399 
7730 3416 4001 3417 
7731 1030 1032 1031 
7732 2298 2544 2543 
7733 1819 5190 1816 
7734 795 5016 790 
7735 2238 5190 1819 
7736 2066 2268 1774 
7737 1050 5196 1049 
7738 2620 2621 2619 
7739 1091 2004 1089 
7740 1956 1957 1955 
7741 1406 1462 1431 
7742 5064 5178 2620 
7743 1028 1030 1029 
7744 2495 3102 2486 
7745 4988 5248 5012 
7746 1629 4955 1633 
7747 472 4134 4058 
7748 1196 1199 1195 
7749 1062 5181 1064 
7750 5180 5218 3608 
7751 1043 1044 1042 
7752 1797 3083 1799 
7753 2506 2791 2545 
7754 2667 5209 2777 
7755 719 720 718 
7756 2870 3359 2664 
7757 1420 5217 1506 
7758 3220 3944 3020 
7759 3599 5177 1072 
7760 1238 5360 1239 
7761 1960 2223 1957 
7762 15 4088 16 
7763 1076 5207 1075 
7764 1022 1024 1023 
7765 3232 3234 3233 
7766 3629 5457 5411 
7767 1885 5331 1883 
7768 430 4090 17 
7769 3592 3626 2545 
7770 2198 2664 2138 
7771 2621 2623 2622 
7772 1063 5182 1060 
7773 3380 3440 2697 
7774 1025 5195 3197 
7775 38 4135 39 
7776 5034 5162 2696 
7777 1649 5400 2124 
7778 1033 5183 2511 
7779 243 4278 244 
7780 4838 5562 4837 
7781 1845 5224 3219 
7782 996 1422 995 
7783 1686 5056 3030 
7784 2339 5202 2905 
7785 4115 4129 4114 
7786 1048 5180 1051 
7787 2886 5156 2214 
7788 1866 5181 1062 
7789 1852 5447 5432 
7790 2501 3590 2499 
7791 1755 5233 1753 
7792 3432 4258 3433 
7793 2701 3507 2702 
7794 2839 3228 3097 
7795 1758 4610 4609 
7796 1735 5246 1730 
7797 1927 5150 3636 
7798 4065 4066 4064 
7799 2390 5201 2388 
7800 1022 5260 1024 
7801 1038 1040 1039 
7802 931 5336 5224 
7803 1064 5181 1067 
7804 1862 5207 1079 
7805 5344 5354 3609 
7806 1898 5192 1052 
7807 1036 1038 1037 
7808 3609 5232 3043 
7809 634 4874 636 
7810 1040 1041 1039 
7811 1322 5230 1325 
7812 3408 4028 3392 
7813 2476 5276 3557 
7814 5235 5421 3104 
7815 3042 3043 1586 
7816 1287 1377 1376 
7817 1069 5206 1066 
7818 5179 5306 1481 
7819 2709 5174 3421 
7820 1586 5232 1492 
7821 1085 5236 1082 
7822 3416 3417 2907 
7823 766 768 767 
7824 2263 2760 2264 
7825 296 5126 5117 
7826 3589 5234 5165 
7827 768 770 769 
7828 1087 2087 1088 
7829 2298 2543 2131 
7830 3103 3547 3546 
7831 5099 5127 97 
7832 2624 2674 2623 
7833 777 778 775 
7834 3531 3532 3043 
7835 1082 5236 1081 
7836 1899 2136 1480 
7837 2675 3382 2674 
7838 2343 3242 2991 
7839 2819 5261 2083 
7840 1801 5254 1798 
7841 4065 4067 4066 
7842 1029 5195 1026 
7843 4746 4747 2326 
7844 2008 2283 1865 
7845 4452 5853 4695 
7846 1047 5180 1048 
7847 908 909 907 
7848 2182 2615 2299 
7849 2791 4432 3592 
7850 3839 3955 3838 
7851 1683 2114 1684 
7852 1823 5264 3216 
7853 2150 5317 5202 
7854 5160 5318 3206 
7855 655 5404 656 
7856 1066 5206 1065 
7857 828 4773 827 
7858 2778 5190 2238 
7859 4067 4068 4066 
7860 1825 5264 1823 
7861 817 5463 818 
7862 4486 5474 3136 
7863 3604 5190 2778 
7864 697 5339 1925 
7865 1052 5192 1054 
7866 3042 3531 3043 
7867 3234 3841 3233 
7868 1729 1744 1733 
7869 1847 5251 1849 
7870 3174 4513 3102 
7871 1100 1102 1101 
7872 2825 3642 3616 
7873 1379 5507 4957 
7874 3535 3536 2901 
7875 3212 3213 3211 
7876 2677 3010 2676 
7877 1315 5154 4721 
7878 1026 5195 1025 
7879 1891 1892 1890 
7880 3716 5247 4589 
7881 1893 2026 1892 
7882 1053 5196 1050 
7883 2399 2773 2283 
7884 1087 2888 2087 
7885 1087 5152 2888 
7886 2905 5202 3854 
7887 2530 5223 1164 
7888 2544 2551 2550 
7889 1761 3214 1759 
7890 1838 2316 1843 
7891 1040 1042 1041 
7892 2137 2361 2136 
7893 2506 2545 2503 
7894 1908 1954 1909 
7895 2452 5355 3018 
7896 3147 3593 2819 
7897 3486 3487 1906 
7898 3086 5508 2658 
7899 1054 5192 1057 
7900 2028 5218 1897 
7901 1785 5172 1779 
7902 1892 2338 1890 
7903 4001 4200 3417 
7904 1429 1899 1480 
7905 4024 5761 4025 
7906 3761 3762 2305 
7907 1163 1924 1207 
7908 737 5339 703 
7909 1489 1923 1529 
7910 2836 5315 1790 
7911 173 5124 422 
7912 174 5124 173 
7913 1865 5191 1078 
7914 1833 5264 1825 
7915 3576 4842 2814 
7916 3619 4523 4315 
7917 2757 3578 3490 
7918 1034 5183 1033 
7919 3228 4759 4487 
7920 1908 2538 1954 
7921 2395 5201 2390 
7922 2620 5178 2621 
7923 218 4089 219 
7924 989 5354 950 
7925 3629 5270 2543 
7926 751 5381 760 
7927 3115 3579 2809 
7928 2320 5262 1803 
7929 2511 5346 5245 
7930 2083 5261 1497 
7931 1405 1439 1438 
7932 4044 4254 3440 
7933 1688 5098 711 
7934 4193 4195 3213 
7935 702 1958 710 
7936 1270 5244 1267 
7937 2090 5365 1830 
7938 1712 2182 1715 
7939 2544 2550 2543 
7940 3197 5195 4966 
7941 2740 2741 2464 
7942 1910 3239 1912 
7943 1098 1100 1099 
7944 2812 3135 3134 
7945 244 4100 245 
7946 1662 1665 1660 
7947 3483 3892 3568 
7948 2311 3495 3494 
7949 2194 2473 2472 
7950 5147 5397 5093 
7951 4219 5273 3540 
7952 3217 5181 1866 
7953 2569 2676 2224 
7954 3563 3990 2948 
7955 645 5416 646 
7956 3890 4619 4618 
7957 2126 5451 2127 
7958 1059 5219 1056 
7959 1242 5360 1746 
7960 3625 5192 1898 
7961 2941 5055 2507 
7962 1777 5172 4962 
7963 2362 2908 2361 
7964 3141 4828 1685 
7965 1899 2137 2136 
7966 2523 5231 2798 
7967 3522 4124 3447 
7968 1577 1578 1576 
7969 2942 5257 2773 
7970 3305 3306 3291 
7971 2391 4983 2386 
7972 1244 5259 1241 
7973 2773 3013 2283 
7974 3318 3447 3317 
7975 881 2061 2030 
7976 1065 5206 3059 
7977 5224 5336 3219 
7978 2647 3818 2958 
7979 2137 2362 2361 
7980 4457 5032 2729 
7981 2814 5262 2320 
7982 1042 5221 1161 
7983 1771 1774 1767 
7984 1037 5183 1034 
7985 5411 5457 3194 
7986 692 1441 696 
7987 1897 5218 5180 
7988 14 4091 15 
7989 2122 5305 2669 
7990 1835 2536 1833 
7991 810 811 808 
7992 1028 5223 1030 
7993 3685 3686 3316 
7994 3617 3619 3618 
7995 5190 5321 1816 
7996 3307 3308 3306 
7997 1088 5213 1090 
7998 727 5080 716 
7999 1770 5274 2496 
8000 1331 5277 1332 
8001 2621 5178 2624 
8002 3460 3986 3013 
8003 1849 5251 1908 
8004 3290 3291 3011 
8005 3607 5223 2530 
8006 2909 3836 2908 
8007 3540 4247 3538 
8008 3309 3310 3308 
8009 1090 5213 1093 
8010 784 835 834 
8011 1682 5056 1686 
8012 1024 5260 1027 
8013 3615 4541 3613 
8014 4199 5708 4197 
8015 3221 3326 2641 
8016 1056 5219 1055 
8017 790 5016 789 
8018 1038 5250 5149 
8019 3582 3612 2967 
8020 1075 5207 3335 
8021 1763 5186 1761 
8022 3249 5310 2078 
8023 641 5693 4658 
8024 1483 5306 1521 
8025 2462 4861 2459 
8026 543 5385 302 
8027 1325 5230 1853 
8028 2791 3592 2545 
8029 3592 4606 3626 
8030 4722 5200 4725 
8031 1081 2343 1862 
8032 2119 2601 1895 
8033 3219 5251 1847 
8034 3841 3842 3233 
8035 3604 5321 5190 
8036 3245 4913 4573 
8037 1049 5222 1046 
8038 4706 5398 1677 
8039 5228 5390 2316 
8040 866 5008 868 
8041 4557 5333 4876 
8042 2909 5249 3839 
8043 1046 5222 1044 
8044 2362 2909 2908 
8045 1899 5255 5189 
8046 1055 5219 2397 
8047 2318 5996 5953 
8048 998 5627 5609 
8049 5106 5231 2523 
8050 2909 3838 3836 
8051 2359 2816 2250 
8052 2181 3352 2604 
8053 2907 5238 2675 
8054 1744 2194 2193 
8055 3039 3797 2816 
8056 1481 5306 1483 
8057 3569 5807 4439 
8058 2542 5218 2028 
8059 3043 5232 1586 
8060 2385 2770 2383 
8061 2683 5249 2362 
8062 4132 4343 4130 
8063 1093 5150 1094 
8064 4906 4910 4909 
8065 1790 5315 1792 
8066 2049 2050 1581 
8067 2512 5245 2515 
8068 4758 5312 3566 
8069 808 4900 807 
8070 1312 5154 1315 
8071 2991 2992 2344 
8072 2397 5219 3220 
8073 2326 5244 1270 
8074 3232 3233 3039 
8075 4240 5870 5858 
8076 1094 5150 1097 
8077 5519 5537 1377 
8078 2425 3224 3046 
8079 2300 5276 2301 
8080 4390 4391 3487 
8081 3134 5474 4320 
8082 785 2647 1961 
8083 2784 5267 2379 
8084 3096 5327 1813 
8085 3315 3317 3313 
8086 2359 3232 3039 
8087 3311 3312 3310 
8088 2551 2552 2550 
8089 2316 2811 2474 
8090 5458 5497 3632 
8091 301 5385 437 
8092 3327 3973 3326 
8093 2329 2867 2330 
8094 2004 5161 1089 
8095 2773 3460 3013 
8096 3033 4046 4004 
8097 1505 5250 1036 
8098 1521 3221 2641 
8099 5449 5507 1379 
8100 3610 5338 5182 
8101 1900 3252 1902 
8102 2839 5245 3611 
8103 2376 5267 2375 
8104 4814 4815 2869 
8105 2126 2127 1637 
8106 1954 1956 1955 
8107 2343 2344 1862 
8108 1059 5338 5219 
8109 1868 3254 1870 
8110 714 719 718 
8111 2145 4246 2274 
8112 1044 5221 1042 
8113 3578 4781 4293 
8114 288 5134 287 
8115 419 5134 288 
8116 3558 4855 4490 
8117 83 5129 429 
8118 84 5129 83 
8119 1960 2560 2224 
8120 3460 4627 3986 
8121 1920 2263 1921 
8122 3411 3929 3771 
8123 3472 3473 3471 
8124 1032 5342 1035 
8125 4702 5431 4701 
8126 3593 5261 2819 
8127 3211 5201 2395 
8128 2798 5231 3603 
8129 3224 3506 3046 
8130 2888 3728 2889 
8131 1799 5402 1800 
8132 4608 5156 2886 
8133 1095 5330 1092 
8134 2675 5238 3382 
8135 4731 5257 2942 
8136 1658 4749 1656 
8137 3135 4386 3136 
8138 216 477 217 
8139 13 478 14 
8140 245 479 246 
8141 42 480 43 
8142 3243 5445 1773 
8143 1092 5330 1091 
8144 3645 3646 2699 
8145 1031 5266 1029 
8146 1096 5184 1095 
8147 5202 5317 3854 
8148 5152 5329 3729 
8149 1740 5282 2188 
8150 1376 5255 1429 
8151 4508 5613 3243 
8152 1617 1618 1615 
8153 2748 5340 3914 
8154 667 5278 664 
8155 1872 1875 1874 
8156 1503 1543 1526 
8157 1939 5068 851 
8158 1947 5069 1945 
8159 1811 5327 2480 
8160 3854 5317 3856 
8161 4637 5579 3202 
8162 5015 5253 1725 
8163 3221 3327 3326 
8164 1630 1631 1628 
8165 5321 5374 1818 
8166 3327 3974 3973 
8167 1908 5251 2538 
8168 851 5068 853 
8169 1377 5255 1376 
8170 1855 5337 1857 
8171 947 5377 983 
8172 2110 5445 2799 
8173 3608 5393 3624 
8174 1931 5281 2528 
8175 2483 3235 2797 
8176 2260 2863 2848 
8177 1960 2224 2223 
8178 811 4900 808 
8179 3605 4215 3506 
8180 661 5279 658 
8181 3047 3462 2741 
8182 1956 1960 1957 
8183 3242 3344 2991 
8184 2444 5417 2443 
8185 1742 1922 1732 
8186 1044 5222 5221 
8187 2496 5274 3245 
8188 1035 5307 1505 
8189 2503 5256 2501 
8190 2771 3537 2770 
8191 2381 2784 2379 
8192 1311 5325 1308 
8193 3873 5425 3610 
8194 5219 5338 3220 
8195 1857 5337 2211 
8196 2536 5264 1833 
8197 784 834 778 
8198 1816 5321 1814 
8199 832 875 831 
8200 1813 5327 1811 
8201 3083 5392 4919 
8202 2486 5233 1755 
8203 3626 5256 2545 
8204 5409 5410 3332 
8205 743 1442 741 
8206 3417 5238 2907 
8207 823 2181 2141 
8208 1234 5320 1231 
8209 174 5220 5124 
8210 1853 5230 3215 
8211 2458 2782 2456 
8212 3215 5337 1855 
8213 2889 3227 2087 
8214 2260 5473 2863 
8215 2515 5245 2839 
8216 2560 3200 2569 
8217 4842 5262 2814 
8218 766 767 756 
8219 4747 5244 2326 
8220 5245 5346 3611 
8221 636 4874 639 
8222 2375 3238 3237 
8223 1973 2466 2068 
8224 1081 5236 2343 
8225 1750 1968 1752 
8226 1036 5250 1038 
8227 2476 3557 2481 
8228 2343 2991 2344 
8229 4639 5592 4638 
8230 2938 3077 2634 
8231 774 775 773 
8232 2343 5236 3242 
8233 3224 3605 3506 
8234 1083 5329 5152 
8235 3631 5616 3630 
8236 2825 5373 3642 
8237 1185 4504 1181 
8238 1286 5447 1206 
8239 12 4094 13 
8240 3223 5339 737 
8241 246 4101 247 
8242 1429 5255 1899 
8243 3025 3870 3240 
8244 739 3223 737 
8245 2208 2547 1938 
8246 1521 5306 3221 
8247 2677 3289 3011 
8248 3240 5370 2352 
8249 5079 5412 1739 
8250 841 843 842 
8251 2188 5282 2425 
8252 2131 5270 1785 
8253 3691 3693 3692 
8254 2316 5390 2811 
8255 477 4095 217 
8256 3512 3556 2199 
8257 1764 5334 1768 
8258 1099 5184 1096 
8259 5232 5354 1426 
8260 1893 5275 2026 
8261 3642 4642 3616 
8262 2359 3039 2816 
8263 651 5316 648 
8264 2501 5256 3590 
8265 5167 5331 3218 
8266 3625 5358 5192 
8267 2569 2677 2676 
8268 2677 3011 3010 
8269 760 5381 785 
8270 2816 4979 2250 
8271 1232 5436 2755 
8272 2773 5257 3460 
8273 2362 5249 2909 
8274 3294 5674 1115 
8275 2491 5656 4572 
8276 5204 5328 1413 
8277 703 5339 697 
8278 1870 5241 1872 
8279 2543 5270 2131 
8280 4254 4255 3440 
8281 760 762 761 
8282 1613 3258 1611 
8283 837 839 838 
8284 3738 6180 6168 
8285 772 773 771 
8286 2548 2611 2610 
8287 3537 3542 2770 
8288 1888 5428 1891 
8289 1767 5186 1763 
8290 2742 3432 2743 
8291 1687 5080 727 
8292 2545 5256 2503 
8293 824 825 820 
8294 3235 4295 3236 
8295 2560 2569 2224 
8296 4475 4476 4474 
8297 3229 5490 3231 
8298 1725 5253 1729 
8299 3888 5258 3890 
8300 2085 2359 2250 
8301 3516 3561 2292 
8302 2123 3241 2607 
8303 11 519 12 
8304 214 518 215 
8305 247 520 248 
8306 44 521 45 
8307 1101 2305 1099 
8308 1462 5272 1431 
8309 837 838 835 
8310 4724 5359 4732 
8311 1988 2769 1990 
8312 950 5344 934 
8313 2194 2825 2473 
8314 3289 3657 3290 
8315 3290 3305 3291 
8316 2087 5213 1088 
8317 1431 5272 1489 
8318 2375 5267 3238 
8319 1895 5275 1893 
8320 3532 5399 3609 
8321 4131 4132 4130 
8322 3762 5184 2305 
8323 1943 5008 866 
8324 5192 5358 1057 
8325 3307 3661 3309 
8326 809 1973 1972 
8327 1152 1154 1153 
8328 2249 5458 3640 
8329 770 771 769 
8330 1761 5186 3214 
8331 2825 2826 2473 
8332 2438 5470 2446 
8333 845 847 846 
8334 2605 2988 2987 
8335 3305 3307 3306 
8336 2528 5281 4906 
8337 2383 5265 2381 
8338 5079 5453 5412 
8339 208 563 207 
8340 195 446 194 
8341 206 507 205 
8342 210 566 209 
8343 253 567 252 
8344 257 506 256 
8345 266 556 265 
8346 271 549 270 
8347 392 550 391 
8348 398 561 397 
8349 413 565 412 
8350 255 554 254 
8351 260 482 259 
8352 262 555 261 
8353 264 467 263 
8354 274 5116 273 
8355 52 511 51 
8356 55 488 54 
8357 50 568 49 
8358 57 560 56 
8359 59 470 58 
8360 66 552 65 
8361 411 510 410 
8362 63 447 62 
8363 61 562 60 
8364 192 542 191 
8365 197 559 196 
8366 199 469 198 
8367 201 557 200 
8368 203 481 202 
8369 268 443 267 
8370 277 5125 276 
8371 278 5298 277 
8372 395 445 394 
8373 400 448 399 
8374 402 558 401 
8375 404 468 403 
8376 406 564 405 
8377 408 487 407 
8378 393 5287 392 
8379 391 5132 390 
8380 261 5302 260 
8381 191 5123 190 
8382 202 5285 201 
8383 396 5293 395 
8384 394 5286 393 
8385 265 5284 264 
8386 200 5295 199 
8387 65 5304 64 
8388 67 5131 66 
8389 399 5296 398 
8390 407 5299 406 
8391 267 5300 266 
8392 60 5283 59 
8393 56 5289 55 
8394 272 5133 271 
8395 254 5303 253 
8396 263 5297 262 
8397 64 5291 63 
8398 62 5290 61 
8399 51 5301 50 
8400 405 5294 404 
8401 403 5288 402 
8402 54 5292 53 
8403 1228 5436 1229 
8404 3102 5233 2486 
8405 5223 5342 1030 
8406 3307 3309 3308 
8407 1489 5272 1923 
8408 3609 5354 5232 
8409 2697 5341 2091 
8410 1746 5360 3246 
8411 4129 4131 4130 
8412 2888 2889 2087 
8413 3073 4579 2439 
8414 1426 5354 989 
8415 4028 4406 3392 
8416 3540 5273 4247 
8417 1843 5380 5197 
8418 3537 4288 3542 
8419 4205 4209 3114 
8420 5346 5407 3611 
8421 847 849 848 
8422 3204 5346 5183 
8423 3311 3314 3313 
8424 1306 5311 1309 
8425 1785 5270 5172 
8426 1865 5280 5191 
8427 3607 5342 5223 
8428 5134 5242 287 
8429 2236 2308 2307 
8430 3058 4035 2984 
8431 3262 3878 3751 
8432 5182 5338 1059 
8433 3044 3114 2782 
8434 5104 5573 4758 
8435 3616 3617 2826 
8436 710 5382 714 
8437 1746 3246 1748 
8438 4129 4130 4114 
8439 3245 5274 4913 
8440 3289 3290 3011 
8441 2950 3365 2949 
8442 5191 5329 1083 
8443 3318 3522 3447 
8444 2375 3237 2373 
8445 480 4096 43 
8446 3135 4387 4386 
8447 3564 6029 4272 
8448 3309 3311 3310 
8449 3013 5280 2283 
8450 4957 5362 4891 
8451 2768 5404 4475 
8452 5201 5372 2391 
8453 3315 3318 3317 
8454 1982 5332 1984 
8455 768 769 767 
8456 1122 1176 1133 
8457 721 724 723 
8458 804 5468 806 
8459 3686 3688 3687 
8460 4916 5535 4917 
8461 3617 4572 3619 
8462 3311 3313 3312 
8463 1620 5423 2772 
8464 1057 5358 5159 
8465 3314 3316 3315 
8466 3482 5451 2659 
8467 2884 5355 2452 
8468 3732 3734 3733 
8469 1641 5416 3226 
8470 1932 5427 1930 
8471 1996 4446 2216 
8472 3591 5328 5204 
8473 2173 4807 2172 
8474 5101 5258 3888 
8475 1030 5342 1032 
8476 2955 5211 2080 
8477 2124 5400 4889 
8478 2283 5280 1865 
8479 2025 5363 1919 
8480 2825 3616 2826 
8481 851 853 852 
8482 2802 5585 4907 
8483 2237 2742 2342 
8484 2601 5275 1895 
8485 3647 6032 4378 
8486 845 846 843 
8487 719 721 720 
8488 2268 2269 1774 
8489 3318 3523 3522 
8490 4104 4105 4103 
8491 3890 5258 4619 
8492 5058 5328 3591 
8493 1239 5360 1242 
8494 3693 4392 3692 
8495 3204 5407 5346 
8496 1869 5386 3143 
8497 5183 5346 2511 
8498 5472 5492 1924 
8499 800 802 801 
8500 1729 5253 1744 
8501 3230 5068 1939 
8502 804 806 805 
8503 1966 2017 2016 
8504 724 745 744 
8505 831 4773 828 
8506 4034 4543 4033 
8507 2262 5469 2261 
8508 1830 5365 1828 
8509 841 842 839 
8510 3686 3687 3316 
8511 2179 3413 3412 
8512 1930 5427 4923 
8513 2425 5282 3224 
8514 2889 3453 3227 
8515 4180 4181 2774 
8516 3842 5313 3233 
8517 857 859 858 
8518 1739 5412 5282 
8519 5585 5601 4907 
8520 2540 5570 5523 
8521 751 760 759 
8522 2607 2701 2296 
8523 3189 5491 3190 
8524 2792 6606 6459 
8525 2536 5560 4908 
8526 4906 5281 4910 
8527 1879 2258 2140 
8528 998 5609 4642 
8529 5641 5648 3320 
8530 2178 2679 1648 
8531 2135 5395 1917 
8532 2118 2191 1618 
8533 769 2549 767 
8534 773 992 771 
8535 3440 5341 2697 
8536 3484 4361 3485 
8537 3039 5313 3797 
8538 3569 5371 3604 
8539 848 2609 846 
8540 2538 5366 1954 
8541 3222 5390 5228 
8542 3233 5313 3039 
8543 741 5314 739 
8544 744 5379 723 
8545 2542 5393 5218 
8546 786 788 787 
8547 1875 1879 1878 
8548 1091 2123 2004 
8549 2273 4806 1713 
8550 1923 5335 1529 
8551 3314 3315 3313 
8552 2123 2296 2004 
8553 1942 2237 2071 
8554 745 751 750 
8555 3227 5213 2087 
8556 1573 5488 1994 
8557 3604 5374 5321 
8558 1097 1927 1926 
8559 2770 5265 2383 
8560 1097 5150 1927 
8561 853 855 854 
8562 302 5385 301 
8563 1529 5335 2085 
8564 1097 1926 1098 
8565 1968 2185 2059 
8566 2036 5143 2039 
8567 2308 3484 3064 
8568 3523 4196 3522 
8569 1309 5311 1868 
8570 5393 5426 3624 
8571 3187 5391 3580 
8572 3937 4010 4009 
8573 3248 5383 1971 
8574 3951 4574 3086 
8575 3609 5399 5344 
8576 843 5271 842 
8577 2622 5426 2619 
8578 248 4117 249 
8579 866 868 867 
8580 5553 5570 4953 
8581 893 4977 895 
8582 1950 5069 1947 
8583 45 4110 46 
8584 788 790 789 
8585 2481 5319 2483 
8586 3688 3689 3687 
8587 851 852 849 
8588 1292 4901 1295 
8589 2381 5265 2784 
8590 1660 5263 1658 
8591 1291 4697 1215 
8592 5093 5397 4880 
8593 719 3247 721 
8594 3238 3565 3237 
8595 6000 6118 2910 
8596 1956 5366 5205 
8597 4768 5522 4769 
8598 3211 5372 5201 
8599 3078 4467 4466 
8600 1626 3205 1624 
8601 3513 3637 2679 
8602 1800 5402 1804 
8603 3502 5211 2955 
8604 2934 2968 2642 
8605 5233 5462 4797 
8606 3621 5492 3622 
8607 4528 5684 2805 
8608 3133 5640 2727 
8609 1646 5400 1649 
8610 2359 5335 3232 
8611 2210 2313 2312 
8612 3219 5394 5251 
8613 4247 5424 3538 
8614 794 796 795 
8615 1548 5403 1550 
8616 2647 2958 1961 
8617 5218 5393 3608 
8618 1297 5398 1294 
8619 3213 5372 3211 
8620 747 5413 5109 
8621 882 883 880 
8622 2058 2173 2172 
8623 5935 6260 3032 
8624 5344 5399 933 
8625 812 816 815 
8626 2863 3281 2848 
8627 4654 5529 1568 
8628 5280 5329 5191 
8629 785 5381 2647 
8630 4460 5434 4459 
8631 868 870 869 
8632 3462 4123 3463 
8633 5307 5482 4832 
8634 1605 2092 1606 
8635 1595 1596 1593 
8636 1983 4936 1981 
8637 2079 2642 2078 
8638 1954 5366 1956 
8639 1927 3070 2295 
8640 5406 5480 4861 
8641 635 5387 632 
8642 5381 5433 3819 
8643 2529 5422 5179 
8644 4962 5411 3194 
8645 796 798 797 
8646 3479 6055 5924 
8647 3974 5485 5471 
8648 1958 5382 710 
8649 1107 5419 3910 
8650 760 785 762 
8651 2631 2646 2645 
8652 2725 3858 3857 
8653 1683 1684 1681 
8654 4941 5653 5631 
8655 3611 5432 3228 
8656 3392 5355 2884 
8657 2201 2324 1953 
8658 3800 5647 3008 
8659 1852 5432 5407 
8660 3746 4739 3070 
8661 2622 5461 5426 
8662 3201 5008 1943 
8663 854 2078 852 
8664 857 858 855 
8665 5993 6112 1427 
8666 418 5298 278 
8667 3542 5265 2770 
8668 818 5463 823 
8669 2124 4889 2666 
8670 5028 5448 5161 
8671 3572 4262 3505 
8672 2085 5335 2359 
8673 724 916 745 
8674 2617 5393 2542 
8675 2185 2840 2232 
8676 3462 3463 2741 
8677 1305 5646 5618 
8678 2406 2949 2234 
8679 3379 4949 2808 
8680 849 5310 848 
8681 2768 4475 4474 
8682 5097 5407 3204 
8683 785 786 762 
8684 756 5413 747 
8685 4025 4126 4125 
8686 1531 2067 1527 
8687 3254 5241 1870 
8688 2079 3652 2934 
8689 4104 4106 4105 
8690 903 4935 905 
8691 1679 4706 1677 
8692 2570 2571 2134 
8693 4255 5341 3440 
8694 4506 5368 3230 
8695 1974 4977 893 
8696 2464 5406 2462 
8697 5161 5448 1085 
8698 847 848 846 
8699 3691 3692 2957 
8700 2011 5357 1673 
8701 797 5252 1910 
8702 3127 6599 3330 
8703 5068 5368 856 
8704 629 5512 630 
8705 1442 5314 741 
8706 872 874 873 
8707 954 955 953 
8708 1658 5263 4749 
8709 1224 5396 1221 
8710 1360 1361 1358 
8711 2373 5363 2025 
8712 806 808 807 
8713 739 5314 3223 
8714 714 5382 719 
8715 1591 3274 1589 
8716 5783 5887 3799 
8717 212 570 213 
8718 9 572 10 
8719 46 569 47 
8720 249 571 250 
8721 1222 1705 1588 
8722 2123 2607 2296 
8723 1091 5330 2123 
8724 3943 5442 1991 
8725 3200 5361 2569 
8726 2677 5361 3289 
8727 290 6447 4625 
8728 2409 3478 2411 
8729 2741 5406 2464 
8730 3986 5481 3013 
8731 656 5404 659 
8732 2607 3874 2701 
8733 2840 3535 2901 
8734 925 926 924 
8735 2305 5184 1099 
8736 633 5512 1666 
8737 1603 1605 1604 
8738 3417 5440 5238 
8739 1940 1942 1941 
8740 5251 5394 2538 
8741 2462 5406 4861 
8742 2123 5330 3241 
8743 4896 5538 2811 
8744 3557 5319 2481 
8745 1968 2841 2185 
8746 2483 5319 3235 
8747 3629 5411 5270 
8748 887 889 888 
8749 4162 6523 4163 
8750 2172 4807 3091 
8751 2858 3814 3001 
8752 5179 5422 5306 
8753 846 5271 843 
8754 5371 5374 3604 
8755 1748 5345 1750 
8756 1872 5241 1875 
8757 5221 5472 1161 
8758 5188 5485 2529 
8759 5282 5412 3224 
8760 2260 2729 2258 
8761 2341 2974 2973 
8762 1665 5263 1660 
8763 572 4103 10 
8764 806 5468 809 
8765 1868 5311 3254 
8766 1641 3226 1643 
8767 2578 4470 1461 
8768 4107 4108 4106 
8769 1879 2260 2258 
8770 5026 5666 2211 
8771 4896 5567 5538 
8772 570 4102 213 
8773 5336 5394 3219 
8774 5412 5453 3605 
8775 2958 3253 1961 
8776 1910 5252 3239 
8777 810 812 811 
8778 1914 5439 1920 
8779 5270 5411 5172 
8780 3114 3250 2782 
8781 2569 5361 2677 
8782 798 5252 797 
8783 4766 5522 4768 
8784 1889 5428 1888 
8785 4406 5355 3392 
8786 3887 5938 3886 
8787 3463 5480 5406 
8788 2456 5417 2444 
8789 785 1961 786 
8790 3538 5424 3537 
8791 4589 5524 4590 
8792 3048 5324 2537 
8793 3560 5816 1623 
8794 1744 5373 2194 
8795 3601 5482 2695 
8796 5338 5425 3220 
8797 2540 5523 5015 
8798 5306 5422 3221 
8799 788 793 790 
8800 889 891 890 
8801 1616 5423 1620 
8802 4104 4107 4106 
8803 2863 5561 3656 
8804 2958 3738 3253 
8805 3632 5461 2622 
8806 866 867 859 
8807 1439 1477 1476 
8808 2194 5373 2825 
8809 3228 5432 4759 
8810 4160 5725 4190 
8811 4475 5024 4476 
8812 5005 5444 1771 
8813 1645 2178 1648 
8814 5172 5411 4962 
8815 2617 5426 5393 
8816 3661 5378 3309 
8817 2673 3658 3639 
8818 2954 4517 4479 
8819 2772 5040 4412 
8820 3738 3739 3253 
8821 2755 5436 3572 
8822 1163 5472 1924 
8823 1100 5389 1103 
8824 5755 6110 3362 
8825 1636 1637 1631 
8826 3687 5375 3316 
8827 2735 5696 2239 
8828 5042 5446 5317 
8829 3537 5424 4288 
8830 1750 5345 1968 
8831 3610 5425 5338 
8832 66 5131 552 
8833 481 5285 202 
8834 443 5300 267 
8835 253 5303 567 
8836 199 5295 469 
8837 273 5116 417 
8838 406 5299 564 
8839 50 5301 568 
8840 260 5302 482 
8841 264 5284 467 
8842 276 5125 497 
8843 59 5283 470 
8844 262 5297 555 
8845 392 5287 550 
8846 395 5293 445 
8847 190 5123 423 
8848 550 5132 391 
8849 5286 5287 393 
8850 542 5123 191 
8851 390 5132 432 
8852 402 5288 558 
8853 564 5294 405 
8854 398 5296 561 
8855 556 5284 265 
8856 277 5298 5125 
8857 445 5286 394 
8858 560 5289 56 
8859 552 5304 65 
8860 61 5290 562 
8861 555 5302 261 
8862 55 5289 488 
8863 417 5133 272 
8864 64 5304 5291 
8865 271 5133 549 
8866 557 5295 200 
8867 448 5296 399 
8868 201 5285 557 
8869 562 5283 60 
8870 63 5291 447 
8871 447 5290 62 
8872 436 5131 67 
8873 554 5303 254 
8874 468 5288 403 
8875 487 5299 407 
8876 467 5297 263 
8877 266 5300 556 
8878 511 5301 51 
8879 404 5294 468 
8880 488 5292 54 
8881 3596 5572 3595 
8882 3465 3659 2843 
8883 3332 5877 5632 
8884 1935 5427 1932 
8885 853 854 852 
8886 5597 5626 3267 
8887 3856 5435 4243 
8888 2284 2304 1596 
8889 3316 5375 3315 
8890 2673 3025 2352 
8891 3337 6095 3754 
8892 2772 5423 5040 
8893 3311 5378 3314 
8894 2098 5666 5043 
8895 3239 5439 1912 
8896 3246 5345 1748 
8897 852 5310 849 
8898 4183 6145 3454 
8899 5150 5460 3636 
8900 1642 5459 3106 
8901 1912 5439 1914 
8902 854 2079 2078 
8903 646 5416 649 
8904 2552 5673 4617 
8905 2034 5143 2036 
8906 793 794 790 
8907 2782 5417 2456 
8908 1742 5450 1922 
8909 2755 3572 3505 
8910 3220 5425 3944 
8911 830 831 828 
8912 2619 5426 2617 
8913 826 828 827 
8914 2552 5679 5644 
8915 869 2352 867 
8916 3986 5513 5481 
8917 816 5348 815 
8918 2840 3655 3535 
8919 1628 5237 1626 
8920 5253 5373 1744 
8921 2609 5271 846 
8922 855 5429 854 
8923 2079 2934 2642 
8924 2466 2903 2068 
8925 3318 5375 3523 
8926 732 5437 734 
8927 1962 3269 1964 
8928 1229 5436 1232 
8929 800 803 802 
8930 3224 5412 3605 
8931 1979 4935 903 
8932 3237 5363 2373 
8933 1773 5445 2110 
8934 2413 2723 2427 
8935 3588 5431 4829 
8936 767 5413 756 
8937 3309 5378 3311 
8938 4861 5480 3044 
8939 742 5553 746 
8940 793 2076 794 
8941 3008 5647 3829 
8942 4965 5472 5221 
8943 803 804 802 
8944 5407 5432 3611 
8945 1194 1195 1193 
8946 2260 2848 2729 
8947 1681 5343 1679 
8948 3315 5375 3318 
8949 3856 5446 5435 
8950 1518 2041 2032 
8951 3652 3662 2934 
8952 1093 5460 5150 
8953 3592 5483 4606 
8954 719 5382 3247 
8955 2529 5485 5422 
8956 2547 5467 1938 
8957 2848 4122 2729 
8958 2546 5544 4864 
8959 3221 5422 3327 
8960 2261 5450 1742 
8961 2127 2227 2226 
8962 986 987 980 
8963 2360 5488 3103 
8964 3302 3972 3301 
8965 759 5441 750 
8966 5426 5461 3624 
8967 1984 5332 1988 
8968 1206 5447 1852 
8969 4272 6626 574 
8970 872 873 870 
8971 3849 5504 3038 
8972 1920 2805 2263 
8973 2659 5451 2126 
8974 5358 5497 3195 
8975 3230 5368 5068 
8976 893 895 894 
8977 2295 3360 1926 
8978 4965 5492 5472 
8979 3030 5384 3078 
8980 3590 5449 5086 
8981 3102 5462 5233 
8982 2549 5413 767 
8983 796 799 798 
8984 868 869 867 
8985 4904 5601 1936 
8986 1362 2099 1361 
8987 1554 1555 1553 
8988 1098 5389 1100 
8989 3647 4020 3646 
8990 3463 5406 2741 
8991 4200 5440 3417 
8992 859 5370 858 
8993 3808 5537 3623 
8994 940 941 928 
8995 2623 5516 3632 
8996 1101 3410 2305 
8997 1927 2295 1926 
8998 2585 2586 2573 
8999 3554 4977 1974 
9000 887 888 874 
9001 701 5595 1451 
9002 2051 2054 2053 
9003 1174 1397 1155 
9004 895 897 896 
9005 2280 2341 2317 
9006 3195 5458 2249 
9007 4670 5475 4688 
9008 572 4104 4103 
9009 1968 5345 2841 
9010 1988 5332 2769 
9011 799 800 798 
9012 3070 5454 2295 
9013 1973 2068 1972 
9014 2723 3053 3040 
9015 3682 5571 2331 
9016 2078 5310 852 
9017 2720 5596 3377 
9018 5139 5519 1924 
9019 815 5348 1900 
9020 1477 1503 1502 
9021 3194 5457 1794 
9022 4969 6116 3725 
9023 4947 5453 5079 
9024 1085 5448 5236 
9025 5350 5353 4405 
9026 6355 6618 3867 
9027 3583 5769 3675 
9028 600 5309 602 
9029 2494 5595 709 
9030 3734 3736 3735 
9031 5139 5537 5519 
9032 3711 5521 2894 
9033 2721 5469 2262 
9034 2421 5504 2419 
9035 920 4914 922 
9036 4173 5690 4175 
9037 2133 2134 1555 
9038 5028 5511 5448 
9039 792 5663 5437 
9040 5317 5446 3856 
9041 3247 5405 721 
9042 1938 5467 1935 
9043 869 2673 2352 
9044 3261 5556 4879 
9045 818 820 819 
9046 5289 6452 3824 
9047 2010 2011 1673 
9048 982 5948 997 
9049 724 5405 916 
9050 4960 5621 4961 
9051 1626 5237 3205 
9052 2366 2665 2112 
9053 1601 1603 1602 
9054 2784 5455 5267 
9055 1287 5519 1377 
9056 721 5405 724 
9057 824 826 825 
9058 2056 2058 2057 
9059 5458 5516 3640 
9060 5372 5517 4808 
9061 3352 3353 2604 
9062 890 1971 888 
9063 2509 5503 5453 
9064 1924 5519 1207 
9065 2191 2748 2556 
9066 2673 3639 3025 
9067 3632 5497 5461 
9068 899 901 900 
9069 3624 5461 3625 
9070 619 5575 620 
9071 823 5463 2181 
9072 5363 5498 2790 
9073 1615 5477 1613 
9074 5056 5384 3030 
9075 3096 5613 5327 
9076 2928 3628 3627 
9077 2178 3513 2679 
9078 5267 5455 3238 
9079 4513 5462 3102 
9080 2181 2604 2141 
9081 1102 5401 1101 
9082 3851 5706 3852 
9083 3410 3761 2305 
9084 5247 5524 4589 
9085 1167 5414 1169 
9086 2928 3048 2537 
9087 2350 2537 1971 
9088 903 905 904 
9089 1618 5477 1615 
9090 3250 5417 2782 
9091 644 5619 643 
9092 1613 5477 3258 
9093 874 5383 873 
9094 1886 5545 1885 
9095 3280 3376 3283 
9096 858 5429 855 
9097 1920 5439 2805 
9098 2811 5538 2812 
9099 4941 5631 1923 
9100 2446 5470 2449 
9101 3250 5798 4473 
9102 5256 5449 3590 
9103 3078 5384 4467 
9104 1466 1467 1446 
9105 1395 5541 1406 
9106 4642 5570 5553 
9107 2064 2065 2063 
9108 2970 3802 3265 
9109 3136 5474 3134 
9110 893 894 891 
9111 3607 5482 5307 
9112 2114 2115 1684 
9113 1161 5472 1163 
9114 2416 3459 2418 
9115 3626 5449 5256 
9116 3464 4144 3465 
9117 5659 5677 4699 
9118 5422 5485 3327 
9119 2748 3464 2843 
9120 2178 3514 3513 
9121 1900 5348 3252 
9122 1218 5559 1219 
9123 5213 5460 1093 
9124 854 5429 2079 
9125 2191 2556 1618 
9126 2210 2312 2073 
9127 3514 4159 4158 
9128 2695 5482 3607 
9129 2329 2330 2115 
9130 1986 4936 1983 
9131 1575 1577 1576 
9132 3614 5484 3615 
9133 1935 5467 5427 
9134 1705 1707 1706 
9135 2945 4570 2714 
9136 3290 5510 3305 
9137 4739 5454 3070 
9138 1643 5415 1645 
9139 2229 2234 2233 
9140 4432 5483 3592 
9141 2005 4914 920 
9142 867 5370 859 
9143 806 809 808 
9144 1904 5509 1940 
9145 878 879 876 
9146 3626 5507 5449 
9147 5236 5448 3242 
9148 3265 5478 2285 
9149 809 5468 1973 
9150 4438 5882 3294 
9151 3606 5490 3229 
9152 1994 5488 2360 
9153 889 890 888 
9154 2044 2045 1119 
9155 916 5433 745 
9156 1564 5568 3060 
9157 5448 5511 3242 
9158 3837 5471 5188 
9159 1926 5389 1098 
9160 3640 5574 3641 
9161 2079 5429 3652 
9162 2048 3279 2052 
9163 2408 2580 2313 
9164 2295 3922 3360 
9165 3252 5509 1902 
9166 1937 5623 2337 
9167 2903 2904 2068 
9168 2903 3843 2904 
9169 3216 5543 5164 
9170 5280 5481 5329 
9171 4832 5491 3189 
9172 2338 5545 1890 
9173 3253 5420 1961 
9174 2012 2013 2011 
9175 2996 5590 1367 
9176 2915 2917 2916 
9177 786 5420 788 
9178 812 817 816 
9179 5327 5613 4508 
9180 745 5433 751 
9181 1707 1709 1708 
9182 3622 5492 4965 
9183 3077 5528 2634 
9184 2852 3683 3682 
9185 5329 5481 3729 
9186 3737 6495 6308 
9187 3605 5503 4215 
9188 2208 5528 2547 
9189 3213 5517 5372 
9190 1961 5420 786 
9191 2017 2121 2120 
9192 4489 5825 5787 
9193 1844 5524 5247 
9194 2269 5616 5547 
9195 4991 4992 962 
9196 751 5433 5381 
9197 809 1972 810 
9198 1255 5577 1258 
9199 817 5486 5464 
9200 2471 2662 2661 
9201 2036 2039 2038 
9202 5184 5520 1095 
9203 1807 5573 5104 
9204 6013 6422 4095 
9205 3514 4158 3513 
9206 3103 4482 3547 
9207 3762 5520 5184 
9208 1541 4464 4463 
9209 3225 4935 1979 
9210 3327 5485 3974 
9211 848 5489 2609 
9212 2984 5388 2304 
9213 2803 5585 2802 
9214 5461 5497 3625 
9215 2575 4697 1291 
9216 1902 5509 1904 
9217 1936 5623 1934 
9218 1579 1581 1580 
9219 3249 5489 5310 
9220 5468 5514 3251 
9221 5481 5513 3729 
9222 896 3268 894 
9223 3583 3675 2854 
9224 3013 5481 5280 
9225 3502 5496 5211 
9226 2748 2843 2556 
9227 1709 1714 1710 
9228 1103 1104 1102 
9229 2048 5624 3279 
9230 1809 5573 1807 
9231 726 5740 728 
9232 3850 6575 6171 
9233 1455 1457 1453 
9234 899 900 897 
9235 3073 5476 4579 
9236 4159 4160 4158 
9237 1666 5512 3278 
9238 3825 3975 3930 
9239 788 5420 793 
9240 5310 5489 848 
9241 1835 5560 2536 
9242 1570 5529 1575 
9243 1104 1105 1102 
9244 3632 5516 5458 
9245 3237 5498 5363 
9246 5186 5547 4887 
9247 809 810 808 
9248 3464 3465 2843 
9249 817 818 816 
9250 3340 5603 3338 
9251 890 2350 1971 
9252 1679 5343 4706 
9253 987 5495 980 
9254 2352 5370 867 
9255 4870 5729 4486 
9256 5832 5926 3710 
9257 5394 5535 2538 
9258 3919 6528 5709 
9259 2369 2631 2630 
9260 2658 5508 2414 
9261 5264 5543 3216 
9262 3324 5621 4960 
9263 4072 5999 4073 
9264 888 5383 874 
9265 1631 5237 1628 
9266 738 5627 740 
9267 905 907 906 
9268 903 904 901 
9269 1104 1107 1106 
9270 3103 5488 4482 
9271 1879 5473 2260 
9272 4917 5535 5394 
9273 3354 5741 3804 
9274 3725 6108 3724 
9275 3135 5538 4387 
9276 4144 4328 3465 
9277 3182 5621 2865 
9278 1110 1111 1109 
9279 870 5465 869 
9280 416 5611 104 
9281 5552 5606 5189 
9282 2702 5511 5028 
9283 2049 2051 2050 
9284 2350 2928 2537 
9285 103 5611 532 
9286 2928 3627 3048 
9287 623 5575 2179 
9288 3625 5497 5358 
9289 1666 3278 1668 
9290 909 911 910 
9291 5608 5651 3658 
9292 2304 5388 2566 
9293 749 5645 717 
9294 3227 5460 5213 
9295 3603 5588 3120 
9296 3226 5415 1643 
9297 3042 5581 3531 
9298 713 5645 2494 
9299 4235 4538 4139 
9300 1670 2010 1673 
9301 2295 5454 3922 
9302 2673 5465 3658 
9303 873 5465 870 
9304 5399 5589 4981 
9305 2434 5614 2433 
9306 2269 5659 4699 
9307 1767 5547 5186 
9308 1684 5343 1681 
9309 3360 5389 1926 
9310 5720 5733 3657 
9311 1134 1136 1135 
9312 2269 5547 1774 
9313 4422 6121 3508 
9314 2418 4850 2420 
9315 4953 5570 2540 
9316 1562 2009 1560 
9317 3565 5498 3237 
9318 2556 5477 1618 
9319 3657 5510 3290 
9320 563 5530 207 
9321 206 5530 507 
9322 4993 4995 4992 
9323 962 963 961 
9324 4606 5507 3626 
9325 3240 5566 5370 
9326 2014 2322 2013 
9327 4298 6101 535 
9328 2127 2226 1637 
9329 895 896 894 
9330 2121 2369 2368 
9331 3729 5513 3728 
9332 1645 5415 2178 
9333 1105 5401 1102 
9334 1875 5473 1879 
9335 920 922 921 
9336 2784 5487 5455 
9337 26 6122 473 
9338 2229 2233 2227 
9339 1714 5550 1710 
9340 4932 5526 4931 
9341 3612 5585 2967 
9342 3031 5614 2437 
9343 5241 5473 1875 
9344 1285 1349 1348 
9345 3253 5539 5420 
9346 5523 5570 3642 
9347 2323 2933 2322 
9348 5265 5487 2784 
9349 5205 5597 3267 
9350 2271 2605 2314 
9351 1568 5529 1570 
9352 5453 5503 3605 
9353 2061 2311 2030 
9354 5617 6061 234 
9355 1101 5401 3410 
9356 915 917 913 
9357 2492 5886 4809 
9358 3242 5511 3344 
9359 818 823 820 
9360 896 3633 3268 
9361 1940 2800 1942 
9362 2467 3643 1598 
9363 1190 1191 1184 
9364 5255 5552 5189 
9365 4316 5515 4698 
9366 2780 3338 2077 
9367 630 5512 633 
9368 628 5719 627 
9369 5404 5531 4475 
9370 2304 2566 2565 
9371 1797 5605 3083 
9372 5516 5574 3640 
9373 2821 5409 3332 
9374 1192 1193 1191 
9375 2674 5516 2623 
9376 3586 5701 3585 
9377 3689 5582 3687 
9378 2324 5554 1953 
9379 5420 5539 793 
9380 2947 3896 3287 
9381 3542 5487 5265 
9382 1593 5532 1591 
9383 4195 5517 3213 
9384 3613 5615 3612 
9385 3634 5653 3635 
9386 3495 3783 3494 
9387 4475 5531 5024 
9388 1207 5519 1287 
9389 342 6294 513 
9390 6294 6381 513 
9391 1971 5383 888 
9392 2717 3489 3430 
9393 3317 5600 3313 
9394 72 5863 5814 
9395 2604 3266 2141 
9396 2634 5528 2208 
9397 1952 5683 2205 
9398 1950 5554 5069 
9399 2358 3395 2128 
9400 4799 5762 4467 
9401 3232 5631 3234 
9402 2890 5456 3810 
9403 3636 5549 3746 
9404 6310 6382 4185 
9405 1577 1579 1578 
9406 3227 5549 5460 
9407 1993 2128 1991 
9408 2401 6135 4504 
9409 609 5641 610 
9410 3999 4914 2005 
9411 2420 4850 2548 
9412 2332 2982 2853 
9413 826 829 828 
9414 5498 5668 5017 
9415 3732 5670 4289 
9416 1710 5550 1712 
9417 869 5465 2673 
9418 3202 5579 5231 
9419 5460 5549 3636 
9420 1591 5532 3274 
9421 5561 5618 3656 
9422 1951 5683 1949 
9423 1712 5550 2182 
9424 5618 5646 3656 
9425 655 5531 5404 
9426 1622 5735 4734 
9427 3091 4807 3358 
9428 906 1991 904 
9429 1095 5520 5330 
9430 3478 5557 2411 
9431 1301 5646 1302 
9432 734 5643 736 
9433 1940 5509 2800 
9434 1388 1389 1384 
9435 5473 5561 2863 
9436 984 5652 5144 
9437 823 2141 824 
9438 4969 6125 6116 
9439 803 5514 804 
9440 2405 5716 5607 
9441 3565 5668 5498 
9442 4916 5597 5535 
9443 1596 5532 1593 
9444 3355 3710 2894 
9445 3268 5501 894 
9446 4309 5940 2786 
9447 2881 5430 2175 
9448 2330 2331 2115 
9449 4035 5388 2984 
9450 2304 2565 1596 
9451 2227 5521 2226 
9452 207 5530 206 
9453 891 5501 890 
9454 4569 6044 2475 
9455 5373 5523 3642 
9456 2608 2894 2233 
9457 4677 5367 4675 
9458 4642 5609 3616 
9459 3617 5609 4572 
9460 823 824 820 
9461 3770 5640 3133 
9462 901 5442 900 
9463 3623 5537 5139 
9464 2178 5415 3514 
9465 4196 5604 3522 
9466 1131 1134 1132 
9467 1550 5403 2409 
9468 2714 2947 2715 
9469 909 910 907 
9470 1305 5618 5311 
9471 1507 1508 1486 
9472 4864 5544 4867 
9473 2812 5538 3135 
9474 3544 3545 3413 
9475 810 5486 812 
9476 920 921 911 
9477 3432 4261 4258 
9478 1108 1109 1106 
9479 2237 3051 2742 
9480 1406 5541 1462 
9481 3789 4313 4151 
9482 894 5501 891 
9483 3549 5722 5546 
9484 3248 5651 5608 
9485 997 1440 994 
9486 4483 5613 3096 
9487 2566 2855 2854 
9488 1972 5486 810 
9489 1993 5536 2358 
9490 4853 5451 3482 
9491 3808 5606 5552 
9492 435 5654 95 
9493 2409 5403 3478 
9494 1669 5569 1667 
9495 1890 5545 1886 
9496 2401 4504 1185 
9497 3060 5568 4235 
9498 812 5486 817 
9499 2538 5535 5366 
9500 5227 5540 3246 
9501 1953 5554 1950 
9502 2010 2866 2012 
9503 3270 3271 2615 
9504 3412 5565 3562 
9505 509 5935 4294 
9506 2358 3397 3396 
9507 2536 5543 5264 
9508 1485 1486 1459 
9509 1377 5552 5255 
9510 905 906 904 
9511 2577 2578 1461 
9512 1219 5559 1222 
9513 3937 4009 3935 
9514 804 5514 5468 
9515 2010 2012 2011 
9516 587 1534 585 
9517 3355 5875 3710 
9518 1774 5547 1767 
9519 1209 1285 1284 
9520 3808 5552 5537 
9521 4916 5626 5597 
9522 5547 5616 4887 
9523 2674 5574 5516 
9524 4668 5556 3261 
9525 3739 5539 3253 
9526 1441 5642 696 
9527 2552 5644 2550 
9528 4837 5562 4836 
9529 2593 2594 2592 
9530 5015 5523 5253 
9531 3060 4235 4139 
9532 702 5642 1958 
9533 1372 1374 1370 
9534 1443 1493 1440 
9535 5253 5523 5373 
9536 1575 5529 2837 
9537 2021 2023 2022 
9538 1451 5939 4838 
9539 4990 5704 4991 
9540 746 5553 4953 
9541 1359 5864 4306 
9542 1494 1527 1493 
9543 2566 2854 2565 
9544 2211 5666 1859 
9545 832 876 875 
9546 1575 2837 1577 
9547 4047 6098 3925 
9548 2855 4161 3583 
9549 4901 5515 3107 
9550 2338 5598 5556 
9551 2802 5560 1835 
9552 2234 2608 2233 
9553 1668 5502 1670 
9554 1222 5559 1705 
9555 5456 5702 3810 
9556 3056 3393 2789 
9557 3304 6083 4791 
9558 3513 5563 3637 
9559 4894 5567 4896 
9560 1129 1131 1130 
9561 3659 5599 2843 
9562 793 5539 2076 
9563 3453 5549 3227 
9564 2157 4349 2670 
9565 3786 3787 3256 
9566 3376 3508 3283 
9567 2608 3821 3355 
9568 5774 5794 3661 
9569 3651 5663 3200 
9570 922 924 923 
9571 2933 3906 3511 
9572 2723 3549 3053 
9573 5330 5520 3241 
9574 904 5442 901 
9575 4135 6261 440 
9576 1561 5568 1564 
9577 1104 1106 1105 
9578 3279 3280 2052 
9579 5688 5732 3655 
9580 1458 1459 1457 
9581 3107 5515 4316 
9582 1579 2048 1581 
9583 4795 5572 3596 
9584 4697 5835 4561 
9585 2014 2929 2323 
9586 4213 5821 4762 
9587 5370 5566 858 
9588 878 880 879 
9589 955 957 956 
9590 5241 5561 5473 
9591 2626 2712 2711 
9592 906 1993 1991 
9593 3501 3982 3750 
9594 526 6023 4343 
9595 2411 5557 2413 
9596 4019 5999 3820 
9597 2233 5521 2227 
9598 2012 2014 2013 
9599 882 884 883 
9600 890 5501 2350 
9601 873 5608 5465 
9602 4158 5563 3513 
9603 2643 2970 2285 
9604 1705 3276 1707 
9605 1993 2358 2128 
9606 5316 5697 647 
9607 2182 3270 2615 
9608 4572 5656 3619 
9609 3246 5540 5345 
9610 3254 5561 5241 
9611 1146 1584 1142 
9612 4489 5787 2800 
9613 5655 5735 4159 
9614 830 832 831 
9615 2480 5573 1809 
9616 2855 3583 2854 
9617 2551 5673 2552 
9618 4203 6147 821 
9619 4764 5625 3239 
9620 2358 3396 3395 
9621 4212 6276 499 
9622 2048 2049 1581 
9623 3296 3543 3297 
9624 3642 5570 4642 
9625 2469 2471 2470 
9626 923 2285 921 
9627 1258 5577 1795 
9628 4216 5581 3042 
9629 3382 5574 2674 
9630 2179 3544 3413 
9631 4675 5475 4672 
9632 2611 3007 3006 
9633 946 980 979 
9634 2268 5659 2269 
9635 2608 3355 2894 
9636 1107 1108 1106 
9637 3809 5606 3808 
9638 982 994 975 
9639 2975 3262 2974 
9640 2332 2852 2331 
9641 1107 3553 1108 
9642 2967 5585 2803 
9643 620 5575 623 
9644 3280 3282 2052 
9645 2643 3425 3424 
9646 5375 5582 3523 
9647 5437 5663 3651 
9648 911 5478 910 
9649 4181 5659 2774 
9650 2179 5575 3544 
9651 4672 5475 4670 
9652 829 830 828 
9653 2565 5532 1596 
9654 1344 1352 1342 
9655 5890 5891 3347 
9656 3531 5586 3532 
9657 6521 6557 2315 
9658 5231 5579 3603 
9659 3269 5610 1964 
9660 3120 5588 3723 
9661 5644 5679 5004 
9662 1923 5631 5335 
9663 5345 5540 2841 
9664 1108 1110 1109 
9665 2014 2323 2322 
9666 613 5641 1601 
9667 5477 5599 3258 
9668 875 5479 1962 
9669 3809 5622 5606 
9670 2174 2175 2173 
9671 926 928 927 
9672 5465 5608 3658 
9673 2103 2107 2106 
9674 1468 1496 1495 
9675 3266 5534 2141 
9676 3805 6483 4380 
9677 1964 5610 1966 
9678 1966 5610 2017 
9679 3883 4570 2945 
9680 3525 5596 2720 
9681 876 5479 875 
9682 2596 2597 2006 
9683 2983 3401 2853 
9684 3847 4036 3271 
9685 4220 4221 3334 
9686 1182 1190 1184 
9687 4172 5753 4178 
9688 3365 3672 2949 
9689 4638 5592 4654 
9690 2055 2056 2054 
9691 3693 5699 4392 
9692 832 877 876 
9693 4535 5628 4536 
9694 2358 5536 3397 
9695 3687 5582 5375 
9696 5556 5598 4879 
9697 2571 5759 2585 
9698 2276 4825 2146 
9699 1111 2467 1598 
9700 2274 5793 2275 
9701 1991 5442 904 
9702 5601 5615 1936 
9703 1366 1367 1364 
9704 829 2315 830 
9705 1126 1129 1127 
9706 709 5595 701 
9707 1957 5712 1955 
9708 941 943 942 
9709 4907 5601 4904 
9710 3267 5626 3651 
9711 5577 5605 1795 
9712 792 5720 5663 
9713 4326 5650 4327 
9714 3278 5502 1668 
9715 3692 5801 5703 
9716 2979 3379 2808 
9717 858 5566 5429 
9718 2928 5633 3628 
9719 5537 5552 1377 
9720 1795 5605 1797 
9721 3612 5615 5601 
9722 3731 5670 3732 
9723 602 5309 1541 
9724 5607 5716 3296 
9725 5005 5690 5444 
9726 4887 5616 3631 
9727 3459 4850 2418 
9728 3522 5604 4124 
9729 3339 3706 3340 
9730 2938 5703 3077 
9731 5382 5612 3247 
9732 1124 1126 1125 
9733 2894 5521 2233 
9734 2929 2930 2323 
9735 2598 2599 2597 
9736 2174 3296 2716 
9737 1637 5548 1631 
9738 4460 5587 5434 
9739 3725 6116 6108 
9740 1541 5309 4464 
9741 5586 5589 3532 
9742 1398 1424 1397 
9743 824 5534 826 
9744 2323 5594 2933 
9745 1670 5502 2010 
9746 2556 5599 5477 
9747 3532 5589 5399 
9748 826 5534 829 
9749 2413 5557 2723 
9750 1553 5652 1549 
9751 878 881 880 
9752 2093 2094 2092 
9753 1349 1358 1357 
9754 3283 3319 3282 
9755 4620 5628 4535 
9756 3289 5720 3657 
9757 3280 3283 3282 
9758 2716 2881 2175 
9759 2048 2052 2049 
9760 104 5611 103 
9761 943 953 952 
9762 2969 5775 2628 
9763 3692 5703 2957 
9764 3331 5632 4471 
9765 2571 2573 2572 
9766 3329 3441 2844 
9767 2608 5580 3821 
9768 2983 3477 3476 
9769 922 923 921 
9770 2051 2055 2054 
9771 5367 5475 4675 
9772 1728 5729 4870 
9773 2437 5614 2434 
9774 728 5733 730 
9775 2095 2096 2094 
9776 2142 2348 2096 
9777 5071 5721 1353 
9778 3313 5600 3312 
9779 2311 3494 3295 
9780 5626 5643 3651 
9781 881 2030 882 
9782 339 6330 490 
9783 2807 2808 2806 
9784 952 2006 942 
9785 2586 2588 2587 
9786 2141 5534 824 
9787 4827 5605 5577 
9788 5189 5606 2683 
9789 508 6204 326 
9790 1705 5559 3276 
9791 2330 2332 2331 
9792 4197 5708 3450 
9793 432 5695 389 
9794 388 5695 537 
9795 1200 1209 1208 
9796 3254 5618 5561 
9797 3616 5609 3617 
9798 921 5478 911 
9799 578 579 483 
9800 3240 5667 5566 
9801 2904 5634 2068 
9802 1178 2015 1180 
9803 3239 5625 5439 
9804 1972 5634 5486 
9805 3514 5655 4159 
9806 5606 5622 2683 
9807 5383 5608 873 
9808 3234 5660 3841 
9809 3248 5608 5383 
9810 5366 5597 5205 
9811 233 5617 234 
9812 4477 6153 4138 
9813 1709 2060 1714 
9814 1958 5612 5382 
9815 325 6204 4249 
9816 2366 5672 2665 
9817 1425 1452 1424 
9818 1210 5832 1354 
9819 3675 5769 5719 
9820 2182 5550 3270 
9821 2600 2806 2599 
9822 2226 5548 1637 
9823 3505 5732 3187 
9824 2841 5688 2185 
9825 4541 5615 3613 
9826 2060 3864 1714 
9827 3026 5739 2795 
9828 3870 5667 3240 
9829 1631 5548 5237 
9830 4466 5762 4468 
9831 2840 5688 3655 
9832 3878 6500 6475 
9833 3406 5785 4186 
9834 5391 5688 2841 
9835 926 927 924 
9836 1934 5623 1937 
9837 2058 2174 2173 
9838 980 5495 979 
9839 6194 6251 3520 
9840 3419 5739 4567 
9841 5535 5597 5366 
9842 5429 5566 3652 
9843 1962 5479 3269 
9844 4650 5885 2453 
9845 2865 5621 3324 
9846 2332 2853 2852 
9847 3338 5789 2077 
9848 1448 5826 5809 
9849 1196 1200 1199 
9850 6082 6135 2401 
9851 1732 5729 1728 
9852 4211 5768 3064 
9853 2982 2983 2853 
9854 923 2643 2285 
9855 957 959 958 
9856 2579 2821 2578 
9857 2643 3424 2970 
9858 2805 5684 2263 
9859 4540 5855 4539 
9860 1371 1517 1373 
9861 1158 6158 3521 
9862 2341 2975 2974 
9863 833 5626 4916 
9864 647 5619 644 
9865 740 5627 998 
9866 4574 5508 3086 
9867 2596 3698 2598 
9868 2311 3295 2030 
9869 2443 5766 4580 
9870 2222 2626 2625 
9871 2034 5558 5143 
9872 1436 5812 4376 
9873 2727 5640 2247 
9874 4199 6561 6298 
9875 2975 3880 3879 
9876 700 5806 4529 
9877 2843 5599 2556 
9878 6298 6561 4182 
9879 3977 6420 449 
9880 2683 5622 5249 
9881 1558 5700 4578 
9882 3205 5675 4644 
9883 3953 3954 3297 
9884 2307 5768 2767 
9885 3711 5620 5521 
9886 3629 5644 5457 
9887 918 946 945 
9888 2877 2878 2876 
9889 330 6234 484 
9890 2017 2786 2121 
9891 3425 3673 3424 
9892 881 882 880 
9893 549 6515 5761 
9894 2163 5724 2236 
9895 2983 3476 3401 
9896 884 913 912 
9897 3422 5727 4133 
9898 3876 5970 3402 
9899 877 878 876 
9900 160 5745 159 
9901 907 5576 906 
9902 2978 3301 2654 
9903 5457 5644 5004 
9904 2369 2632 2631 
9905 5521 5620 2226 
9906 2099 3322 2101 
9907 5566 5667 3652 
9908 5311 5618 3254 
9909 5963 6018 3991 
9910 2719 2876 2718 
9911 2010 5502 2866 
9912 2638 2856 2637 
9913 1549 5652 984 
9914 910 5576 907 
9915 2331 5571 2115 
9916 3266 5669 5534 
9917 2879 2890 2878 
9918 1194 1196 1195 
9919 5803 5834 3685 
9920 833 5643 5626 
9921 4482 5551 3547 
9922 4174 5753 4172 
9923 4246 5902 2274 
9924 4027 5761 4024 
9925 963 965 964 
9926 2349 2718 2348 
9927 1169 5414 4616 
9928 2055 2405 2056 
9929 696 5642 702 
9930 4979 5760 2613 
9931 2115 5571 1684 
9932 583 2900 581 
9933 2949 5580 2234 
9934 2278 5629 2280 
9935 915 918 917 
9936 493 5776 112 
9937 5486 5634 5464 
9938 2164 2736 2603 
9939 3660 4187 2977 
9940 4537 5801 1951 
9941 1516 6362 4203 
9942 5501 5633 2350 
9943 2234 5580 2608 
9944 969 972 971 
9945 4363 6097 527 
9946 955 956 953 
9947 3268 5633 5501 
9948 1684 5571 5343 
9949 2558 2559 2109 
9950 3675 5676 2854 
9951 2467 3895 3643 
9952 4577 5714 1716 
9953 3543 3953 3297 
9954 3478 5722 5557 
9955 5534 5669 829 
9956 2312 5678 2073 
9957 1993 5576 5536 
9958 3752 5826 2635 
9959 1363 2164 1365 
9960 5335 5631 3232 
9961 941 942 928 
9962 610 5641 613 
9963 4884 5655 3226 
9964 6104 6120 4522 
9965 736 5643 833 
9966 1601 3320 1603 
9967 1905 5829 2029 
9968 4160 5779 5725 
9969 1986 5678 4936 
9970 152 5777 529 
9971 3385 5855 3653 
9972 2039 2040 2038 
9973 3494 3496 3295 
9974 3635 5653 4941 
9975 2733 5765 2732 
9976 5439 5625 2805 
9977 2550 5644 3629 
9978 4884 5735 5655 
9979 3270 3847 3271 
9980 960 1448 958 
9981 3458 4244 3861 
9982 2378 5833 2546 
9983 111 5776 4996 
9984 717 5645 713 
9985 2285 5478 921 
9986 4639 5804 5592 
9987 2933 5594 3906 
9988 2588 2590 2589 
9989 2636 2637 2635 
9990 5009 5777 153 
9991 3769 3770 3133 
9992 5059 5764 5060 
9993 2327 5829 1907 
9994 2440 5499 3037 
9995 3656 5687 3281 
9996 2490 6578 4022 
9997 2347 2734 2345 
9998 1302 5646 1305 
9999 2571 2572 2134 
10000 95 5654 94 
10001 1605 2093 2092 
10002 3634 5660 5653 
10003 952 2596 2006 
10004 1138 3257 1140 
10005 3436 5763 3323 
10006 2723 5557 3549 
10007 5324 5651 3248 
10008 427 6448 4138 
10009 2987 5525 3574 
10010 2940 5788 3275 
10011 4823 5668 3565 
10012 4374 5825 3530 
10013 3296 3297 2716 
10014 3334 5476 3073 
10015 3964 5752 3960 
10016 3545 6053 3413 
10017 2714 2715 2712 
10018 912 5518 2717 
10019 2857 5658 2856 
10020 2068 5634 1972 
10021 2859 3299 2857 
10022 4368 5757 5319 
10023 2045 2222 2221 
10024 4327 6580 6081 
10025 2789 5672 2366 
10026 3477 3899 3476 
10027 4467 5762 4466 
10028 2975 3879 3262 
10029 1360 1362 1361 
10030 2174 2716 2175 
10031 3071 6339 4134 
10032 2107 2153 2152 
10033 5632 5877 2737 
10034 5387 5773 631 
10035 2093 2912 2095 
10036 1555 2842 1553 
10037 2153 2706 2583 
10038 2807 3794 2979 
10039 3401 6015 5931 
10040 2930 5594 2323 
10041 986 988 987 
10042 2628 5775 2629 
10043 3619 5656 4523 
10044 1716 5714 5707 
10045 2596 2598 2597 
10046 957 958 956 
10047 1560 5700 1558 
10048 3364 5973 4375 
10049 1140 1141 1139 
10050 2562 2564 2563 
10051 4798 5767 3281 
10052 2017 5610 2786 
10053 2774 5659 2268 
10054 928 5564 927 
10055 1859 5666 2098 
10056 2980 3717 2734 
10057 2606 2635 1448 
10058 3087 3088 2891 
10059 2226 5620 5548 
10060 884 914 913 
10061 4314 6278 3470 
10062 2350 5633 2928 
10063 5532 5676 3274 
10064 2780 3339 3338 
10065 943 952 942 
10066 3814 3948 3001 
10067 1151 2577 1461 
10068 5619 5746 643 
10069 5510 5774 3305 
10070 4238 6203 2867 
10071 507 5750 205 
10072 424 5662 5111 
10073 5391 5732 5688 
10074 2201 5748 2324 
10075 3990 6540 4710 
10076 548 6398 4210 
10077 948 5794 725 
10078 3765 3767 3766 
10079 1113 1119 1114 
10080 4260 6140 4531 
10081 4644 5897 4643 
10082 1150 1151 1145 
10083 906 5576 1993 
10084 3659 5697 5599 
10085 5319 5757 3235 
10086 1152 5728 2490 
10087 2043 2109 2042 
10088 3089 3479 3088 
10089 4444 6062 3299 
10090 3465 5746 3659 
10091 3307 5774 3661 
10092 1601 5641 3320 
10093 2589 2965 2587 
10094 137 6298 4182 
10095 1179 5691 1177 
10096 3200 5663 5361 
10097 3442 5796 3286 
10098 792 5733 5720 
10099 2586 2587 2573 
10100 1138 1139 1135 
10101 3282 5593 2052 
10102 1283 6591 4494 
10103 2049 5593 2051 
10104 5269 5896 3051 
10105 1353 1384 1352 
10106 4601 5950 992 
10107 4592 6604 3748 
10108 3880 3881 3879 
10109 2703 4825 2276 
10110 2129 5054 1507 
10111 2148 2746 2652 
10112 1579 5624 2048 
10113 2598 2600 2599 
10114 1192 1194 1193 
10115 914 944 915 
10116 2490 6158 1154 
10117 4699 5677 4318 
10118 2672 5673 2551 
10119 2056 5607 2058 
10120 2073 5678 1986 
10121 336 5790 485 
10122 3864 5689 1714 
10123 2807 2979 2808 
10124 5004 5679 5002 
10125 4622 5795 4556 
10126 1949 5683 1952 
10127 5809 5826 3698 
10128 959 961 960 
10129 3652 5667 3662 
10130 2947 3287 2715 
10131 5557 5722 3549 
10132 1466 1468 1467 
10133 1110 1113 1112 
10134 4240 6151 4239 
10135 1707 5602 1709 
10136 3877 5807 3428 
10137 3276 5602 1707 
10138 1190 1192 1191 
10139 2600 2807 2806 
10140 1423 1446 1445 
10141 2995 3483 2846 
10142 5897 5926 4643 
10143 3429 5976 4309 
10144 2842 5652 1553 
10145 4556 5795 4557 
10146 4706 5715 3155 
10147 1144 1145 1141 
10148 3907 5685 2672 
10149 2565 5676 5532 
10150 3281 5767 2848 
10151 2837 5624 1577 
10152 2001 2069 2000 
10153 2672 5685 5673 
10154 1127 1128 1125 
10155 2588 4524 2590 
10156 1144 1152 1150 
10157 2581 5891 5890 
10158 3718 6215 4441 
10159 2263 5684 2760 
10160 3263 5954 5943 
10161 4449 4693 2147 
10162 2717 5518 3489 
10163 963 964 961 
10164 2280 5629 2341 
10165 3672 5580 2949 
10166 3257 6161 5728 
10167 1116 1117 1115 
10168 2174 5607 3296 
10169 1301 5687 5646 
10170 4226 6378 4304 
10171 2093 2095 2094 
10172 5237 5675 3205 
10173 72 5814 71 
10174 1118 1120 1117 
10175 4692 5701 3586 
10176 988 996 995 
10177 2660 2925 2924 
10178 1453 5555 1452 
10179 4788 5717 3252 
10180 5599 5697 3258 
10181 643 5693 641 
10182 1577 5624 1579 
10183 1978 5690 5005 
10184 4217 6106 4161 
10185 913 5518 912 
10186 2988 5525 2987 
10187 754 5774 5510 
10188 1121 1124 1123 
10189 2606 3712 2636 
10190 1121 1122 1120 
10191 1999 2000 1998 
10192 3682 5715 5571 
10193 3226 5655 5415 
10194 2704 5815 2703 
10195 299 5822 298 
10196 2052 5593 2049 
10197 216 6211 477 
10198 946 985 980 
10199 5548 5675 5237 
10200 3330 6599 5983 
10201 3406 4186 3905 
10202 3258 5697 5316 
10203 5027 5799 1978 
10204 2142 2961 2349 
10205 2051 5593 2055 
10206 968 1437 966 
10207 832 5639 877 
10208 2651 5828 2650 
10209 5653 5660 3234 
10210 976 1998 974 
10211 2095 2142 2096 
10212 518 6211 215 
10213 1176 5578 1178 
10214 4213 5699 3693 
10215 4639 5930 5804 
10216 3794 3795 2979 
10217 2185 5688 2840 
10218 2842 5865 4994 
10219 346 5874 4373 
10220 389 5695 388 
10221 2845 2846 2046 
10222 2957 5703 2938 
10223 3114 5798 3250 
10224 3393 5672 2789 
10225 2760 5827 2761 
10226 2573 5591 2572 
10227 5417 5766 2443 
10228 4748 5876 5141 
10229 2643 5637 3425 
10230 1716 5707 2273 
10231 3866 6552 5130 
10232 3299 5658 2857 
10233 1709 5602 2060 
10234 2590 2592 2591 
10235 2405 5607 2056 
10236 2006 5564 942 
10237 1192 2075 1194 
10238 829 5669 2315 
10239 5378 5803 3685 
10240 942 5564 928 
10241 3295 5638 2030 
10242 2315 5639 830 
10243 3252 5717 5509 
10244 4239 6519 4241 
10245 959 960 958 
10246 4709 6240 491 
10247 2595 2793 2591 
10248 2469 2470 2336 
10249 2932 3765 3764 
10250 4226 6348 4039 
10251 4777 6468 6399 
10252 4012 4029 3171 
10253 4249 6348 522 
10254 4157 5765 3082 
10255 924 5637 923 
10256 2058 5607 2174 
10257 1209 2047 1285 
10258 3764 6150 3763 
10259 4775 5919 5749 
10260 1603 5635 1605 
10261 415 5839 307 
10262 2588 2589 2587 
10263 31 5709 32 
10264 5415 5655 3514 
10265 3597 6119 6075 
10266 728 5740 5733 
10267 927 5637 924 
10268 3003 3411 2793 
10269 3010 5968 4256 
10270 1496 1515 1514 
10271 2575 5846 5835 
10272 1452 5555 2007 
10273 1496 5850 1515 
10274 2313 5808 2312 
10275 3825 3930 3498 
10276 5620 5675 5548 
10277 4422 6044 4425 
10278 2845 5946 3674 
10279 910 5738 5576 
10280 1196 1385 1200 
10281 2854 5676 2565 
10282 3547 5551 3701 
10283 914 915 913 
10284 960 2606 1448 
10285 4399 6228 1436 
10286 2923 4524 2588 
10287 1114 1115 1112 
10288 2626 2711 2625 
10289 4187 5409 2977 
10290 4809 5857 5171 
10291 1160 1212 1159 
10292 3449 5754 1139 
10293 1110 5649 1113 
10294 1955 5712 2125 
10295 195 5823 446 
10296 559 5823 196 
10297 525 5874 347 
10298 2045 2221 1119 
10299 5646 5687 3656 
10300 3088 5456 2891 
10301 996 1423 1422 
10302 5703 5801 4537 
10303 1213 1341 1212 
10304 3450 5708 3815 
10305 986 1414 988 
10306 3659 5746 5619 
10307 1517 1518 1373 
10308 2638 2858 2857 
10309 5487 5816 3560 
10310 2977 5409 2821 
10311 2636 2638 2637 
10312 2030 5638 882 
10313 4250 6442 1513 
10314 211 5840 210 
10315 414 5841 413 
10316 49 5843 48 
10317 252 5842 251 
10318 965 967 966 
10319 2142 2349 2348 
10320 5663 5720 5361 
10321 2278 5793 5629 
10322 830 5639 832 
10323 965 966 964 
10324 4038 4249 4040 
10325 3732 3733 3017 
10326 3542 5816 5487 
10327 4179 5976 3430 
10328 4025 5761 4127 
10329 4452 4693 4449 
10330 5114 6159 538 
10331 293 5847 292 
10332 495 6425 4243 
10333 4492 5727 3422 
10334 2638 2857 2856 
10335 4105 5980 4109 
10336 3902 6454 6080 
10337 3906 6401 6389 
10338 5701 5808 3585 
10339 2897 3336 2662 
10340 985 986 980 
10341 631 5719 628 
10342 1132 3362 1130 
10343 1116 3742 1118 
10344 2009 5700 1560 
10345 1508 2063 2062 
10346 5571 5715 5343 
10347 2577 2579 2578 
10348 4221 5476 3334 
10349 3300 5900 3816 
10350 1341 5505 2725 
10351 471 6251 4061 
10352 1515 2019 2018 
10353 2975 5629 3880 
10354 2606 2636 2635 
10355 2596 5664 3698 
10356 2644 5858 2555 
10357 2917 5985 3328 
10358 2060 6547 6544 
10359 3295 5772 5638 
10360 1110 1112 1111 
10361 3650 6616 4146 
10362 3683 5931 4562 
10363 956 5664 953 
10364 2716 5657 2881 
10365 2800 5787 1942 
10366 2168 5869 2231 
10367 5361 5720 3289 
10368 2711 3163 2625 
10369 1585 5867 2206 
10370 2868 5867 2403 
10371 3598 6076 5157 
10372 2212 5869 2170 
10373 3954 5657 3297 
10374 2891 5456 2890 
10375 293 6090 5847 
10376 754 5794 5774 
10377 4274 6008 4275 
10378 884 5638 914 
10379 491 6292 4296 
10380 5343 5715 4706 
10381 953 5664 952 
10382 2349 2719 2718 
10383 2862 2969 2628 
10384 2236 5724 2308 
10385 3287 3288 2715 
10386 69 5862 68 
10387 1158 1159 1157 
10388 2595 3293 3003 
10389 3988 6356 3638 
10390 2579 2977 2821 
10391 972 973 971 
10392 4058 5861 4060 
10393 2222 2625 2221 
10394 923 5637 2643 
10395 2341 5629 2975 
10396 5576 5738 5536 
10397 3414 5961 3387 
10398 483 4140 132 
10399 1922 5729 1732 
10400 2237 5787 3051 
10401 1967 5979 1965 
10402 5669 6521 2315 
10403 2725 3857 2780 
10404 3374 5054 2129 
10405 2719 2993 2877 
10406 319 5884 318 
10407 2308 5730 3484 
10408 2904 5741 5634 
10409 5430 6187 3393 
10410 4094 6384 5983 
10411 3037 5499 4326 
10412 2653 2654 2149 
10413 4602 5950 4601 
10414 3553 5649 1108 
10415 5038 5906 2184 
10416 882 5638 884 
10417 1342 5505 1341 
10418 730 5733 792 
10419 3065 5661 4409 
10420 2719 2877 2876 
10421 3985 5901 3984 
10422 2034 2036 2035 
10423 1622 5779 5735 
10424 2040 2334 2333 
10425 1108 5649 1110 
10426 3282 5744 5593 
10427 1154 1157 1153 
10428 1452 2007 1498 
10429 3287 3817 3288 
10430 1367 5736 1364 
10431 5935 5957 3741 
10432 2587 5591 2573 
10433 1714 5689 5550 
10434 2879 3033 2891 
10435 5509 5717 2800 
10436 370 5888 369 
10437 2579 3378 2977 
10438 3710 5875 5832 
10439 1341 2725 2077 
10440 5593 5744 2055 
10441 1142 5542 1136 
10442 3320 5635 1603 
10443 3872 4277 3455 
10444 3296 5716 3543 
10445 4951 5977 492 
10446 2877 2879 2878 
10447 3768 6457 4497 
10448 5814 5863 3781 
10449 2020 2660 2245 
10450 3817 4045 3288 
10451 428 5863 73 
10452 2795 5739 3419 
10453 5410 6182 5877 
10454 5452 6019 2900 
10455 1407 5905 1396 
10456 2879 2891 2890 
10457 5724 5730 2308 
10458 1152 1153 1150 
10459 6139 6270 5401 
10460 4350 6004 4354 
10461 2711 3695 3163 
10462 2590 2591 2589 
10463 900 5838 897 
10464 6125 6167 3819 
10465 3927 5952 3926 
10466 2715 5718 2712 
10467 973 975 974 
10468 5144 5704 4990 
10469 4220 6398 3702 
10470 1359 1360 1358 
10471 1178 5578 2015 
10472 4734 5735 4884 
10473 4003 6571 6513 
10474 1124 5778 4399 
10475 1394 6015 4558 
10476 539 5892 4792 
10477 3660 4188 4187 
10478 360 5901 359 
10479 3187 5732 5391 
10480 4804 5915 2531 
10481 5438 6462 4141 
10482 1391 1404 1392 
10483 2007 2844 2046 
10484 1151 5681 2577 
10485 3319 5744 3282 
10486 4560 5873 3846 
10487 2965 5591 2587 
10488 4169 5900 3492 
10489 1136 1138 1135 
10490 4499 6163 5967 
10491 3027 5959 4577 
10492 1605 5635 2093 
10493 1363 5682 2164 
10494 2712 5718 2711 
10495 1349 1359 1358 
10496 2725 2780 2077 
10497 2093 5635 2912 
10498 2858 2859 2857 
10499 426 5745 160 
10500 3297 5657 2716 
10501 5027 5870 5799 
10502 687 5903 692 
10503 3265 5738 5478 
10504 952 5664 2596 
10505 2531 5915 681 
10506 1111 5674 2467 
10507 2732 5748 2201 
10508 1150 5681 1151 
10509 3368 3369 3007 
10510 4996 6374 4932 
10511 684 5915 687 
10512 184 5892 539 
10513 462 5892 185 
10514 2065 2183 2063 
10515 4465 5974 700 
10516 2845 3674 2995 
10517 1372 1391 1374 
10518 575 6294 343 
10519 4841 5950 4814 
10520 5638 5772 914 
10521 3378 3660 2977 
10522 2858 3001 2859 
10523 4787 5973 3364 
10524 5478 5738 910 
10525 1457 5555 1453 
10526 2037 2042 2035 
10527 2737 5877 3705 
10528 1124 1125 1123 
10529 400 5889 448 
10530 558 5889 401 
10531 3848 3849 3038 
10532 5215 5753 4174 
10533 5051 6134 3127 
10534 896 5838 3633 
10535 1159 1175 1157 
10536 1360 1363 1362 
10537 5550 5689 3270 
10538 1131 1132 1130 
10539 1134 1135 1132 
10540 948 5834 5803 
10541 269 5911 268 
10542 588 6057 590 
10543 1362 5736 2099 
10544 2069 2347 2345 
10545 1463 5972 4730 
10546 205 5750 204 
10547 967 969 968 
10548 948 5803 5794 
10549 5730 5758 3484 
10550 224 6305 225 
10551 3675 5773 5676 
10552 5464 5741 3354 
10553 2207 5811 1514 
10554 2736 2737 2603 
10555 2685 6040 1606 
10556 3798 5760 4979 
10557 4416 6301 3993 
10558 5376 5751 3278 
10559 1138 1140 1139 
10560 1508 2062 1486 
10561 3858 6304 3857 
10562 5634 5741 5464 
10563 1136 5542 1138 
10564 2317 6030 2318 
10565 1452 1498 1424 
10566 3458 5837 4244 
10567 3005 4232 4005 
10568 2032 2034 2033 
10569 4484 6566 1539 
10570 3235 5757 4295 
10571 3831 6192 4518 
10572 4095 6422 4089 
10573 3971 5322 3480 
10574 3484 5758 4361 
10575 332 6303 331 
10576 3657 5740 5510 
10577 338 6354 337 
10578 1126 1127 1125 
10579 1466 1509 1468 
10580 1366 1368 1367 
10581 3940 6290 4034 
10582 2845 2995 2846 
10583 2995 4022 3483 
10584 1155 5919 1148 
10585 5629 5793 3880 
10586 4328 5746 3465 
10587 5116 6038 4184 
10588 5715 5846 3155 
10589 5134 6518 3702 
10590 1129 1130 1127 
10591 992 5981 4601 
10592 3033 4004 3087 
10593 927 5791 5637 
10594 4682 5899 4686 
10595 5719 5769 627 
10596 1113 1114 1112 
10597 3879 5802 3262 
10598 5102 5764 5059 
10599 3323 5763 3772 
10600 2592 2595 2591 
10601 411 5914 510 
10602 565 5914 412 
10603 2312 5808 5701 
10604 1518 2032 2031 
10605 2595 3003 2793 
10606 2344 5929 1862 
10607 3260 6369 4431 
10608 1359 5682 1360 
10609 3064 5768 2307 
10610 2570 5759 2571 
10611 6349 6408 4010 
10612 5676 5773 3274 
10613 3322 5782 2101 
10614 2101 5782 2103 
10615 2936 5937 5018 
10616 4700 5791 5564 
10617 3270 5689 3847 
10618 2926 5945 3908 
10619 1114 1116 1115 
10620 3456 6145 5125 
10621 3372 6029 3564 
10622 5207 5929 3335 
10623 3274 5773 5387 
10624 2164 2603 1365 
10625 153 5777 152 
10626 1119 5756 1114 
10627 1423 1465 1446 
10628 2549 5936 4841 
10629 112 5776 111 
10630 967 968 966 
10631 5984 6016 3694 
10632 3398 6016 3755 
10633 2595 5692 3293 
10634 1341 2077 1212 
10635 2848 5767 4122 
10636 3082 5765 2733 
10637 3766 5852 3764 
10638 3155 5846 2575 
10639 3288 5718 2715 
10640 2447 5990 4771 
10641 3305 5774 3307 
10642 3337 3754 3336 
10643 3001 3002 2859 
10644 3033 3087 2891 
10645 3293 3681 3003 
10646 1448 5809 958 
10647 2912 5711 2095 
10648 3682 5846 5715 
10649 2158 5686 2065 
10650 5484 6560 4822 
10651 2594 5692 2592 
10652 5637 5791 3425 
10653 4774 5749 1498 
10654 956 5809 5664 
10655 2007 2046 1498 
10656 3250 5766 5417 
10657 5220 6478 4564 
10658 3469 3472 3471 
10659 1488 5949 1450 
10660 3755 5992 4796 
10661 4643 5926 1216 
10662 3648 5788 2940 
10663 1700 5965 3894 
10664 4231 6463 3804 
10665 1584 5542 1142 
10666 2142 5711 2961 
10667 4604 6037 2985 
10668 2103 5782 2107 
10669 1547 6084 4237 
10670 1122 5792 1176 
10671 1415 5972 1463 
10672 992 5936 771 
10673 5733 5740 3657 
10674 2055 5744 2405 
10675 4007 5968 3291 
10676 1465 1466 1446 
10677 769 5936 2549 
10678 2690 2691 2564 
10679 3280 5930 3376 
10680 2562 2563 2158 
10681 3507 5962 2702 
10682 2555 5870 5027 
10683 725 5794 754 
10684 1116 1118 1117 
10685 4424 6223 3319 
10686 4159 5779 4160 
10687 3368 3663 3369 
10688 2844 2845 2046 
10689 341 6132 340 
10690 5925 6027 2929 
10691 3685 5834 3686 
10692 4611 6169 434 
10693 4175 5799 4177 
10694 2275 5793 2278 
10695 2107 2640 2153 
10696 3286 5796 3743 
10697 546 5955 379 
10698 378 5955 465 
10699 186 5944 462 
10700 540 5944 187 
10701 3671 6003 4858 
10702 1942 5787 2237 
10703 914 5772 944 
10704 1518 2031 1373 
10705 4302 6008 4274 
10706 5835 5846 3683 
10707 3087 3089 3088 
10708 3787 5878 3256 
10709 2099 5736 3322 
10710 5377 5972 983 
10711 5745 6596 4819 
10712 4229 6527 3966 
10713 964 5726 961 
10714 5988 6450 1069 
10715 1118 1121 1120 
10716 3802 5883 3265 
10717 4209 5798 3114 
10718 2606 5726 3712 
10719 1121 1123 1122 
10720 3011 5968 3010 
10721 2060 6544 3864 
10722 3432 5896 4261 
10723 3171 5698 2736 
10724 5035 5964 5034 
10725 973 974 971 
10726 969 970 968 
10727 3051 5896 2742 
10728 3439 5977 3438 
10729 6389 6401 3495 
10730 5582 5939 3523 
10731 250 6345 6 
10732 4603 6068 4604 
10733 976 1999 1998 
10734 5006 5986 1278 
10735 961 5726 960 
10736 3278 5751 5502 
10737 3415 5991 3666 
10738 1194 5713 1196 
10739 4182 5957 509 
10740 3789 4151 4021 
10741 3262 5802 3878 
10742 6 6345 320 
10743 2075 5713 1194 
10744 2852 5931 3683 
10745 449 6420 21 
10746 4017 5973 3346 
10747 6223 6430 5716 
10748 4657 6066 3681 
10749 4533 6087 4663 
10750 5885 6455 2453 
10751 1281 5986 1340 
10752 22 6420 4427 
10753 4310 6003 3670 
10754 6222 6249 3706 
10755 1864 5988 1073 
10756 1070 5988 1069 
10757 3383 3384 1404 
10758 4337 6393 4338 
10759 1484 6495 6406 
10760 4392 5801 3692 
10761 4224 6349 4225 
10762 3428 5807 3569 
10763 3089 3480 3479 
10764 5834 5844 3686 
10765 5105 5993 1355 
10766 314 5998 313 
10767 4778 5975 1205 
10768 2365 6287 5563 
10769 3739 6174 4593 
10770 3284 5815 2704 
10771 2450 5990 2447 
10772 1524 6000 1525 
10773 4828 6071 2994 
10774 269 6245 5911 
10775 4416 6546 3108 
10776 1363 1364 1362 
10777 1196 5713 1385 
10778 3686 5844 3688 
10779 1176 5792 5578 
10780 1399 5993 1427 
10781 834 5984 778 
10782 57 5966 560 
10783 470 5966 58 
10784 443 6064 5300 
10785 2347 2980 2734 
10786 1515 5850 2020 
10787 2167 6000 2910 
10788 3661 5803 5378 
10789 5802 6500 3878 
10790 5109 5923 4813 
10791 2618 6005 3427 
10792 1112 5674 1111 
10793 5664 5809 3698 
10794 2221 5756 1119 
10795 2968 6269 6178 
10796 975 976 974 
10797 773 5981 992 
10798 4119 6345 571 
10799 2736 5698 2737 
10800 4869 6144 3677 
10801 838 5989 835 
10802 3351 3500 3350 
10803 3941 6004 3493 
10804 2694 6010 3445 
10805 3903 5694 3284 
10806 144 6018 143 
10807 2737 3705 2603 
10808 3466 5845 3342 
10809 4838 5939 5582 
10810 2589 5742 2965 
10811 5065 5995 5064 
10812 2095 5711 2142 
10813 3712 5731 2636 
10814 5555 5783 3329 
10815 967 6036 969 
10816 1863 6022 3431 
10817 3431 6010 2192 
10818 5413 5923 5109 
10819 3679 3741 2442 
10820 5901 6284 359 
10821 4338 6393 5743 
10822 2920 6020 2267 
10823 4214 5821 4213 
10824 3089 3707 3480 
10825 1366 1369 1368 
10826 472 6009 4134 
10827 2408 5951 2580 
10828 3496 5772 3295 
10829 500 6265 3927 
10830 4236 6084 1547 
10831 2793 5742 2591 
10832 2788 5956 4700 
10833 4395 6227 495 
10834 3778 6438 3414 
10835 3383 3727 3384 
10836 2034 2035 2033 
10837 71 5814 503 
10838 5502 5751 2866 
10839 4615 5866 3269 
10840 2922 6017 4292 
10841 5108 6017 5107 
10842 4956 6595 1385 
10843 1999 2001 2000 
10844 1140 1144 1141 
10845 5876 6295 5141 
10846 5670 6243 557 
10847 1506 6021 1472 
10848 1360 5682 1363 
10849 2580 5808 2313 
10850 4288 5816 3542 
10851 3413 6027 3412 
10852 2638 5731 2858 
10853 3530 5825 4489 
10854 4292 6028 3122 
10855 5844 5857 3688 
10856 5931 6015 4562 
10857 298 5822 504 
10858 3401 5931 2853 
10859 1424 5749 1397 
10860 4778 6049 5975 
10861 1907 5829 1905 
10862 2014 5925 2929 
10863 6164 6482 474 
10864 4444 6210 6062 
10865 2243 2244 2242 
10866 2711 5718 3695 
10867 960 5726 2606 
10868 5860 5908 4233 
10869 2866 5925 2012 
10870 569 6624 47 
10871 5505 5872 3858 
10872 1115 5674 1112 
10873 4150 5941 4148 
10874 3333 6190 4210 
10875 4343 6023 4130 
10876 3423 6022 5260 
10877 2974 6059 2973 
10878 5013 6042 2132 
10879 3404 6555 4242 
10880 2611 3368 3007 
10881 196 5823 195 
10882 4529 6062 1538 
10883 5057 6039 3198 
10884 2829 5828 2651 
10885 1352 5505 1342 
10886 5622 5942 5249 
10887 4281 6118 6000 
10888 6084 6160 3674 
10889 5065 6112 5993 
10890 881 6047 2061 
10891 4451 5853 4452 
10892 2761 5827 3085 
10893 4025 4125 2834 
10894 5565 5925 2866 
10895 2592 5692 2595 
10896 4106 6315 5980 
10897 2471 2661 2470 
10898 4733 5873 4560 
10899 2917 3328 2916 
10900 5564 5791 927 
10901 5690 5799 4175 
10902 1216 5832 1210 
10903 1144 1150 1145 
10904 5143 6358 2039 
10905 1369 1371 1370 
10906 178 6034 464 
10907 541 6034 179 
10908 1386 6230 1284 
10909 1402 5743 1389 
10910 1363 1365 1364 
10911 4382 6054 3217 
10912 5735 5779 4159 
10913 5943 5954 3967 
10914 5755 6522 3770 
10915 5624 5804 3279 
10916 1123 5792 1122 
10917 2961 5747 2349 
10918 3896 5927 3287 
10919 3424 6216 5967 
10920 1978 5799 5690 
10921 4809 5886 5857 
10922 3085 5831 3321 
10923 2032 2033 2031 
10924 1369 1370 1368 
10925 2546 5833 5544 
10926 1555 5865 2842 
10927 2660 2924 2245 
10928 4393 6545 4370 
10929 4029 5698 3171 
10930 5098 5834 948 
10931 2572 5865 2134 
10932 3902 6080 3941 
10933 4370 6419 4371 
10934 4464 6152 4463 
10935 3564 5820 3259 
10936 2978 3302 3301 
10937 3698 5894 2598 
10938 5799 5870 4177 
10939 3468 3469 3467 
10940 3294 5882 5674 
10941 5804 5930 3279 
10942 2636 5731 2638 
10943 567 6437 5842 
10944 1116 5756 3742 
10945 2468 6377 3024 
10946 1786 6050 3181 
10947 1391 3383 1404 
10948 3067 6065 3029 
10949 1103 6011 5419 
10950 5642 6083 1958 
10951 5919 6141 1148 
10952 2036 2038 2037 
10953 3443 5500 3075 
10954 4367 6473 3353 
10955 4289 6434 3744 
10956 2719 5747 2993 
10957 1371 1373 1372 
10958 593 6327 591 
10959 4850 5871 2548 
10960 1153 5681 1150 
10961 3816 6188 4414 
10962 839 6045 838 
10963 2615 6072 2902 
10964 274 6038 5116 
10965 497 6038 275 
10966 4777 5848 4776 
10967 1997 2084 1512 
10968 3321 5837 3458 
10969 2020 2021 2019 
10970 2116 6559 2400 
10971 4114 6023 4113 
10972 5827 5831 3085 
10973 1067 6054 5157 
10974 498 6560 5484 
10975 3269 5866 5610 
10976 4648 6307 2685 
10977 5592 5804 2837 
10978 2924 3347 2245 
10979 3952 6516 6499 
10980 918 5912 946 
10981 307 5839 306 
10982 3798 5932 5760 
10983 1437 5895 966 
10984 3935 5665 3932 
10985 116 6070 115 
10986 1445 5868 1422 
10987 574 6626 5840 
10988 5098 5844 5834 
10989 958 5809 956 
10990 5831 5837 3321 
10991 3259 3260 2847 
10992 2355 2752 2144 
10993 4593 6174 4740 
10994 4539 5855 3385 
10995 3217 6054 5181 
10996 4323 6186 506 
10997 2662 5785 2661 
10998 2650 6067 2648 
10999 534 6580 4327 
11000 5807 6539 4439 
11001 5511 5962 3344 
11002 897 5838 896 
11003 2563 5686 2158 
11004 566 6626 6029 
11005 1371 5994 1517 
11006 2161 6516 3952 
11007 994 5710 975 
11008 2040 2333 2038 
11009 4497 5928 2155 
11010 5214 6075 2943 
11011 3806 3998 2969 
11012 1688 5844 5098 
11013 2558 3263 2559 
11014 3424 5967 2970 
11015 356 6073 355 
11016 4512 5953 4300 
11017 3756 6361 4792 
11018 1365 1366 1364 
11019 2037 2043 2042 
11020 2274 5902 5793 
11021 292 5847 496 
11022 3749 6197 5750 
11023 581 5438 579 
11024 6060 6136 2693 
11025 5860 5933 5859 
11026 2575 5835 4697 
11027 527 6097 317 
11028 413 5841 565 
11029 210 5840 566 
11030 567 5842 252 
11031 568 5843 49 
11032 969 971 970 
11033 4310 6480 531 
11034 1153 5781 5681 
11035 2043 2558 2109 
11036 1389 1390 1384 
11037 3343 3468 3467 
11038 5794 5803 3661 
11039 1464 6217 4322 
11040 5157 6076 1071 
11041 319 6551 5884 
11042 3373 3782 3347 
11043 316 6097 494 
11044 3707 3971 3480 
11045 2635 5826 1448 
11046 1371 1372 1370 
11047 5832 5875 1354 
11048 1459 5783 1457 
11049 5905 6585 1396 
11050 3726 3830 3475 
11051 1539 6566 5927 
11052 2065 5686 2183 
11053 1175 5781 1157 
11054 4343 6387 526 
11055 2212 6342 5869 
11056 3644 6139 5216 
11057 2107 5782 2640 
11058 4198 4199 4197 
11059 1199 6231 1288 
11060 6243 6456 5295 
11061 5530 6347 507 
11062 75 6080 74 
11063 3653 6487 3713 
11064 6239 6307 4600 
11065 1515 2020 2019 
11066 2879 5771 3033 
11067 3976 6142 3978 
11068 5292 6063 53 
11069 52 6063 511 
11070 6166 6210 4443 
11071 2369 5940 2632 
11072 2837 5804 5624 
11073 2047 5864 1285 
11074 964 5895 5726 
11075 2693 3443 3075 
11076 2786 5940 2121 
11077 3979 6301 4427 
11078 3683 5846 3682 
11079 4899 6126 3803 
11080 567 6334 4266 
11081 3473 3726 3475 
11082 1688 5857 5844 
11083 1159 5789 1175 
11084 2067 2088 1527 
11085 2993 5771 2877 
11086 1114 5756 1116 
11087 2591 5742 2589 
11088 3962 3966 3965 
11089 3499 6131 5257 
11090 2746 3255 2652 
11091 420 6090 294 
11092 2349 5747 2719 
11093 5847 6090 3713 
11094 2336 5879 2334 
11095 5685 5938 3887 
11096 4038 4040 2988 
11097 505 6094 92 
11098 5738 5883 5536 
11099 4429 6159 3552 
11100 5171 5857 1688 
11101 69 6291 5862 
11102 4016 6574 2779 
11103 500 6098 169 
11104 3360 6011 5389 
11105 1441 5903 5630 
11106 2953 5858 2644 
11107 4212 6476 4214 
11108 442 6081 283 
11109 3501 3750 3500 
11110 4898 5873 455 
11111 4134 5861 4058 
11112 3005 4005 2990 
11113 5850 5917 3811 
11114 1999 2002 2001 
11115 2873 3844 2333 
11116 3365 5996 3672 
11117 2579 5780 3378 
11118 4270 6137 5909 
11119 1498 5749 1424 
11120 422 6109 172 
11121 6011 6432 5419 
11122 3959 6347 5530 
11123 2403 5867 1585 
11124 73 5863 72 
11125 1364 5736 1362 
11126 1209 5898 2047 
11127 2144 5734 2067 
11128 1385 5898 1200 
11129 68 5862 436 
11130 3504 6177 3481 
11131 5630 5903 4804 
11132 2170 5869 2168 
11133 4177 5870 4240 
11134 1804 6115 5174 
11135 4191 6403 6394 
11136 2642 6120 3249 
11137 5859 5933 3293 
11138 2020 2245 2021 
11139 3341 5904 4013 
11140 3892 6229 3568 
11141 4609 6154 3728 
11142 2924 3373 3347 
11143 535 6101 383 
11144 382 6101 427 
11145 1349 5864 1359 
11146 1470 1484 1435 
11147 3753 5876 4748 
11148 2605 2987 2314 
11149 3360 6587 6011 
11150 4791 6083 5642 
11151 347 5874 346 
11152 4183 6573 6145 
11153 1285 5864 1349 
11154 3702 6518 3700 
11155 2577 5780 2579 
11156 4737 6194 2539 
11157 4348 6224 162 
11158 2077 5789 1212 
11159 3639 6093 3025 
11160 2134 5865 1555 
11161 3633 6056 3268 
11162 4595 6312 4597 
11163 3347 5891 2245 
11164 2548 5871 2611 
11165 494 6445 5313 
11166 4385 6201 4383 
11167 5681 5780 2577 
11168 370 6449 5888 
11169 6541 6547 5602 
11170 48 6411 3 
11171 251 6412 7 
11172 8 6409 414 
11173 4 6410 211 
11174 1157 5781 1153 
11175 4678 5958 4680 
11176 877 6047 878 
11177 2036 2037 2035 
11178 3349 3350 2893 
11179 318 5884 527 
11180 5651 6413 6089 
11181 1202 6146 1211 
11182 2460 6149 2895 
11183 4136 6320 6181 
11184 5681 5781 5780 
11185 3265 5883 5738 
11186 3511 6102 3920 
11187 3752 5894 5826 
11188 2877 5771 2879 
11189 3793 5885 4650 
11190 3662 6111 2934 
11191 5612 6108 3247 
11192 607 6622 4465 
11193 3299 5806 5658 
11194 2611 5871 3368 
11195 4248 6013 3970 
11196 5067 6142 4882 
11197 4777 6399 5848 
11198 369 5888 444 
11199 2584 6114 2159 
11200 2953 6366 5060 
11201 5257 6131 3460 
11202 2564 5849 2563 
11203 409 6123 408 
11204 3180 6142 3976 
11205 4565 6205 4564 
11206 3302 6019 3972 
11207 4069 6199 6184 
11208 3688 5886 3689 
11209 5726 5895 3712 
11210 3371 3389 3388 
11211 426 6596 5745 
11212 3700 6207 3546 
11213 5930 5975 3376 
11214 3676 6144 4507 
11215 2692 2693 2691 
11216 2347 3757 2980 
11217 4009 5665 3935 
11218 2455 6168 4810 
11219 401 5889 400 
11220 5921 5990 3018 
11221 3498 5696 2735 
11222 6184 6199 3868 
11223 3711 5926 5897 
11224 5694 5815 3284 
11225 2731 3826 2972 
11226 3803 6355 3867 
11227 2069 5854 2347 
11228 2632 6031 2631 
11229 4084 6618 6355 
11230 185 5892 184 
11231 2470 5879 2336 
11232 3734 3735 3733 
11233 2653 2978 2654 
11234 4502 6226 2076 
11235 5129 6385 4534 
11236 4625 6207 419 
11237 4792 6361 539 
11238 2334 2873 2333 
11239 3492 5900 3300 
11240 5639 6557 6553 
11241 1212 5789 1159 
11242 5745 6262 159 
11243 2742 5896 3432 
11244 4168 6590 5888 
11245 2916 5692 2594 
11246 7 6412 344 
11247 3 6411 141 
11248 321 6409 8 
11249 118 6410 4 
11250 2020 5850 2660 
11251 3795 5971 2979 
11252 1457 5783 5555 
11253 968 5881 1437 
11254 3390 6212 4851 
11255 523 6298 138 
11256 501 5901 360 
11257 509 5957 5935 
11258 1528 5905 1407 
11259 2002 2003 2001 
11260 2646 6367 6288 
11261 3872 6340 4164 
11262 3165 5906 5038 
11263 1486 5887 1459 
11264 1468 5917 1496 
11265 3724 6108 5612 
11266 692 5903 1441 
11267 2873 3845 3844 
11268 3877 6392 5807 
11269 3728 6154 2889 
11270 975 5710 976 
11271 3438 6286 3436 
11272 5620 5897 5675 
11273 3518 6173 3720 
11274 5810 5994 1369 
11275 3163 5934 2625 
11276 6173 6251 471 
11277 1477 1504 1503 
11278 5610 5866 2786 
11279 4063 6194 4737 
11280 5514 6221 3251 
11281 299 6380 5822 
11282 4984 6534 2161 
11283 6064 6490 5300 
11284 5010 6302 5091 
11285 5675 5897 4644 
11286 5826 5894 3698 
11287 2467 5882 3895 
11288 439 6539 5807 
11289 2271 6600 2655 
11290 2272 2862 2628 
11291 4069 6611 4223 
11292 3783 6100 3494 
11293 2572 6079 5865 
11294 4253 6266 3384 
11295 2062 5887 1486 
11296 515 5907 4077 
11297 4038 6348 4249 
11298 681 5915 684 
11299 5622 6534 5942 
11300 5674 5882 2467 
11301 2001 5854 2069 
11302 3907 5938 5685 
11303 3926 5952 4157 
11304 3786 6255 3788 
11305 2691 5849 2564 
11306 1493 1510 1440 
11307 5565 6027 5925 
11308 2856 6155 2637 
11309 1200 5898 1209 
11310 3199 6264 4889 
11311 2042 6099 2035 
11312 2161 6534 6516 
11313 412 5914 411 
11314 4463 6152 5918 
11315 268 5911 443 
11316 3024 6304 4340 
11317 3515 6333 4598 
11318 3165 5920 5906 
11319 3363 6482 3791 
11320 4814 5950 4602 
11321 479 6318 4101 
11322 4300 5953 3775 
11323 4004 5817 3087 
11324 5536 5883 3397 
11325 4443 6210 4444 
11326 3804 6441 4231 
11327 3581 6202 5091 
11328 4859 6219 4932 
11329 5095 6194 3520 
11330 4640 6605 4632 
11331 5806 5974 5658 
11332 2031 5813 1373 
11333 6550 6565 3955 
11334 5791 5956 3425 
11335 3548 6207 4625 
11336 5018 5920 3165 
11337 4676 5958 4678 
11338 3584 6233 4502 
11339 2693 3075 2691 
11340 3757 3758 2980 
11341 3472 5705 3473 
11342 4047 6536 6098 
11343 489 6246 4313 
11344 5658 6209 2856 
11345 970 5881 968 
11346 5797 6433 3939 
11347 2972 5800 3343 
11348 208 6183 563 
11349 566 6183 209 
11350 5433 6125 3819 
11351 2558 3264 3263 
11352 4625 6447 4540 
11353 2023 2581 2117 
11354 2654 6117 2149 
11355 4373 6623 572 
11356 3275 6134 2941 
11357 5030 6051 415 
11358 506 6186 256 
11359 255 6186 554 
11360 2661 3405 2470 
11361 2582 6491 6310 
11362 3950 6311 3951 
11363 454 6219 4921 
11364 2598 5894 2600 
11365 4546 6569 4547 
11366 5369 6278 467 
11367 4116 6285 569 
11368 3959 6523 4162 
11369 3705 5994 5810 
11370 1366 5810 1369 
11371 1397 5919 1155 
11372 2002 2148 2003 
11373 5823 6360 446 
11374 485 5824 335 
11375 535 6530 4301 
11376 6096 6163 2880 
11377 4456 6370 534 
11378 4994 6079 4993 
11379 2184 6612 4854 
11380 3955 6565 3838 
11381 559 6275 4492 
11382 579 4140 483 
11383 2844 5946 2845 
11384 1170 6500 1283 
11385 203 6197 481 
11386 4584 6597 4585 
11387 5793 5902 3880 
11388 3880 5902 3881 
11389 946 5912 985 
11390 145 6240 524 
11391 6513 6571 516 
11392 4736 5982 1274 
11393 4249 6204 4040 
11394 6080 6454 428 
11395 3508 6121 3283 
11396 2807 6103 3794 
11397 495 6227 304 
11398 303 6227 543 
11399 1862 5929 5207 
11400 4001 5982 4736 
11401 3075 5849 2691 
11402 2549 5923 5413 
11403 4073 6455 5885 
11404 5884 6551 4119 
11405 2603 5810 1365 
11406 6013 6588 3970 
11407 5633 6056 3628 
11408 491 6240 146 
11409 1146 6141 1584 
11410 3985 6284 5901 
11411 5484 6302 5036 
11412 3710 5926 3711 
11413 3402 5970 3403 
11414 478 5983 4092 
11415 3699 6371 3898 
11416 3664 6198 3497 
11417 966 5895 964 
11418 2315 6557 5639 
11419 5911 6245 4027 
11420 2900 5438 581 
11421 3706 6249 3340 
11422 4363 5932 3798 
11423 3256 5878 3255 
11424 1373 5813 1372 
11425 5812 6444 4376 
11426 345 6388 1 
11427 5778 6156 4399 
11428 2271 2314 2203 
11429 3711 5897 5620 
11430 2031 5997 5813 
11431 1372 5813 1391 
11432 2334 5879 2873 
11433 3263 5943 2559 
11434 4593 6214 3739 
11435 3089 5817 3707 
11436 4053 6295 5876 
11437 5035 6450 5988 
11438 3387 5961 3703 
11439 1496 5917 5850 
11440 4849 6185 3453 
11441 1543 2155 2154 
11442 1459 5887 5783 
11443 4700 5956 5791 
11444 1 6388 9 
11445 3748 5937 2936 
11446 3336 5785 2662 
11447 1607 5969 4436 
11448 3713 6487 5847 
11449 699 6324 595 
11450 3264 3835 3446 
11451 6219 6583 4921 
11452 2867 6203 2330 
11453 2475 6049 4778 
11454 3894 6025 1699 
11455 2332 6203 2982 
11456 5857 5886 3688 
11457 3947 6585 5905 
11458 5209 6242 3865 
11459 2661 3406 3405 
11460 771 5936 769 
11461 465 6417 5110 
11462 2992 6501 2344 
11463 4662 6041 3861 
11464 1105 6139 5401 
11465 505 6383 4673 
11466 2012 5925 2014 
11467 2364 6274 2363 
11468 1389 5743 1390 
11469 2661 5785 3406 
11470 2038 5922 2037 
11471 1512 5818 1470 
11472 3643 6244 4238 
11473 796 6226 799 
11474 3523 5939 4196 
11475 2076 6226 794 
11476 1607 6040 5969 
11477 3993 6301 3979 
11478 5249 5942 3839 
11479 997 5948 1444 
11480 257 6238 506 
11481 3356 5945 2926 
11482 3705 5810 2603 
11483 1173 6436 1202 
11484 1391 5813 3383 
11485 5749 5919 1397 
11486 3279 5930 3280 
11487 3356 5964 5945 
11488 5648 5918 3320 
11489 4355 6220 466 
11490 4854 6603 1528 
11491 3264 3446 3263 
11492 187 5944 186 
11493 1537 5949 1488 
11494 2355 5770 2752 
11495 3930 5696 3498 
11496 42 5947 480 
11497 1365 5810 1366 
11498 3647 6170 6032 
11499 3527 6604 4592 
11500 2206 6252 4216 
11501 3087 5817 3089 
11502 4408 6271 2183 
11503 5602 6547 2060 
11504 3298 5951 2408 
11505 1509 5917 1468 
11506 2932 5943 3765 
11507 2221 5934 5756 
11508 5559 6092 3276 
11509 5590 6581 6012 
11510 5651 6089 3658 
11511 549 6245 270 
11512 3574 3696 3573 
11513 2559 5943 2932 
11514 2915 2916 2594 
11515 158 6262 498 
11516 1527 5830 1493 
11517 4821 6262 5745 
11518 4548 6128 4553 
11519 193 6257 192 
11520 4989 6257 193 
11521 2853 5931 2852 
11522 4348 6276 3690 
11523 4334 6188 433 
11524 3748 6175 4591 
11525 4021 5878 3787 
11526 3691 6276 4212 
11527 2765 4198 4197 
11528 3789 4021 3787 
11529 2655 6408 4224 
11530 5869 6342 3994 
11531 3493 6004 4350 
11532 170 6265 500 
11533 4499 6216 2097 
11534 3574 3697 3696 
11535 3328 5860 5859 
11536 1619 6321 4834 
11537 2347 5854 3757 
11538 358 6284 439 
11539 3526 6604 3527 
11540 2121 5940 2369 
11541 2118 6343 2754 
11542 1504 6363 6316 
11543 5942 5978 3839 
11544 4835 6473 4367 
11545 147 6292 491 
11546 379 5955 378 
11547 3525 6237 5596 
11548 4087 6192 3833 
11549 4796 5992 3684 
11550 4980 6292 148 
11551 4623 6616 3650 
11552 315 6283 314 
11553 3430 5976 3429 
11554 4055 6164 474 
11555 3778 6130 5291 
11556 5127 5958 435 
11557 5563 6287 3637 
11558 5072 6528 3919 
11559 3287 5927 3817 
11560 3870 6105 5667 
11561 5063 5960 461 
11562 3474 6107 4314 
11563 6222 6358 5143 
11564 5731 6035 3814 
11565 580 6007 1516 
11566 3346 5973 4787 
11567 3796 6488 4777 
11568 5034 5964 3356 
11569 5862 6291 3823 
11570 4854 6612 6603 
11571 142 6397 5 
11572 4681 6322 5899 
11573 4383 6201 4384 
11574 2883 6328 3390 
11575 143 5963 142 
11576 1965 5979 2557 
11577 3946 6206 2253 
11578 3886 5965 1700 
11579 2847 5770 2355 
11580 5692 5859 3293 
11581 4371 6419 6247 
11582 6178 6269 4520 
11583 2148 2149 2003 
11584 5813 5997 3383 
11585 2148 2652 2149 
11586 3665 6329 6130 
11587 4424 6430 6223 
11588 197 6275 559 
11589 469 6275 198 
11590 3747 6175 3748 
11591 5294 6453 4051 
11592 3765 3967 3767 
11593 5102 6151 5764 
11594 5 6397 212 
11595 4948 6346 2584 
11596 6406 6495 4338 
11597 5293 6373 3893 
11598 5807 6392 439 
11599 3017 5985 2917 
11600 983 5972 1415 
11601 2666 6296 3533 
11602 1699 6025 4542 
11603 3291 5968 3011 
11604 4218 6314 3937 
11605 58 5966 57 
11606 3755 6016 5989 
11607 1405 6266 1439 
11608 2554 6535 5588 
11609 2916 5859 5692 
11610 2752 5734 2144 
11611 3760 6269 3759 
11612 2231 6404 5067 
11613 3041 6339 2838 
11614 3453 6185 5549 
11615 3448 6043 4372 
11616 5031 6051 5030 
11617 503 6291 70 
11618 1205 5975 4639 
11619 4720 6270 6139 
11620 4631 5977 3439 
11621 3614 6302 5484 
11622 3780 6416 3781 
11623 3441 5946 2844 
11624 4878 5980 2602 
11625 579 5438 4140 
11626 3406 3779 3405 
11627 2970 5967 3802 
11628 4049 6505 6289 
11629 3839 5978 3955 
11630 4969 6167 6125 
11631 5130 6361 3866 
11632 2702 5962 5511 
11633 3972 6019 5452 
11634 2625 5934 2221 
11635 3108 6342 2465 
11636 3846 6352 3714 
11637 4186 6234 3905 
11638 4234 6193 3848 
11639 3663 5910 3369 
11640 5888 6449 4169 
11641 3320 5918 5635 
11642 1274 5982 5006 
11643 3413 6053 6027 
11644 3782 5890 3347 
11645 1384 5872 1352 
11646 6288 6367 3849 
11647 775 5981 773 
11648 3773 6456 6243 
11649 3503 6033 4050 
11650 985 6165 986 
11651 3929 6446 3771 
11652 3418 5995 5991 
11653 3328 5859 2916 
11654 4216 6543 3041 
11655 1528 6603 6577 
11656 5781 6001 5780 
11657 5822 6380 4555 
11658 1278 5986 1281 
11659 5975 6049 3376 
11660 3775 5953 3367 
11661 778 5984 775 
11662 6156 6228 4399 
11663 5967 6216 4499 
11664 3425 5956 3673 
11665 6011 6587 3923 
11666 3739 6214 5539 
11667 526 6387 114 
11668 2756 6615 3298 
11669 1073 5988 1070 
11670 4522 6178 4521 
11671 775 5984 5981 
11672 3983 6433 3982 
11673 2946 6366 2953 
11674 4818 6596 4018 
11675 2979 5971 3379 
11676 835 5989 834 
11677 543 6567 4567 
11678 4597 6312 5912 
11679 6285 6624 569 
11680 3241 6326 2607 
11681 3418 5991 3415 
11682 113 6387 493 
11683 3984 6366 3093 
11684 125 6246 124 
11685 1503 5851 1543 
11686 4063 6251 6194 
11687 560 6452 5289 
11688 3018 5990 2450 
11689 2021 5891 2023 
11690 5072 6582 6528 
11691 4222 6571 3740 
11692 4993 6196 4995 
11693 4045 6620 2353 
11694 2354 6463 4231 
11695 3771 6259 5742 
11696 1355 5993 1399 
11697 5064 5995 3418 
11698 2652 2653 2149 
11699 3941 6502 6004 
11700 313 5998 453 
11701 2044 6509 2045 
11702 4585 6473 5357 
11703 1354 6475 1201 
11704 5603 6001 1175 
11705 976 5836 1999 
11706 437 6380 300 
11707 3963 6334 4415 
11708 2037 5922 2043 
11709 4378 6032 5849 
11710 357 6392 356 
11711 1525 6000 2167 
11712 3670 6003 3671 
11713 1517 6424 1518 
11714 93 6383 505 
11715 3923 6432 6011 
11716 4518 6107 3474 
11717 1437 6035 5895 
11718 3924 6477 3776 
11719 2061 6389 2311 
11720 5660 6179 3841 
11721 918 6331 5912 
11722 3892 6325 6229 
11723 4562 6015 1394 
11724 2862 3806 2969 
11725 3874 6365 2701 
11726 2653 3009 2978 
11727 2245 5891 2021 
11728 2067 5734 2088 
11729 502 6385 85 
11730 534 6370 280 
11731 279 6370 418 
11732 5750 6197 204 
11733 3367 5996 3365 
11734 3694 6016 3398 
11735 3740 6517 4222 
11736 2616 6005 2618 
11737 5635 5918 2912 
11738 2243 2442 2244 
11739 3825 6452 4002 
11740 2640 6414 6379 
11741 4639 5975 5930 
11742 2240 2243 2242 
11743 561 6373 397 
11744 396 6373 5293 
11745 84 6385 5129 
11746 2616 6014 6005 
11747 3473 5705 3726 
11748 226 6009 472 
11749 4564 6478 4429 
11750 3293 5933 3681 
11751 5953 5996 3367 
11752 5590 6012 3322 
11753 2880 6163 1565 
11754 5865 6079 4994 
11755 305 6425 495 
11756 2192 6010 2694 
11757 4659 6629 3859 
11758 838 6045 5992 
11759 4943 6550 3169 
11760 969 6036 972 
11761 3996 6360 5823 
11762 3844 5922 2333 
11763 477 6588 6013 
11764 4465 6622 5971 
11765 5756 5934 3742 
11766 2541 6014 2616 
11767 3344 6405 2991 
11768 2084 5819 5818 
11769 5542 6325 3257 
11770 5389 6011 1103 
11771 477 6013 4095 
11772 1382 6585 1418 
11773 6566 6620 3817 
11774 3406 3905 3779 
11775 5044 6524 2217 
11776 2287 6455 2705 
11777 524 6018 144 
11778 5780 6001 3378 
11779 2541 6020 6014 
11780 2856 6209 6155 
11781 544 6449 371 
11782 5107 6017 2922 
11783 531 6480 107 
11784 496 6447 291 
11785 2973 6030 2317 
11786 6103 6155 3794 
11787 1352 5872 5505 
11788 3861 6041 3860 
11789 4003 6513 4491 
11790 3680 4031 3679 
11791 4567 6567 3862 
11792 2267 6020 2541 
11793 3672 6157 5580 
11794 3678 3680 3679 
11795 1999 5836 2002 
11796 1472 6021 1718 
11797 4163 6029 3372 
11798 3326 6608 2641 
11799 6263 6390 6147 
11800 3405 5879 2470 
11801 165 6476 164 
11802 447 6329 5290 
11803 2003 5854 2001 
11804 536 6248 366 
11805 5260 6022 1863 
11806 2692 6060 2693 
11807 5313 6445 3797 
11808 162 6224 161 
11809 5215 6248 536 
11810 4577 5959 5714 
11811 365 6519 364 
11812 5710 5836 976 
11813 3340 6189 5603 
11814 4130 6023 4114 
11815 3929 6510 6446 
11816 167 6536 425 
11817 3681 6066 3003 
11818 3021 6499 3023 
11819 3944 6492 3020 
11820 4775 6141 5919 
11821 1606 6040 1607 
11822 3947 6577 3837 
11823 334 6026 333 
11824 3818 6180 2958 
11825 3122 6028 3448 
11826 90 6526 434 
11827 6615 6629 3298 
11828 5942 6534 4984 
11829 4051 6127 3983 
11830 281 6580 534 
11831 2084 5818 1512 
11832 3328 5908 5860 
11833 76 6502 75 
11834 5288 6372 558 
11835 3684 6058 3407 
11836 463 6530 385 
11837 384 6530 535 
11838 2256 6232 3049 
11839 3427 6112 5065 
11840 6252 6543 4216 
11841 6089 6413 2754 
11842 2985 6037 3058 
11843 5132 6024 432 
11844 5806 6062 4529 
11845 4425 6044 4569 
11846 572 6623 4104 
11847 3907 6501 5938 
11848 5977 6458 492 
11849 3445 6118 4281 
11850 4612 6094 4613 
11851 3873 6479 5425 
11852 3407 6069 3502 
11853 570 6397 5963 
11854 4347 6522 5755 
11855 1283 6500 5802 
11856 3528 6064 4152 
11857 3860 6169 3457 
11858 179 6034 178 
11859 6015 6082 4558 
11860 3259 5820 3260 
11861 2125 6039 5057 
11862 1562 6468 2009 
11863 4342 6113 5712 
11864 4491 6429 3559 
11865 6268 6602 5122 
11866 4138 6448 3774 
11867 1390 5872 1384 
11868 3198 6582 5072 
11869 3664 6574 6470 
11870 461 6431 5083 
11871 275 6038 274 
11872 2631 6031 2646 
11873 2987 3574 3573 
11874 3181 6042 5013 
11875 5116 6382 417 
11876 3762 6309 5520 
11877 3575 6136 6060 
11878 5130 6552 424 
11879 6069 6078 3502 
11880 5662 6552 3969 
11881 2088 5830 1527 
11882 4267 6381 6294 
11883 3826 5800 2972 
11884 5654 6383 94 
11885 1130 6110 1127 
11886 4253 6363 6266 
11887 5299 6138 564 
11888 5895 6035 3712 
11889 2333 5922 2038 
11890 6045 6058 3684 
11891 6316 6363 4253 
11892 554 6395 4415 
11893 5871 6217 3368 
11894 6058 6069 3407 
11895 5851 5852 2155 
11896 3502 6078 5496 
11897 842 6045 839 
11898 3843 6441 2904 
11899 6589 6593 3815 
11900 1470 5818 1484 
11901 1703 6068 4603 
11902 5322 6263 2925 
11903 3851 6461 5706 
11904 3751 6059 2974 
11905 3648 6279 5788 
11906 3733 5985 3017 
11907 4227 6378 4226 
11908 3731 6243 5670 
11909 3353 6497 2604 
11910 6028 6043 3448 
11911 3923 6587 3027 
11912 4365 6423 551 
11913 3343 5800 3468 
11914 3851 6621 6461 
11915 3717 6472 3949 
11916 1128 6402 1125 
11917 3412 6027 5565 
11918 2685 6307 6100 
11919 537 6268 5122 
11920 3735 3945 3733 
11921 4491 6513 6429 
11922 3952 6050 1786 
11923 5700 6520 4510 
11924 3853 6051 3277 
11925 5894 6103 2600 
11926 440 6052 40 
11927 1128 6466 6402 
11928 2678 6522 4347 
11929 3577 6344 2466 
11930 5743 6393 1390 
11931 3916 6450 5035 
11932 842 6058 6045 
11933 4585 6597 6497 
11934 3299 6062 5806 
11935 5849 6032 2563 
11936 5181 6054 1067 
11937 6250 6356 3988 
11938 6006 6570 3782 
11939 3811 6055 2925 
11940 4464 6247 6152 
11941 2995 6160 4022 
11942 1369 5994 1371 
11943 3879 6591 5802 
11944 3680 6006 4031 
11945 1703 6088 6068 
11946 878 6047 881 
11947 1528 6577 5905 
11948 3383 5997 3727 
11949 3457 6169 4611 
11950 3850 6621 3851 
11951 4686 6431 4687 
11952 2982 6293 2983 
11953 431 6429 4086 
11954 234 6061 235 
11955 2244 5893 2765 
11956 5271 6058 842 
11957 1997 5913 2084 
11958 6193 6288 3848 
11959 590 6057 722 
11960 3752 6103 5894 
11961 2243 3678 2442 
11962 2405 6223 5716 
11963 5937 6604 3526 
11964 3376 6049 3508 
11965 3916 6464 6450 
11966 4308 6065 3067 
11967 3500 3575 3350 
11968 6006 6007 4031 
11969 3369 5910 3371 
11970 3915 6464 3916 
11971 3260 5770 2847 
11972 965 6510 967 
11973 4040 5525 2988 
11974 3014 6085 2256 
11975 5918 6152 2912 
11976 5111 6253 541 
11977 2125 6113 6039 
11978 53 6063 52 
11979 2033 5997 2031 
11980 799 6267 800 
11981 2829 6295 5828 
11982 115 6070 526 
11983 700 5974 5806 
11984 3770 6522 5640 
11985 2648 6067 2868 
11986 4210 6398 4220 
11987 5113 6190 442 
11988 2442 5893 2244 
11989 6019 6462 2900 
11990 6196 6259 4995 
11991 3781 6416 5814 
11992 2929 6053 2930 
11993 3141 6077 6071 
11994 3702 6398 5242 
11995 4191 6394 4121 
11996 5761 6515 4127 
11997 550 6619 5132 
11998 5861 6339 3041 
11999 3938 6493 3934 
12000 5639 6553 877 
12001 355 6073 528 
12002 3769 6466 3770 
12003 3869 6077 3141 
12004 944 6331 915 
12005 3141 6071 4828 
12006 4045 6317 3288 
12007 3915 6474 6464 
12008 5271 6069 6058 
12009 1493 5830 1510 
12010 3599 6075 5214 
12011 3704 6074 4731 
12012 4204 6575 3850 
12013 2987 3573 2314 
12014 1543 5851 2155 
12015 3802 6163 6096 
12016 6078 6104 5496 
12017 1071 6076 3599 
12018 2183 6271 2063 
12019 4958 6474 3915 
12020 4547 6128 4548 
12021 2609 6078 6069 
12022 2609 6069 5271 
12023 5938 6501 2992 
12024 4286 6257 4989 
12025 2203 5913 1997 
12026 3271 6072 2615 
12027 3599 6076 6075 
12028 4426 6106 4217 
12029 6074 6115 1804 
12030 5741 6441 3804 
12031 1504 5851 1503 
12032 3814 6225 3948 
12033 563 6523 5530 
12034 1704 6088 1703 
12035 5777 6352 529 
12036 2925 6263 2924 
12037 3836 6586 3947 
12038 283 6081 282 
12039 74 6080 428 
12040 3878 6451 3751 
12041 3268 6056 5633 
12042 988 6250 996 
12043 4958 6485 6474 
12044 2132 6485 4958 
12045 3980 6238 4087 
12046 459 6301 4416 
12047 4534 6087 4533 
12048 2902 6432 3923 
12049 5496 6104 4522 
12050 3384 6266 1404 
12051 3483 6578 3892 
12052 2563 6032 5686 
12053 1123 6402 5792 
12054 5489 6078 2609 
12055 2023 5891 2581 
12056 3819 6167 3818 
12057 4370 6545 6419 
12058 4733 6396 5873 
12059 5784 6319 561 
12060 5912 6331 4597 
12061 3322 6012 5782 
12062 294 6090 293 
12063 5303 6334 567 
12064 5029 6313 5031 
12065 1175 6001 5781 
12066 2893 6060 2692 
12067 5530 6523 3959 
12068 6095 6335 3696 
12069 5933 5948 3681 
12070 3678 3679 2442 
12071 1218 6092 5559 
12072 2941 6134 5051 
12073 6095 6289 3754 
12074 5018 6608 5920 
12075 3658 6089 3639 
12076 3712 6035 5731 
12077 3003 6066 3411 
12078 3276 6541 5602 
12079 557 6243 5295 
12080 92 6094 91 
12081 124 6246 489 
12082 3271 6124 6072 
12083 3788 6162 3790 
12084 3982 6433 5797 
12085 5647 6564 3829 
12086 3765 5943 3967 
12087 3446 5954 3263 
12088 317 6097 316 
12089 3025 6093 3870 
12090 4352 6220 4355 
12091 169 6098 168 
12092 5821 6258 425 
12093 4510 6625 4509 
12094 1192 6549 2075 
12095 3975 6171 3930 
12096 2724 6426 6091 
12097 3914 6435 4653 
12098 2159 6114 2554 
12099 3665 6504 3005 
12100 4932 6374 5526 
12101 3340 6249 6189 
12102 383 6101 382 
12103 3255 5909 2652 
12104 2943 6119 3704 
12105 3476 6082 3401 
12106 4596 6297 4600 
12107 3969 6552 3866 
12108 331 6234 330 
12109 3704 6119 6115 
12110 6186 6395 554 
12111 575 6437 4267 
12112 172 6109 171 
12113 5063 6236 5960 
12114 1444 5948 5933 
12115 1958 6083 5612 
12116 2033 6099 5997 
12117 5920 6608 3326 
12118 5905 6577 3947 
12119 3528 6490 6064 
12120 1427 6112 3667 
12121 2934 6111 2968 
12122 3574 6086 3697 
12123 5997 6099 3727 
12124 3906 6102 3511 
12125 555 6107 5302 
12126 3247 6108 5405 
12127 4188 6249 6222 
12128 2873 6129 3845 
12129 1218 6146 6092 
12130 4083 6114 4080 
12131 6145 6573 497 
12132 3454 6145 3456 
12133 5591 6079 2572 
12134 4427 6301 459 
12135 4414 6188 4334 
12136 3494 6100 3496 
12137 4108 6315 4106 
12138 4511 6210 6166 
12139 2706 5916 2731 
12140 5839 6425 306 
12141 5174 6115 3421 
12142 3249 6104 5489 
12143 1444 5933 5860 
12144 3319 6223 5744 
12145 5873 6396 455 
12146 2581 5987 2117 
12147 2910 6118 5108 
12148 6115 6119 3421 
12149 2868 6507 4245 
12150 3029 6359 3028 
12151 3421 6119 3597 
12152 5802 6591 1283 
12153 2968 6120 2642 
12154 3857 6428 2780 
12155 4478 6153 4477 
12156 3816 6598 6188 
12157 4034 6290 4546 
12158 25 6122 26 
12159 3730 6126 4899 
12160 4322 6217 5871 
12161 5489 6104 6078 
12162 5764 6494 2953 
12163 5405 6116 916 
12164 408 6123 487 
12165 6130 6337 3665 
12166 6116 6125 916 
12167 4598 6333 6165 
12168 4304 6378 573 
12169 5216 6139 1105 
12170 3469 6143 3472 
12171 5854 6117 3757 
12172 1154 6158 1158 
12173 6141 6229 1584 
12174 3936 6123 4218 
12175 437 6351 4716 
12176 4676 6443 5958 
12177 6004 6502 547 
12178 6108 6116 5405 
12179 467 6278 5297 
12180 4036 6124 3271 
12181 6079 6196 4993 
12182 2958 6180 3738 
12183 2217 6524 5978 
12184 5792 6402 3918 
12185 2558 6148 3264 
12186 2600 6103 2807 
12187 5120 6153 546 
12188 1127 6110 1128 
12189 5782 6012 2640 
12190 3460 6131 4627 
12191 4531 6140 4532 
12192 2117 5987 2240 
12193 2003 6117 5854 
12194 4324 6190 3333 
12195 916 6125 5433 
12196 3802 6096 5883 
12197 5965 6405 3344 
12198 2652 5909 2653 
12199 5667 6105 3662 
12200 3283 6121 3319 
12201 6063 6564 511 
12202 3770 6506 5755 
12203 3939 6138 3938 
12204 326 6204 325 
12205 166 6258 165 
12206 6030 6157 3672 
12207 5291 6130 447 
12208 2994 6280 4719 
12209 3476 6135 6082 
12210 1148 6141 1146 
12211 4740 6174 2454 
12212 3954 6235 5657 
12213 996 6471 1423 
12214 3443 6572 4251 
12215 3553 6503 5649 
12216 1532 6320 4136 
12217 6002 6505 484 
12218 4068 6199 4069 
12219 2765 5893 4198 
12220 3904 6469 6024 
12221 6051 6511 415 
12222 3754 6002 3336 
12223 6127 6138 3939 
12224 1465 6584 1466 
12225 3371 5910 3389 
12226 4143 6630 449 
12227 4232 6504 3777 
12228 3715 6352 5777 
12229 2754 6413 5340 
12230 4719 6270 4720 
12231 3393 6187 5672 
12232 568 6376 4559 
12233 2653 5909 3009 
12234 4084 6355 514 
12235 2154 5928 2272 
12236 4882 6142 3180 
12237 4521 6178 4520 
12238 4810 6149 2460 
12239 4441 6166 4443 
12240 4151 6391 4021 
12241 3677 6144 3676 
12242 2953 6494 5858 
12243 5712 6113 2125 
12244 1516 6007 6006 
12245 2314 5913 2203 
12246 1538 6210 4511 
12247 3804 6627 3352 
12248 2754 6343 6089 
12249 2363 6274 6105 
12250 6027 6053 2929 
12251 3743 6179 5660 
12252 1211 6146 1218 
12253 586 6200 588 
12254 3163 6156 5934 
12255 5912 6312 985 
12256 5958 6443 435 
12257 4834 6321 6093 
12258 2640 6379 2153 
12259 3748 6604 5937 
12260 3466 6481 5845 
12261 452 6618 4084 
12262 3552 6159 4495 
12263 3899 6135 3476 
12264 5851 6150 5852 
12265 421 6151 5102 
12266 3821 6282 3355 
12267 4858 6583 6219 
12268 3069 6288 6193 
12269 3826 6085 5800 
12270 5125 6145 497 
12271 425 6258 166 
12272 4223 6611 452 
12273 5980 6315 2602 
12274 5989 6016 834 
12275 5322 6390 6263 
12276 5785 6002 4186 
12277 3719 6329 3665 
12278 6215 6324 699 
12279 5340 6421 3914 
12280 6102 6389 2061 
12281 2895 6167 4969 
12282 4511 6166 699 
12283 2889 6154 3453 
12284 4712 6205 4565 
12285 2637 6155 3752 
12286 6050 6492 3944 
12287 3886 6405 5965 
12288 3350 6060 2893 
12289 5124 6205 422 
12290 2454 6168 2455 
12291 6211 6588 477 
12292 6065 6365 3874 
12293 2035 6099 2033 
12294 2454 6174 6168 
12295 5941 6619 550 
12296 5944 6311 462 
12297 4559 6376 3800 
12298 434 6169 5136 
12299 5739 6351 4567 
12300 6042 6479 3873 
12301 508 6484 6204 
12302 6421 6435 3914 
12303 3752 6155 6103 
12304 5992 6045 3684 
12305 6413 6421 5340 
12306 1402 6406 5743 
12307 5525 6086 3574 
12308 4546 6290 5117 
12309 4597 6297 4596 
12310 3496 6239 5772 
12311 4119 6551 6345 
12312 3520 6173 3518 
12313 6001 6189 3378 
12314 4567 6351 5385 
12315 4687 6460 5544 
12316 3759 6269 6111 
12317 6440 6579 3375 
12318 3481 6177 3812 
12319 3833 6192 3831 
12320 6035 6225 3814 
12321 4719 6280 6270 
12322 5580 6157 3821 
12323 5913 6241 2084 
12324 6024 6469 432 
12325 994 6323 5710 
12326 3679 6260 3741 
12327 417 6172 5133 
12328 516 6571 4222 
12329 3949 6215 3718 
12330 6122 6498 473 
12331 2155 5928 2154 
12332 161 6224 426 
12333 3697 6095 3696 
12334 986 6165 1414 
12335 1437 6225 6035 
12336 3503 6372 6033 
12337 3336 6002 5785 
12338 5924 6055 3811 
12339 5874 6623 4373 
12340 4631 6458 5977 
12341 3695 6317 5812 
12342 3951 6311 4575 
12343 5743 6406 4338 
12344 6391 6613 4021 
12345 3741 6260 5935 
12346 3401 6082 6015 
12347 3867 6184 3868 
12348 3785 6332 3786 
12349 3069 6193 3902 
12350 474 6482 4137 
12351 2731 5916 3826 
12352 3742 6156 5778 
12353 4389 6566 4484 
12354 209 6183 208 
12355 6185 6191 3746 
12356 475 6508 5617 
12357 4222 6517 450 
12358 4099 6512 4097 
12359 106 6480 4507 
12360 5978 6524 3955 
12361 6109 6265 171 
12362 3497 6198 3824 
12363 4438 6350 5882 
12364 6466 6506 3770 
12365 6127 6453 6138 
12366 4086 6513 516 
12367 3945 5985 3733 
12368 4389 6620 6566 
12369 3674 6160 2995 
12370 4275 6602 6268 
12371 4091 6529 4088 
12372 433 6188 5119 
12373 4869 6532 6144 
12374 256 6186 255 
12375 5603 6189 6001 
12376 486 6391 126 
12377 4039 6348 4038 
12378 2272 5928 2862 
12379 1504 6150 5851 
12380 3801 6318 3747 
12381 6077 6309 3762 
12382 513 6132 341 
12383 5718 6317 3695 
12384 6230 6231 1208 
12385 2693 6136 3443 
12386 6120 6178 4522 
12387 4268 6137 4270 
12388 6377 6428 3857 
12389 6197 6434 481 
12390 3860 6594 6169 
12391 5883 6096 3397 
12392 5549 6185 3746 
12393 2539 6194 5095 
12394 3746 6191 4739 
12395 5710 6323 4280 
12396 4687 6431 5960 
12397 5867 6252 2206 
12398 3546 6207 3548 
12399 4612 6526 6094 
12400 6240 6540 524 
12401 3703 6208 4230 
12402 204 6197 203 
12403 5011 6202 3581 
12404 2912 6152 5711 
12405 3563 6213 3991 
12406 3468 6143 3469 
12407 4431 6400 5770 
12408 5922 6148 2043 
12409 5877 6182 3705 
12410 340 6330 339 
12411 4010 6407 6349 
12412 1284 6230 1208 
12413 6520 6625 4510 
12414 215 6211 216 
12415 3737 6335 3337 
12416 2039 6358 4358 
12417 3533 6296 6221 
12418 3779 6129 3405 
12419 5728 6161 2490 
12420 3723 6341 3722 
12421 4858 6219 4859 
12422 3815 6593 4559 
12423 2240 5987 2243 
12424 3251 6221 3577 
12425 2149 6117 2003 
12426 6032 6170 5686 
12427 1208 6231 1199 
12428 3966 6381 3965 
12429 458 6303 332 
12430 5994 6182 1517 
12431 5941 6525 4149 
12432 1484 6406 1435 
12433 570 6213 4102 
12434 5934 6156 3742 
12435 4868 6532 4869 
12436 3976 6630 3840 
12437 572 6388 4373 
12438 4120 6576 5884 
12439 1510 6323 1440 
12440 6333 6356 1414 
12441 3750 6048 3500 
12442 3830 6206 3832 
12443 366 6248 365 
12444 4446 6607 3750 
12445 138 6298 137 
12446 4598 6312 4595 
12447 466 6220 5115 
12448 5914 6407 510 
12449 6155 6209 3794 
12450 4384 6549 1190 
12451 2330 6203 2332 
12452 5971 6622 3379 
12453 3853 6511 6051 
12454 4018 6224 4348 
12455 5591 6196 6079 
12456 2973 6157 6030 
12457 4772 6233 3584 
12458 1477 6363 1504 
12459 3568 6229 4775 
12460 4507 6480 4310 
12461 4283 6568 4282 
12462 3495 6401 3784 
12463 4270 6613 486 
12464 4285 6568 4283 
12465 3848 6288 3849 
12466 3573 5913 2314 
12467 6267 6273 803 
12468 6150 6316 3763 
12469 4634 6310 4185 
12470 304 6227 303 
12471 6149 6180 3818 
12472 5539 6214 2076 
12473 6148 6299 3264 
12474 3892 6578 6161 
12475 6126 6355 3803 
12476 3361 6253 5662 
12477 5662 6253 5111 
12478 2043 6148 2558 
12479 800 6267 803 
12480 794 6226 796 
12481 3163 6228 6156 
12482 512 6277 4271 
12483 5558 6614 4188 
12484 344 6412 575 
12485 573 6409 321 
12486 141 6411 576 
12487 574 6410 118 
12488 3773 6243 3731 
12489 3673 6216 3424 
12490 3378 6189 3660 
12491 4415 6395 3964 
12492 3559 6237 3525 
12493 532 6236 5063 
12494 5525 6484 6086 
12495 5819 6335 3737 
12496 5686 6170 2183 
12497 6305 6477 3924 
12498 456 6286 4952 
12499 3794 6209 3795 
12500 3897 6617 4616 
12501 3799 6364 4409 
12502 5611 6532 4868 
12503 3745 6427 5880 
12504 2243 5987 3678 
12505 258 6238 257 
12506 146 6240 145 
12507 3772 6242 5209 
12508 6153 6558 546 
12509 4061 6251 4063 
12510 6081 6580 282 
12511 3987 6427 3745 
12512 3844 6148 5922 
12513 803 6273 5514 
12514 2084 6241 5819 
12515 3966 6527 6381 
12516 5067 6404 6142 
12517 6094 6526 91 
12518 3373 6263 6147 
12519 6098 6536 168 
12520 484 6505 4049 
12521 3956 6253 3361 
12522 270 6245 269 
12523 5672 6187 5351 
12524 3181 6479 6042 
12525 4501 6333 3515 
12526 6399 6468 2097 
12527 2965 6259 6196 
12528 2965 6196 5591 
12529 4358 6418 3942 
12530 6477 6517 4588 
12531 4241 6248 5215 
12532 3751 6282 6059 
12533 5385 6351 437 
12534 5702 6538 3810 
12535 3705 6182 5994 
12536 343 6294 342 
12537 5734 6162 2088 
12538 530 6313 5029 
12539 6124 6503 3553 
12540 2706 6379 5916 
12541 3264 6299 3835 
12542 3368 6217 3663 
12543 3895 6244 3643 
12544 4060 6252 4245 
12545 6123 6493 487 
12546 4060 6543 6252 
12547 562 6415 5283 
12548 3949 6472 6327 
12549 4275 6268 4297 
12550 4305 6593 6589 
12551 3936 6493 6123 
12552 3695 6228 3163 
12553 4478 6558 6153 
12554 5879 6129 2873 
12555 3500 6048 3575 
12556 4975 6264 3199 
12557 5788 6529 3275 
12558 6379 6414 3913 
12559 3704 6115 6074 
12560 4520 6269 3760 
12561 4107 6623 5874 
12562 3353 6627 4367 
12563 450 6517 6477 
12564 192 6257 542 
12565 6244 6293 2982 
12566 3708 6261 3730 
12567 3958 6347 3959 
12568 3573 6241 5913 
12569 3737 6308 5819 
12570 5526 6374 4344 
12571 3871 6336 3768 
12572 5790 6628 3871 
12573 159 6262 158 
12574 3575 6060 3350 
12575 6229 6325 1584 
12576 4772 6273 6267 
12577 5960 6460 4687 
12578 171 6265 170 
12579 3759 6274 2364 
12580 6189 6249 3660 
12581 5744 6223 2405 
12582 3028 6359 3869 
12583 5927 6566 3817 
12584 1414 6250 988 
12585 3533 6273 4772 
12586 3800 6376 5647 
12587 4155 6371 3699 
12588 4980 6396 3709 
12589 1404 6266 1405 
12590 6289 6505 3754 
12591 4340 6393 4337 
12592 3690 6276 3691 
12593 4260 6439 6140 
12594 4429 6478 6159 
12595 3901 6564 6063 
12596 4423 6430 4424 
12597 198 6275 197 
12598 4575 6311 5944 
12599 5036 6302 5010 
12600 5828 6281 2650 
12601 552 6438 5304 
12602 3650 6279 3648 
12603 4329 6512 2885 
12604 2654 6254 6117 
12605 3952 6492 6050 
12606 5967 6163 3802 
12607 494 6283 315 
12608 2075 6549 6201 
12609 445 6386 5286 
12610 3375 6579 3374 
12611 539 6361 5130 
12612 4245 6252 5867 
12613 3470 6278 5369 
12614 5401 6270 3410 
12615 3826 6232 6085 
12616 359 6284 358 
12617 2646 6288 3069 
12618 6059 6282 3821 
12619 2983 6293 3477 
12620 3869 6309 6077 
12621 3436 6286 5763 
12622 6169 6594 5136 
12623 595 6324 593 
12624 5852 6150 3764 
12625 6172 6515 5133 
12626 3410 6280 3761 
12627 3844 6299 6148 
12628 6134 6599 3127 
12629 502 6338 6087 
12630 4308 6365 6065 
12631 5117 6290 420 
12632 6101 6448 427 
12633 5763 6286 456 
12634 3751 6451 6282 
12635 3942 6377 2468 
12636 4600 6307 4648 
12637 148 6292 147 
12638 2930 6256 5594 
12639 3964 6395 4323 
12640 70 6291 69 
12641 3660 6249 4188 
12642 6270 6280 3410 
12643 5772 6239 944 
12644 3771 6446 6259 
12645 5647 6376 5301 
12646 2602 6315 4640 
12647 3108 6546 6342 
12648 5141 6295 2829 
12649 3937 6314 4010 
12650 4313 6246 4151 
12651 4501 6356 6333 
12652 5091 6302 3614 
12653 6233 6267 799 
12654 591 6327 885 
12655 3885 6537 5443 
12656 5711 6247 2961 
12657 4889 6296 2666 
12658 6264 6344 3577 
12659 2466 6344 2903 
12660 4166 6400 4431 
12661 3638 6356 4501 
12662 6188 6598 5119 
12663 450 6305 224 
12664 1288 6496 4423 
12665 3005 6504 4232 
12666 2581 6368 5987 
12667 5916 6379 3913 
12668 6344 6353 2903 
12669 5900 6598 3816 
12670 492 6458 4924 
12671 3913 6414 3912 
12672 5881 6225 1437 
12673 4775 6229 6141 
12674 3442 6313 5796 
12675 2363 6321 1619 
12676 5286 6306 5287 
12677 504 6569 5126 
12678 2903 6353 3843 
12679 4493 6372 3503 
12680 5907 6341 3723 
12681 2063 6271 2062 
12682 6089 6343 3639 
12683 3696 6241 3573 
12684 6227 6567 543 
12685 3893 6319 3404 
12686 4924 6458 4633 
12687 6314 6407 4010 
12688 4338 6495 4336 
12689 5796 6313 530 
12690 4344 6374 5776 
12691 533 6322 5099 
12692 4149 6440 3375 
12693 3740 6571 4003 
12694 6175 6318 479 
12695 4266 6334 3963 
12696 2885 6328 2883 
12697 6093 6321 3870 
12698 3700 6518 6207 
12699 5351 6357 5352 
12700 3968 6537 3885 
12701 6152 6247 5711 
12702 5409 6548 5410 
12703 4228 6407 5914 
12704 5856 6256 2930 
12705 6105 6274 3662 
12706 212 6397 570 
12707 3777 6337 3778 
12708 6247 6419 2961 
12709 6024 6459 3904 
12710 4834 6343 2118 
12711 2607 6326 3874 
12712 9 6388 572 
12713 6402 6466 3918 
12714 2838 6339 3071 
12715 4251 6572 4250 
12716 4225 6349 4228 
12717 5520 6309 3241 
12718 6111 6269 2968 
12719 3876 6386 5970 
12720 5112 6338 502 
12721 2465 6342 2212 
12722 6097 6445 494 
12723 4088 6529 5788 
12724 5742 6259 2965 
12725 3527 6346 4948 
12726 3405 6129 5879 
12727 4182 6561 5957 
12728 4267 6437 4266 
12729 520 6403 4191 
12730 2924 6263 3373 
12731 418 6340 5298 
12732 4323 6395 6186 
12733 3714 6352 3715 
12734 6184 6618 452 
12735 4214 6258 5821 
12736 4332 6542 5910 
12737 3866 6361 3756 
12738 5819 6308 5818 
12739 4376 6444 4330 
12740 4975 6353 6344 
12741 571 6345 250 
12742 3637 6353 4975 
12743 3810 6538 3988 
12744 3828 6521 4584 
12745 6086 6484 508 
12746 3834 6426 3981 
12747 3757 6254 3758 
12748 6162 6255 2088 
12749 6216 6399 2097 
12750 6031 6367 2646 
12751 4282 6360 3996 
12752 469 6456 5727 
12753 3093 6366 2946 
12754 5800 6195 3468 
12755 3709 6396 4733 
12756 2701 6365 3507 
12757 6446 6510 977 
12758 6147 6362 3373 
12759 6262 6560 498 
12760 2311 6389 3495 
12761 5776 6374 4996 
12762 6337 6504 3665 
12763 280 6370 279 
12764 4373 6388 345 
12765 5845 6490 3528 
12766 3828 6557 6521 
12767 6256 6401 5594 
12768 3906 6389 6102 
12769 915 6331 918 
12770 3564 6277 5820 
12771 1518 6424 2041 
12772 3504 6465 6177 
12773 4089 6422 5596 
12774 397 6373 396 
12775 5649 6503 2044 
12776 3965 6381 4267 
12777 5909 6137 3009 
12778 5770 6400 2752 
12779 1440 6323 994 
12780 300 6380 299 
12781 415 6511 5839 
12782 6187 6357 5351 
12783 3678 6368 3680 
12784 94 6383 93 
12785 4054 6281 5828 
12786 114 6387 113 
12787 85 6385 84 
12788 5301 6376 568 
12789 439 6392 357 
12790 4600 6297 6239 
12791 6284 6539 439 
12792 4423 6496 6430 
12793 6138 6453 564 
12794 414 6409 5841 
12795 211 6410 5840 
12796 5843 6411 48 
12797 5842 6412 251 
12798 2353 6620 4389 
12799 4150 6459 6024 
12800 6537 6617 5443 
12801 455 6396 4980 
12802 2968 6178 6120 
12803 5911 6563 443 
12804 6418 6428 3942 
12805 1393 6436 1173 
12806 5872 6272 3858 
12807 3895 6350 6293 
12808 6085 6232 2256 
12809 4010 6408 4009 
12810 5242 6398 548 
12811 3355 6282 5875 
12812 3784 6401 6256 
12813 3978 6404 3992 
12814 5300 6490 556 
12815 6293 6350 3477 
12816 452 6611 6184 
12817 885 6472 5786 
12818 3414 6438 5961 
12819 4031 6260 3679 
12820 4142 6462 6019 
12821 2991 6405 2992 
12822 2062 6364 5887 
12823 4184 6573 4183 
12824 1584 6325 5542 
12825 3288 6317 5718 
12826 576 6593 4305 
12827 3997 6469 3904 
12828 6117 6254 3757 
12829 3812 6417 3813 
12830 3776 6477 4588 
12831 5596 6422 3377 
12832 3904 6459 3903 
12833 3845 6299 3844 
12834 6429 6513 4086 
12835 1385 6595 5898 
12836 4674 6443 4676 
12837 3817 6620 4045 
12838 4921 6583 531 
12839 4716 6351 5739 
12840 5493 6416 3780 
12841 503 6416 5493 
12842 2041 6614 5558 
12843 5916 6232 3826 
12844 6354 6628 337 
12845 3744 6434 3749 
12846 6100 6307 3496 
12847 21 6420 22 
12848 4495 6483 3805 
12849 3041 6543 5861 
12850 4810 6180 6149 
12851 4949 6488 3796 
12852 6463 6627 3804 
12853 6236 6460 5960 
12854 545 6465 5128 
12855 6360 6489 446 
12856 3820 6498 3721 
12857 5987 6368 3678 
12858 306 6425 305 
12859 1439 6363 1477 
12860 6085 6195 5800 
12861 1513 6442 6048 
12862 2088 6255 5830 
12863 551 6423 5121 
12864 5899 6322 533 
12865 490 6354 338 
12866 5855 6487 3653 
12867 4128 6491 4126 
12868 3520 6251 6173 
12869 5640 6522 2678 
12870 5324 6421 6413 
12871 1201 6475 1172 
12872 6475 6500 1172 
12873 3389 6542 4461 
12874 5890 6570 6368 
12875 2045 6509 2749 
12876 3048 6421 5324 
12877 6360 6568 6489 
12878 3824 6452 3825 
12879 3048 6435 6421 
12880 4002 6461 3975 
12881 4134 6339 5861 
12882 3774 6448 4298 
12883 429 6439 5135 
12884 291 6447 290 
12885 435 6443 5654 
12886 5594 6401 3906 
12887 3797 6445 4363 
12888 3292 6544 3882 
12889 371 6449 370 
12890 4995 6446 977 
12891 4187 6614 6548 
12892 4367 6463 2354 
12893 4588 6517 3740 
12894 6029 6626 4272 
12895 5443 6617 3897 
12896 1069 6450 5206 
12897 6151 6494 5764 
12898 5910 6542 3389 
12899 2153 6379 2706 
12900 6368 6570 3680 
12901 3884 6547 6541 
12902 3627 6435 3048 
12903 6544 6547 3882 
12904 1172 6500 1170 
12905 2453 6455 2287 
12906 6461 6621 3975 
12907 5961 6438 552 
12908 4036 6503 6124 
12909 4340 6304 6272 
12910 5357 6473 4835 
12911 5419 6432 3910 
12912 6450 6464 5206 
12913 6008 6602 4275 
12914 4097 6512 4329 
12915 564 6453 5294 
12916 6046 6415 562 
12917 4633 6458 4631 
12918 546 6558 5955 
12919 3882 6547 3884 
12920 5206 6464 3059 
12921 5122 6602 463 
12922 2097 6468 1562 
12923 3884 6541 3921 
12924 4710 6540 4709 
12925 5295 6456 469 
12926 4187 6548 5409 
12927 6464 6474 3059 
12928 5970 6386 445 
12929 1435 6406 1402 
12930 3059 6474 3509 
12931 2749 6554 4667 
12932 5706 6556 470 
12933 5890 6368 2581 
12934 5324 6413 5651 
12935 3468 6195 6143 
12936 6271 6364 2062 
12937 5708 6589 3815 
12938 164 6476 499 
12939 3179 6616 4623 
12940 432 6469 5695 
12941 3981 6426 5752 
12942 2779 6574 3664 
12943 544 6598 5900 
12944 6474 6485 3509 
12945 107 6480 106 
12946 1390 6272 5872 
12947 3373 6362 3782 
12948 6553 6557 3827 
12949 2 6624 117 
12950 3971 6390 5322 
12951 5841 6409 573 
12952 5840 6410 574 
12953 576 6411 5843 
12954 575 6412 5842 
12955 538 6478 5220 
12956 3934 6493 3936 
12957 5654 6443 4674 
12958 6144 6532 416 
12959 3827 6557 3828 
12960 3509 6485 3873 
12961 4616 6617 1393 
12962 4509 6622 607 
12963 488 6533 5292 
12964 5369 6481 3466 
12965 4989 6489 4285 
12966 5287 6525 550 
12967 6459 6606 3903 
12968 5544 6460 4867 
12969 3020 6492 3021 
12970 5425 6479 3944 
12971 6171 6559 3930 
12972 6003 6583 4858 
12973 6430 6496 3543 
12974 6509 6554 2749 
12975 1125 6402 1123 
12976 3339 6418 3706 
12977 3908 6501 3907 
12978 3169 6524 5044 
12979 3023 6499 3807 
12980 5695 6469 3997 
12981 6319 6555 3404 
12982 5617 6508 3753 
12983 3920 6553 3827 
12984 3918 6466 3769 
12985 3855 6511 3853 
12986 3266 6597 5669 
12987 3706 6418 6358 
12988 6499 6516 3807 
12989 547 6502 76 
12990 2780 6428 3339 
12991 3969 6629 6615 
12992 3807 6516 3809 
12993 4480 6558 4478 
12994 364 6519 421 
12995 515 6341 5907 
12996 91 6526 90 
12997 5887 6364 3799 
12998 460 6528 4065 
12999 4188 6614 4187 
13000 416 6532 5611 
13001 4944 6565 6550 
13002 5882 6350 3895 
13003 419 6518 5134 
13004 3829 6564 3901 
13005 4439 6539 3985 
13006 168 6536 167 
13007 5848 6399 3673 
13008 3749 6434 6197 
13009 385 6530 384 
13010 1418 6565 4944 
13011 2604 6497 3266 
13012 5133 6515 549 
13013 320 6551 319 
13014 4944 6550 4943 
13015 977 6510 965 
13016 5861 6543 4060 
13017 3994 6546 3993 
13018 5983 6384 3330 
13019 4822 6560 4821 
13020 6012 6414 2640 
13021 6091 6426 3834 
13022 470 6556 5966 
13023 3361 6615 2756 
13024 497 6573 6038 
13025 3014 6195 6085 
13026 6528 6582 4065 
13027 3970 6588 4017 
13028 3838 6586 3836 
13029 3862 6567 4395 
13030 3830 6486 6206 
13031 5818 6308 1484 
13032 1396 6585 1382 
13033 4149 6525 6306 
13034 6306 6525 5287 
13035 5839 6511 3855 
13036 4819 6596 4818 
13037 3664 6533 6198 
13038 3352 6627 3353 
13039 514 6355 6126 
13040 3339 6428 6418 
13041 3859 6629 3969 
13042 1423 6471 1465 
13043 4949 6625 6520 
13044 4065 6582 4067 
13045 3543 6496 3953 
13046 4632 6605 4633 
13047 282 6580 281 
13048 5119 6598 544 
13049 2904 6441 5741 
13050 5136 6594 553 
13051 2641 6608 3526 
13052 5716 6430 3543 
13053 5898 6595 4015 
13054 3974 6612 3973 
13055 6516 6534 3809 
13056 556 6490 5845 
13057 6577 6603 5471 
13058 2961 6419 5747 
13059 47 6624 2 
13060 4104 6623 4107 
13061 5814 6416 503 
13062 6259 6446 4995 
13063 2009 6520 5700 
13064 3922 6587 3360 
13065 3837 6577 5471 
13066 3477 6514 3899 
13067 1393 6617 6537 
13068 5471 6603 3974 
13069 2655 6600 6408 
13070 5588 6535 3723 
13071 6171 6575 2400 
13072 6548 6614 2041 
13073 6142 6404 3978 
13074 6603 6612 3974 
13075 3809 6534 5622 
13076 4203 6362 6147 
13077 5928 6457 2862 
13078 6328 6512 4099 
13079 6358 6418 4358 
13080 5286 6386 6306 
13081 3788 6255 6162 
13082 3379 6625 4949 
13083 4709 6540 6240 
13084 3939 6433 6127 
13085 6127 6433 3983 
13086 6165 6333 1414 
13087 3697 6289 6095 
13088 6381 6527 513 
13089 424 6552 5662 
13090 6306 6440 4149 
13091 3881 6591 3879 
13092 6237 6429 431 
13093 4250 6572 6442 
13094 486 6613 6391 
13095 5842 6437 575 
13096 6282 6451 5875 
13097 1190 6549 1192 
13098 4298 6448 6101 
13099 1466 6584 1509 
13100 3735 6320 3945 
13101 1504 6316 6150 
13102 2752 6400 6133 
13103 2996 6581 5590 
13104 4022 6578 3483 
13105 5847 6487 496 
13106 6128 6569 504 
13107 496 6487 5855 
13108 5963 6397 142 
13109 3753 6508 5876 
13110 6161 6578 2490 
13111 3903 6606 5694 
13112 4497 6457 5928 
13113 4051 6453 6127 
13114 5875 6451 1354 
13115 6221 6296 3577 
13116 6408 6600 4009 
13117 2900 6462 5438 
13118 5820 6369 3260 
13119 3680 6570 6006 
13120 3778 6337 6130 
13121 3754 6505 6002 
13122 6130 6329 447 
13123 6133 6400 4166 
13124 5747 6545 2993 
13125 4772 6267 6233 
13126 523 6589 5708 
13127 5858 6494 4240 
13128 5960 6431 461 
13129 3793 6592 5885 
13130 4363 6445 6097 
13131 6159 6478 538 
13132 2400 6559 6171 
13133 531 6583 6003 
13134 3747 6318 6175 
13135 1128 6506 6466 
13136 6206 6486 2253 
13137 2862 6457 3806 
13138 3942 6428 6377 
13139 6225 6531 3948 
13140 6239 6297 944 
13141 550 6525 5941 
13142 6038 6573 4184 
13143 4150 6619 5941 
13144 5955 6558 4480 
13145 3673 6399 6216 
13146 5862 6562 436 
13147 3895 6293 6244 
13148 6349 6407 4228 
13149 463 6602 6008 
13150 3726 6486 3830 
13151 3337 6335 6095 
13152 4438 6514 6350 
13153 6147 6390 821 
13154 6419 6545 5747 
13155 6336 6354 490 
13156 3949 6324 6215 
13157 6310 6491 4128 
13158 5884 6576 527 
13159 5840 6626 566 
13160 5888 6590 444 
13161 6041 6594 3860 
13162 3869 6359 6326 
13163 6442 6572 6136 
13164 5932 6576 4120 
13165 6024 6619 4150 
13166 6272 6304 3858 
13167 417 6382 6172 
13168 458 6467 6303 
13169 4198 6561 4199 
13170 5966 6556 4002 
13171 553 6594 6041 
13172 4265 6531 5881 
13173 3706 6358 6222 
13174 3721 6498 6122 
13175 4395 6567 6227 
13176 4234 6454 6193 
13177 5410 6548 6424 
13178 1414 6356 6250 
13179 4975 6344 6264 
13180 4040 6484 5525 
13181 6140 6439 429 
13182 3806 6609 3998 
13183 5878 6613 4270 
13184 4009 6600 5665 
13185 3930 6559 5696 
13186 3575 6442 6136 
13187 6207 6518 419 
13188 6281 6601 4076 
13189 6177 6465 545 
13190 5983 6599 4092 
13191 3782 6570 5890 
13192 6201 6549 4384 
13193 3867 6618 6184 
13194 6436 6537 3968 
13195 4017 6588 6211 
13196 6110 6506 1128 
13197 5755 6506 6110 
13198 6326 6359 3874 
13199 6350 6514 3477 
13200 3871 6354 6336 
13201 5132 6619 6024 
13202 4240 6494 6151 
13203 443 6563 6064 
13204 6193 6454 3902 
13205 4021 6613 5878 
13206 3975 6621 6171 
13207 6497 6597 3266 
13208 6164 6592 3793 
13209 3559 6429 6237 
13210 6342 6546 3994 
13211 4867 6460 6236 
13212 4092 6599 6134 
13213 513 6527 6132 
13214 436 6562 6208 
13215 6048 6607 1513 
13216 6048 6442 3575 
13217 510 6407 6314 
13218 4547 6569 6128 
13219 4821 6560 6262 
13220 3988 6538 6471 
13221 6198 6533 488 
13222 5881 6531 6225 
13223 444 6590 6176 
13224 6184 6611 4069 
13225 6204 6484 4040 
13226 6375 6605 4108 
13227 6300 6467 458 
13228 4633 6605 6375 
13229 6136 6572 3443 
13230 6461 6556 5706 
13231 6132 6527 4229 
13232 450 6477 6305 
13233 3985 6539 6284 
13234 490 6609 6336 
13235 6345 6551 320 
13236 6308 6495 1484 
13237 3777 6504 6337 
13238 6327 6472 885 
13239 6489 6568 4285 
13240 2885 6512 6328 
13241 3750 6607 6048 
13242 5669 6597 6521 
13243 4054 6601 6281 
13244 6488 6520 2009 
13245 5292 6533 6470 
13246 117 6624 6285 
13247 4282 6568 6360 
13248 4002 6556 6461 
13249 1393 6537 6436 
13250 6470 6533 3664 
13251 4949 6520 6488 
13252 6424 6548 2041 
13253 6471 6538 1465 
13254 6565 6586 3838 
13255 3871 6628 6354 
13256 4367 6627 6463 
13257 6521 6597 4584 
13258 1418 6586 6565 
$EndElements
