$MeshFormat
4.1 0 8
$EndMeshFormat
$PhysicalNames
4
1 1 "inlet"
1 2 "outlet"
1 3 "walls"
2 1 "fluid"
$EndPhysicalNames
$Entities
8 8 1 0
1 2.18 0 0 0 
2 1.82 4.487441056480957e-15 0 0 
3 0 0 0 0 
4 0 1 0 0 
5 1.82 0.9999999999999956 0 0 
6 2.18 1 0 0 
7 4 1 0 0 
8 4 0 0 0 
1 1.8199999 -1.000000000028756e-07 -1e-07 2.1800001 0.1800001 1e-07 1 3 2 1 -2 
2 -9.999999994736442e-08 -1e-07 -1e-07 1.8200001 1e-07 1e-07 1 3 2 3 -2 
3 -1e-07 -9.999999994736442e-08 -1e-07 1e-07 1.0000001 1e-07 1 1 2 4 -3 
4 -9.999999994736442e-08 0.9999999000000001 -1e-07 1.8200001 1.0000001 1e-07 1 3 2 5 -4 
5 1.8199999 0.8199999000000001 -1e-07 2.1800001 1.0000001 1e-07 1 3 2 5 -6 
6 2.1799999 0.9999999000000001 -1e-07 4.0000001 1.0000001 1e-07 1 3 2 7 -6 
7 3.9999999 -9.999999994736442e-08 -1e-07 4.0000001 1.0000001 1e-07 1 2 2 8 -7 
8 2.1799999 -1e-07 -1e-07 4.0000001 1e-07 1e-07 1 3 2 1 -8 
1 -9.999999983634211e-08 -9.999999994736442e-08 -1e-07 4.0000001 1.0000001 1e-07 1 1 8 -1 8 7 6 -5 4 3 2 
$EndEntities
$Nodes
17 5285 1 5285
0 1 0 1
1
2.18 0 0
0 2 0 1
2
1.82 4.487441056480957e-15 0
0 3 0 1
3
0 0 0
0 4 0 1
4
0 1 0
0 5 0 1
5
1.82 0.9999999999999956 0
0 6 0 1
6
2.18 1 0
0 7 0 1
7
4 1 0
0 8 0 1
8
4 0 0
1 1 0 20
9
10
11
12
13
14
15
16
17
18
19
20
21
22
23
24
25
26
27
28
2.177989548720523 0.02682760791171141 0
2.172003105041505 0.05305593139396277 0
2.162174396222436 0.07809907304116048 0
2.148722979376879 0.101397610451452 0
2.131949336929368 0.1224310927987656 0
2.112228164334572 0.1407296668442455 0
2.09 0.155884572681199 0
2.065761384385951 0.1675572747559569 0
2.040053768112136 0.1754870241927283 0
2.013451416845556 0.1794966834926124 0
1.986548583154443 0.1794966834926124 0
1.959946231887863 0.1754870241927282 0
1.934238615614049 0.1675572747559566 0
1.909999999999999 0.1558845726811987 0
1.887771835665427 0.140729666844245 0
1.868050663070631 0.122431092798765 0
1.851277020623121 0.1013976104514515 0
1.837825603777564 0.07809907304116012 0
1.827996894958495 0.05305593139396252 0
1.822010451279477 0.02682760791171137 0
1 2 0 64
29
30
31
32
33
34
35
36
37
38
39
40
41
42
43
44
45
46
47
48
49
50
51
52
53
54
55
56
57
58
59
60
61
62
63
64
65
66
67
68
69
70
71
72
73
74
75
76
77
78
79
80
81
82
83
84
85
86
87
88
89
90
91
92
0.02854842467639253 0 0
0.05653985554082393 0 0
0.08453128640525533 0 0
0.1125227172696867 0 0
0.1405141481341181 0 0
0.1685055789985495 0 0
0.196497009862981 0 0
0.2244884407274124 0 0
0.2524798715918438 0 0
0.2804713024562752 0 0
0.3084627333207066 0 0
0.336454164185138 0 0
0.3644455950495694 0 0
0.3924370259140008 0 0
0.4204284567784322 0 0
0.4484198876428636 0 0
0.476411318507295 0 0
0.5044027493717265 0 0
0.5323941802361578 0 0
0.5603856111005893 0 0
0.5883770419650206 0 0
0.6163684728294521 0 0
0.6443599036938834 0 0
0.6723513345583149 0 0
0.7003427654227463 0 0
0.7283341962871777 0 0
0.756325627151609 0 0
0.7843170580160406 0 0
0.8123084888804718 0 0
0.8402999197449033 0 0
0.8682913506093347 0 0
0.8962827814737662 0 0
0.9242742123381976 0 0
0.952265643202629 0 0
0.9802570740670603 0 0
1.008248504931492 0 0
1.036239935795923 0 0
1.064231366660354 0 0
1.092222797524786 0 0
1.120214228389217 0 0
1.148205659253648 0 0
1.17619709011808 0 0
1.204188520982511 0 0
1.232179951846942 0 0
1.260171382711373 0 0
1.288162813575805 0 0
1.316154244440236 0 0
1.344145675304667 0 0
1.372137106169099 0 0
1.40012853703353 0 0
1.428119967897961 0 0
1.456111398762393 0 0
1.484102829626824 0 0
1.512094260491255 0 0
1.540085691355687 0 0
1.568077122220118 0 0
1.596068553084549 0 0
1.62405998394898 0 0
1.652051414813412 0 0
1.680042845677843 0 0
1.708034276542274 0 0
1.736025707406706 0 0
1.764017138271137 0 0
1.792008569135568 0 0
1 3 0 20
93
94
95
96
97
98
99
100
101
102
103
104
105
106
107
108
109
110
111
112
0 0.9698384563221751 0
0 0.9384869110277786 0
0 0.9048633531707994 0
0 0.8680137731614441 0
0 0.8270643145767442 0
0 0.7811616653401448 0
0 0.7294238506083325 0
0 0.6709033322099826 0
0 0.6046029098424575 0
0 0.5348676366141516 0
0 0.4651323633858457 0
0 0.39539709015754 0
0 0.3290966677900152 0
0 0.2705761493916661 0
0 0.2188383346598535 0
0 0.1729356854232542 0
0 0.1319862268385541 0
0 0.09513664682919865 0
0 0.06151308897221996 0
0 0.03016154367782431 0
1 4 0 64
113
114
115
116
117
118
119
120
121
122
123
124
125
126
127
128
129
130
131
132
133
134
135
136
137
138
139
140
141
142
143
144
145
146
147
148
149
150
151
152
153
154
155
156
157
158
159
160
161
162
163
164
165
166
167
168
169
170
171
172
173
174
175
176
1.792008569135569 1 0
1.764017138271138 1 0
1.736025707406706 1 0
1.708034276542275 1 0
1.680042845677843 1 0
1.652051414813412 1 0
1.62405998394898 1 0
1.596068553084549 1 0
1.568077122220118 1 0
1.540085691355686 1 0
1.512094260491255 1 0
1.484102829626824 1 0
1.456111398762392 1 0
1.428119967897961 1 0
1.40012853703353 1 0
1.372137106169098 1 0
1.344145675304667 1 0
1.316154244440235 1 0
1.288162813575803 1 0
1.260171382711372 1 0
1.232179951846941 1 0
1.204188520982509 1 0
1.176197090118078 1 0
1.148205659253646 1 0
1.120214228389215 1 0
1.092222797524783 1 0
1.064231366660352 1 0
1.03623993579592 1 0
1.008248504931489 1 0
0.9802570740670573 1 0
0.952265643202626 1 0
0.9242742123381946 1 0
0.8962827814737633 1 0
0.8682913506093319 1 0
0.8402999197449006 1 0
0.8123084888804692 1 0
0.7843170580160379 1 0
0.7563256271516066 1 0
0.7283341962871752 1 0
0.7003427654227439 1 0
0.672351334558313 1 0
0.6443599036938816 1 0
0.6163684728294503 1 0
0.5883770419650189 1 0
0.5603856111005876 1 0
0.5323941802361563 1 0
0.5044027493717249 1 0
0.4764113185072936 1 0
0.4484198876428627 1 0
0.4204284567784313 1 0
0.392437025914 1 0
0.3644455950495686 1 0
0.3364541641851373 1 0
0.308462733320706 1 0
0.2804713024562746 1 0
0.2524798715918433 1 0
0.2244884407274119 1 0
0.1964970098629806 1 0
0.1685055789985492 1 0
0.1405141481341183 1 0
0.112522717269687 1 0
0.08453128640525565 1 0
0.0565398555408243 1 0
0.02854842467639296 1 0
1 5 0 20
177
178
179
180
181
182
183
184
185
186
187
188
189
190
191
192
193
194
195
196
1.822010451279477 0.9731723920882887 0
1.827996894958495 0.9469440686060373 0
1.837825603777565 0.9219009269588395 0
1.851277020623121 0.898602389548548 0
1.868050663070631 0.8775689072012345 0
1.887771835665428 0.8592703331557546 0
1.91 0.844115427318801 0
1.934238615614049 0.8324427252440432 0
1.959946231887864 0.8245129758072717 0
1.986548583154444 0.8205033165073876 0
2.013451416845557 0.8205033165073876 0
2.040053768112137 0.8245129758072718 0
2.065761384385952 0.8324427252440434 0
2.090000000000001 0.8441154273188014 0
2.112228164334573 0.8592703331557552 0
2.131949336929369 0.8775689072012351 0
2.148722979376879 0.8986023895485487 0
2.162174396222436 0.9219009269588401 0
2.172003105041505 0.9469440686060376 0
2.177989548720523 0.9731723920882888 0
1 6 0 64
197
198
199
200
201
202
203
204
205
206
207
208
209
210
211
212
213
214
215
216
217
218
219
220
221
222
223
224
225
226
227
228
229
230
231
232
233
234
235
236
237
238
239
240
241
242
243
244
245
246
247
248
249
250
251
252
253
254
255
256
257
258
259
260
3.971451575323607 1 0
3.943460144459176 1 0
3.915468713594745 1 0
3.887477282730313 1 0
3.859485851865882 1 0
3.83149442100145 1 0
3.803502990137019 1 0
3.775511559272588 1 0
3.747520128408156 1 0
3.719528697543725 1 0
3.691537266679293 1 0
3.663545835814862 1 0
3.63555440495043 1 0
3.607562974085999 1 0
3.579571543221568 1 0
3.551580112357136 1 0
3.523588681492705 1 0
3.495597250628273 1 0
3.467605819763842 1 0
3.439614388899411 1 0
3.411622958034979 1 0
3.383631527170547 1 0
3.355640096306116 1 0
3.327648665441685 1 0
3.299657234577253 1 0
3.271665803712822 1 0
3.243674372848391 1 0
3.215682941983959 1 0
3.187691511119528 1 0
3.159700080255097 1 0
3.131708649390665 1 0
3.103717218526234 1 0
3.075725787661802 1 0
3.047734356797371 1 0
3.01974292593294 1 0
2.991751495068508 1 0
2.963760064204077 1 0
2.935768633339646 1 0
2.907777202475215 1 0
2.879785771610783 1 0
2.851794340746352 1 0
2.823802909881921 1 0
2.795811479017489 1 0
2.767820048153058 1 0
2.739828617288627 1 0
2.711837186424195 1 0
2.683845755559764 1 0
2.655854324695333 1 0
2.627862893830901 1 0
2.59987146296647 1 0
2.571880032102039 1 0
2.543888601237607 1 0
2.515897170373176 1 0
2.487905739508744 1 0
2.459914308644313 1 0
2.431922877779882 1 0
2.40393144691545 1 0
2.375940016051019 1 0
2.347948585186588 1 0
2.319957154322157 1 0
2.291965723457726 1 0
2.263974292593294 1 0
2.235982861728863 1 0
2.207991430864432 1 0
1 7 0 20
261
262
263
264
265
266
267
268
269
270
271
272
273
274
275
276
277
278
279
280
4 0.0301615436778249 0
4 0.06151308897222146 0
4 0.09513664682920066 0
4 0.1319862268385559 0
4 0.1729356854232557 0
4 0.2188383346598553 0
4 0.2705761493916675 0
4 0.3290966677900174 0
4 0.3953970901575425 0
4 0.4651323633858483 0
4 0.5348676366141543 0
4 0.60460290984246 0
4 0.6709033322099848 0
4 0.7294238506083339 0
4 0.7811616653401465 0
4 0.8270643145767458 0
4 0.8680137731614459 0
4 0.9048633531708014 0
4 0.93848691102778 0
4 0.9698384563221757 0
1 8 0 64
281
282
283
284
285
286
287
288
289
290
291
292
293
294
295
296
297
298
299
300
301
302
303
304
305
306
307
308
309
310
311
312
313
314
315
316
317
318
319
320
321
322
323
324
325
326
327
328
329
330
331
332
333
334
335
336
337
338
339
340
341
342
343
344
2.207991430864432 0 0
2.235982861728863 0 0
2.263974292593294 0 0
2.291965723457726 0 0
2.319957154322157 0 0
2.347948585186589 0 0
2.37594001605102 0 0
2.403931446915451 0 0
2.431922877779883 0 0
2.459914308644314 0 0
2.487905739508745 0 0
2.515897170373177 0 0
2.543888601237608 0 0
2.571880032102039 0 0
2.599871462966471 0 0
2.627862893830902 0 0
2.655854324695334 0 0
2.683845755559765 0 0
2.711837186424197 0 0
2.739828617288628 0 0
2.76782004815306 0 0
2.795811479017491 0 0
2.823802909881922 0 0
2.851794340746354 0 0
2.879785771610786 0 0
2.907777202475217 0 0
2.935768633339648 0 0
2.96376006420408 0 0
2.991751495068511 0 0
3.019742925932943 0 0
3.047734356797374 0 0
3.075725787661806 0 0
3.103717218526237 0 0
3.131708649390669 0 0
3.159700080255099 0 0
3.187691511119531 0 0
3.215682941983962 0 0
3.243674372848393 0 0
3.271665803712825 0 0
3.299657234577256 0 0
3.327648665441687 0 0
3.355640096306119 0 0
3.38363152717055 0 0
3.411622958034981 0 0
3.439614388899412 0 0
3.467605819763844 0 0
3.495597250628275 0 0
3.523588681492706 0 0
3.551580112357138 0 0
3.579571543221569 0 0
3.607562974086 0 0
3.635554404950431 0 0
3.663545835814863 0 0
3.691537266679294 0 0
3.719528697543725 0 0
3.747520128408157 0 0
3.775511559272588 0 0
3.803502990137019 0 0
3.831494421001451 0 0
3.859485851865882 0 0
3.887477282730313 0 0
3.915468713594744 0 0
3.943460144459176 0 0
3.971451575323607 0 0
2 1 0 4941
345
346
347
348
349
350
351
352
353
354
355
356
357
358
359
360
361
362
363
364
365
366
367
368
369
370
371
372
373
374
375
376
377
378
379
380
381
382
383
384
385
386
387
388
389
390
391
392
393
394
395
396
397
398
399
400
401
402
403
404
405
406
407
408
409
410
411
412
413
414
415
416
417
418
419
420
421
422
423
424
425
426
427
428
429
430
431
432
433
434
435
436
437
438
439
440
441
442
443
444
445
446
447
448
449
450
451
452
453
454
455
456
457
458
459
460
461
462
463
464
465
466
467
468
469
470
471
472
473
474
475
476
477
478
479
480
481
482
483
484
485
486
487
488
489
490
491
492
493
494
495
496
497
498
499
500
501
502
503
504
505
506
507
508
509
510
511
512
513
514
515
516
517
518
519
520
521
522
523
524
525
526
527
528
529
530
531
532
533
534
535
536
537
538
539
540
541
542
543
544
545
546
547
548
549
550
551
552
553
554
555
556
557
558
559
560
561
562
563
564
565
566
567
568
569
570
571
572
573
574
575
576
577
578
579
580
581
582
583
584
585
586
587
588
589
590
591
592
593
594
595
596
597
598
599
600
601
602
603
604
605
606
607
608
609
610
611
612
613
614
615
616
617
618
619
620
621
622
623
624
625
626
627
628
629
630
631
632
633
634
635
636
637
638
639
640
641
642
643
644
645
646
647
648
649
650
651
652
653
654
655
656
657
658
659
660
661
662
663
664
665
666
667
668
669
670
671
672
673
674
675
676
677
678
679
680
681
682
683
684
685
686
687
688
689
690
691
692
693
694
695
696
697
698
699
700
701
702
703
704
705
706
707
708
709
710
711
712
713
714
715
716
717
718
719
720
721
722
723
724
725
726
727
728
729
730
731
732
733
734
735
736
737
738
739
740
741
742
743
744
745
746
747
748
749
750
751
752
753
754
755
756
757
758
759
760
761
762
763
764
765
766
767
768
769
770
771
772
773
774
775
776
777
778
779
780
781
782
783
784
785
786
787
788
789
790
791
792
793
794
795
796
797
798
799
800
801
802
803
804
805
806
807
808
809
810
811
812
813
814
815
816
817
818
819
820
821
822
823
824
825
826
827
828
829
830
831
832
833
834
835
836
837
838
839
840
841
842
843
844
845
846
847
848
849
850
851
852
853
854
855
856
857
858
859
860
861
862
863
864
865
866
867
868
869
870
871
872
873
874
875
876
877
878
879
880
881
882
883
884
885
886
887
888
889
890
891
892
893
894
895
896
897
898
899
900
901
902
903
904
905
906
907
908
909
910
911
912
913
914
915
916
917
918
919
920
921
922
923
924
925
926
927
928
929
930
931
932
933
934
935
936
937
938
939
940
941
942
943
944
945
946
947
948
949
950
951
952
953
954
955
956
957
958
959
960
961
962
963
964
965
966
967
968
969
970
971
972
973
974
975
976
977
978
979
980
981
982
983
984
985
986
987
988
989
990
991
992
993
994
995
996
997
998
999
1000
1001
1002
1003
1004
1005
1006
1007
1008
1009
1010
1011
1012
1013
1014
1015
1016
1017
1018
1019
1020
1021
1022
1023
1024
1025
1026
1027
1028
1029
1030
1031
1032
1033
1034
1035
1036
1037
1038
1039
1040
1041
1042
1043
1044
1045
1046
1047
1048
1049
1050
1051
1052
1053
1054
1055
1056
1057
1058
1059
1060
1061
1062
1063
1064
1065
1066
1067
1068
1069
1070
1071
1072
1073
1074
1075
1076
1077
1078
1079
1080
1081
1082
1083
1084
1085
1086
1087
1088
1089
1090
1091
1092
1093
1094
1095
1096
1097
1098
1099
1100
1101
1102
1103
1104
1105
1106
1107
1108
1109
1110
1111
1112
1113
1114
1115
1116
1117
1118
1119
1120
1121
1122
1123
1124
1125
1126
1127
1128
1129
1130
1131
1132
1133
1134
1135
1136
1137
1138
1139
1140
1141
1142
1143
1144
1145
1146
1147
1148
1149
1150
1151
1152
1153
1154
1155
1156
1157
1158
1159
1160
1161
1162
1163
1164
1165
1166
1167
1168
1169
1170
1171
1172
1173
1174
1175
1176
1177
1178
1179
1180
1181
1182
1183
1184
1185
1186
1187
1188
1189
1190
1191
1192
1193
1194
1195
1196
1197
1198
1199
1200
1201
1202
1203
1204
1205
1206
1207
1208
1209
1210
1211
1212
1213
1214
1215
1216
1217
1218
1219
1220
1221
1222
1223
1224
1225
1226
1227
1228
1229
1230
1231
1232
1233
1234
1235
1236
1237
1238
1239
1240
1241
1242
1243
1244
1245
1246
1247
1248
1249
1250
1251
1252
1253
1254
1255
1256
1257
1258
1259
1260
1261
1262
1263
1264
1265
1266
1267
1268
1269
1270
1271
1272
1273
1274
1275
1276
1277
1278
1279
1280
1281
1282
1283
1284
1285
1286
1287
1288
1289
1290
1291
1292
1293
1294
1295
1296
1297
1298
1299
1300
1301
1302
1303
1304
1305
1306
1307
1308
1309
1310
1311
1312
1313
1314
1315
1316
1317
1318
1319
1320
1321
1322
1323
1324
1325
1326
1327
1328
1329
1330
1331
1332
1333
1334
1335
1336
1337
1338
1339
1340
1341
1342
1343
1344
1345
1346
1347
1348
1349
1350
1351
1352
1353
1354
1355
1356
1357
1358
1359
1360
1361
1362
1363
1364
1365
1366
1367
1368
1369
1370
1371
1372
1373
1374
1375
1376
1377
1378
1379
1380
1381
1382
1383
1384
1385
1386
1387
1388
1389
1390
1391
1392
1393
1394
1395
1396
1397
1398
1399
1400
1401
1402
1403
1404
1405
1406
1407
1408
1409
1410
1411
1412
1413
1414
1415
1416
1417
1418
1419
1420
1421
1422
1423
1424
1425
1426
1427
1428
1429
1430
1431
1432
1433
1434
1435
1436
1437
1438
1439
1440
1441
1442
1443
1444
1445
1446
1447
1448
1449
1450
1451
1452
1453
1454
1455
1456
1457
1458
1459
1460
1461
1462
1463
1464
1465
1466
1467
1468
1469
1470
1471
1472
1473
1474
1475
1476
1477
1478
1479
1480
1481
1482
1483
1484
1485
1486
1487
1488
1489
1490
1491
1492
1493
1494
1495
1496
1497
1498
1499
1500
1501
1502
1503
1504
1505
1506
1507
1508
1509
1510
1511
1512
1513
1514
1515
1516
1517
1518
1519
1520
1521
1522
1523
1524
1525
1526
1527
1528
1529
1530
1531
1532
1533
1534
1535
1536
1537
1538
1539
1540
1541
1542
1543
1544
1545
1546
1547
1548
1549
1550
1551
1552
1553
1554
1555
1556
1557
1558
1559
1560
1561
1562
1563
1564
1565
1566
1567
1568
1569
1570
1571
1572
1573
1574
1575
1576
1577
1578
1579
1580
1581
1582
1583
1584
1585
1586
1587
1588
1589
1590
1591
1592
1593
1594
1595
1596
1597
1598
1599
1600
1601
1602
1603
1604
1605
1606
1607
1608
1609
1610
1611
1612
1613
1614
1615
1616
1617
1618
1619
1620
1621
1622
1623
1624
1625
1626
1627
1628
1629
1630
1631
1632
1633
1634
1635
1636
1637
1638
1639
1640
1641
1642
1643
1644
1645
1646
1647
1648
1649
1650
1651
1652
1653
1654
1655
1656
1657
1658
1659
1660
1661
1662
1663
1664
1665
1666
1667
1668
1669
1670
1671
1672
1673
1674
1675
1676
1677
1678
1679
1680
1681
1682
1683
1684
1685
1686
1687
1688
1689
1690
1691
1692
1693
1694
1695
1696
1697
1698
1699
1700
1701
1702
1703
1704
1705
1706
1707
1708
1709
1710
1711
1712
1713
1714
1715
1716
1717
1718
1719
1720
1721
1722
1723
1724
1725
1726
1727
1728
1729
1730
1731
1732
1733
1734
1735
1736
1737
1738
1739
1740
1741
1742
1743
1744
1745
1746
1747
1748
1749
1750
1751
1752
1753
1754
1755
1756
1757
1758
1759
1760
1761
1762
1763
1764
1765
1766
1767
1768
1769
1770
1771
1772
1773
1774
1775
1776
1777
1778
1779
1780
1781
1782
1783
1784
1785
1786
1787
1788
1789
1790
1791
1792
1793
1794
1795
1796
1797
1798
1799
1800
1801
1802
1803
1804
1805
1806
1807
1808
1809
1810
1811
1812
1813
1814
1815
1816
1817
1818
1819
1820
1821
1822
1823
1824
1825
1826
1827
1828
1829
1830
1831
1832
1833
1834
1835
1836
1837
1838
1839
1840
1841
1842
1843
1844
1845
1846
1847
1848
1849
1850
1851
1852
1853
1854
1855
1856
1857
1858
1859
1860
1861
1862
1863
1864
1865
1866
1867
1868
1869
1870
1871
1872
1873
1874
1875
1876
1877
1878
1879
1880
1881
1882
1883
1884
1885
1886
1887
1888
1889
1890
1891
1892
1893
1894
1895
1896
1897
1898
1899
1900
1901
1902
1903
1904
1905
1906
1907
1908
1909
1910
1911
1912
1913
1914
1915
1916
1917
1918
1919
1920
1921
1922
1923
1924
1925
1926
1927
1928
1929
1930
1931
1932
1933
1934
1935
1936
1937
1938
1939
1940
1941
1942
1943
1944
1945
1946
1947
1948
1949
1950
1951
1952
1953
1954
1955
1956
1957
1958
1959
1960
1961
1962
1963
1964
1965
1966
1967
1968
1969
1970
1971
1972
1973
1974
1975
1976
1977
1978
1979
1980
1981
1982
1983
1984
1985
1986
1987
1988
1989
1990
1991
1992
1993
1994
1995
1996
1997
1998
1999
2000
2001
2002
2003
2004
2005
2006
2007
2008
2009
2010
2011
2012
2013
2014
2015
2016
2017
2018
2019
2020
2021
2022
2023
2024
2025
2026
2027
2028
2029
2030
2031
2032
2033
2034
2035
2036
2037
2038
2039
2040
2041
2042
2043
2044
2045
2046
2047
2048
2049
2050
2051
2052
2053
2054
2055
2056
2057
2058
2059
2060
2061
2062
2063
2064
2065
2066
2067
2068
2069
2070
2071
2072
2073
2074
2075
2076
2077
2078
2079
2080
2081
2082
2083
2084
2085
2086
2087
2088
2089
2090
2091
2092
2093
2094
2095
2096
2097
2098
2099
2100
2101
2102
2103
2104
2105
2106
2107
2108
2109
2110
2111
2112
2113
2114
2115
2116
2117
2118
2119
2120
2121
2122
2123
2124
2125
2126
2127
2128
2129
2130
2131
2132
2133
2134
2135
2136
2137
2138
2139
2140
2141
2142
2143
2144
2145
2146
2147
2148
2149
2150
2151
2152
2153
2154
2155
2156
2157
2158
2159
2160
2161
2162
2163
2164
2165
2166
2167
2168
2169
2170
2171
2172
2173
2174
2175
2176
2177
2178
2179
2180
2181
2182
2183
2184
2185
2186
2187
2188
2189
2190
2191
2192
2193
2194
2195
2196
2197
2198
2199
2200
2201
2202
2203
2204
2205
2206
2207
2208
2209
2210
2211
2212
2213
2214
2215
2216
2217
2218
2219
2220
2221
2222
2223
2224
2225
2226
2227
2228
2229
2230
2231
2232
2233
2234
2235
2236
2237
2238
2239
2240
2241
2242
2243
2244
2245
2246
2247
2248
2249
2250
2251
2252
2253
2254
2255
2256
2257
2258
2259
2260
2261
2262
2263
2264
2265
2266
2267
2268
2269
2270
2271
2272
2273
2274
2275
2276
2277
2278
2279
2280
2281
2282
2283
2284
2285
2286
2287
2288
2289
2290
2291
2292
2293
2294
2295
2296
2297
2298
2299
2300
2301
2302
2303
2304
2305
2306
2307
2308
2309
2310
2311
2312
2313
2314
2315
2316
2317
2318
2319
2320
2321
2322
2323
2324
2325
2326
2327
2328
2329
2330
2331
2332
2333
2334
2335
2336
2337
2338
2339
2340
2341
2342
2343
2344
2345
2346
2347
2348
2349
2350
2351
2352
2353
2354
2355
2356
2357
2358
2359
2360
2361
2362
2363
2364
2365
2366
2367
2368
2369
2370
2371
2372
2373
2374
2375
2376
2377
2378
2379
2380
2381
2382
2383
2384
2385
2386
2387
2388
2389
2390
2391
2392
2393
2394
2395
2396
2397
2398
2399
2400
2401
2402
2403
2404
2405
2406
2407
2408
2409
2410
2411
2412
2413
2414
2415
2416
2417
2418
2419
2420
2421
2422
2423
2424
2425
2426
2427
2428
2429
2430
2431
2432
2433
2434
2435
2436
2437
2438
2439
2440
2441
2442
2443
2444
2445
2446
2447
2448
2449
2450
2451
2452
2453
2454
2455
2456
2457
2458
2459
2460
2461
2462
2463
2464
2465
2466
2467
2468
2469
2470
2471
2472
2473
2474
2475
2476
2477
2478
2479
2480
2481
2482
2483
2484
2485
2486
2487
2488
2489
2490
2491
2492
2493
2494
2495
2496
2497
2498
2499
2500
2501
2502
2503
2504
2505
2506
2507
2508
2509
2510
2511
2512
2513
2514
2515
2516
2517
2518
2519
2520
2521
2522
2523
2524
2525
2526
2527
2528
2529
2530
2531
2532
2533
2534
2535
2536
2537
2538
2539
2540
2541
2542
2543
2544
2545
2546
2547
2548
2549
2550
2551
2552
2553
2554
2555
2556
2557
2558
2559
2560
2561
2562
2563
2564
2565
2566
2567
2568
2569
2570
2571
2572
2573
2574
2575
2576
2577
2578
2579
2580
2581
2582
2583
2584
2585
2586
2587
2588
2589
2590
2591
2592
2593
2594
2595
2596
2597
2598
2599
2600
2601
2602
2603
2604
2605
2606
2607
2608
2609
2610
2611
2612
2613
2614
2615
2616
2617
2618
2619
2620
2621
2622
2623
2624
2625
2626
2627
2628
2629
2630
2631
2632
2633
2634
2635
2636
2637
2638
2639
2640
2641
2642
2643
2644
2645
2646
2647
2648
2649
2650
2651
2652
2653
2654
2655
2656
2657
2658
2659
2660
2661
2662
2663
2664
2665
2666
2667
2668
2669
2670
2671
2672
2673
2674
2675
2676
2677
2678
2679
2680
2681
2682
2683
2684
2685
2686
2687
2688
2689
2690
2691
2692
2693
2694
2695
2696
2697
2698
2699
2700
2701
2702
2703
2704
2705
2706
2707
2708
2709
2710
2711
2712
2713
2714
2715
2716
2717
2718
2719
2720
2721
2722
2723
2724
2725
2726
2727
2728
2729
2730
2731
2732
2733
2734
2735
2736
2737
2738
2739
2740
2741
2742
2743
2744
2745
2746
2747
2748
2749
2750
2751
2752
2753
2754
2755
2756
2757
2758
2759
2760
2761
2762
2763
2764
2765
2766
2767
2768
2769
2770
2771
2772
2773
2774
2775
2776
2777
2778
2779
2780
2781
2782
2783
2784
2785
2786
2787
2788
2789
2790
2791
2792
2793
2794
2795
2796
2797
2798
2799
2800
2801
2802
2803
2804
2805
2806
2807
2808
2809
2810
2811
2812
2813
2814
2815
2816
2817
2818
2819
2820
2821
2822
2823
2824
2825
2826
2827
2828
2829
2830
2831
2832
2833
2834
2835
2836
2837
2838
2839
2840
2841
2842
2843
2844
2845
2846
2847
2848
2849
2850
2851
2852
2853
2854
2855
2856
2857
2858
2859
2860
2861
2862
2863
2864
2865
2866
2867
2868
2869
2870
2871
2872
2873
2874
2875
2876
2877
2878
2879
2880
2881
2882
2883
2884
2885
2886
2887
2888
2889
2890
2891
2892
2893
2894
2895
2896
2897
2898
2899
2900
2901
2902
2903
2904
2905
2906
2907
2908
2909
2910
2911
2912
2913
2914
2915
2916
2917
2918
2919
2920
2921
2922
2923
2924
2925
2926
2927
2928
2929
2930
2931
2932
2933
2934
2935
2936
2937
2938
2939
2940
2941
2942
2943
2944
2945
2946
2947
2948
2949
2950
2951
2952
2953
2954
2955
2956
2957
2958
2959
2960
2961
2962
2963
2964
2965
2966
2967
2968
2969
2970
2971
2972
2973
2974
2975
2976
2977
2978
2979
2980
2981
2982
2983
2984
2985
2986
2987
2988
2989
2990
2991
2992
2993
2994
2995
2996
2997
2998
2999
3000
3001
3002
3003
3004
3005
3006
3007
3008
3009
3010
3011
3012
3013
3014
3015
3016
3017
3018
3019
3020
3021
3022
3023
3024
3025
3026
3027
3028
3029
3030
3031
3032
3033
3034
3035
3036
3037
3038
3039
3040
3041
3042
3043
3044
3045
3046
3047
3048
3049
3050
3051
3052
3053
3054
3055
3056
3057
3058
3059
3060
3061
3062
3063
3064
3065
3066
3067
3068
3069
3070
3071
3072
3073
3074
3075
3076
3077
3078
3079
3080
3081
3082
3083
3084
3085
3086
3087
3088
3089
3090
3091
3092
3093
3094
3095
3096
3097
3098
3099
3100
3101
3102
3103
3104
3105
3106
3107
3108
3109
3110
3111
3112
3113
3114
3115
3116
3117
3118
3119
3120
3121
3122
3123
3124
3125
3126
3127
3128
3129
3130
3131
3132
3133
3134
3135
3136
3137
3138
3139
3140
3141
3142
3143
3144
3145
3146
3147
3148
3149
3150
3151
3152
3153
3154
3155
3156
3157
3158
3159
3160
3161
3162
3163
3164
3165
3166
3167
3168
3169
3170
3171
3172
3173
3174
3175
3176
3177
3178
3179
3180
3181
3182
3183
3184
3185
3186
3187
3188
3189
3190
3191
3192
3193
3194
3195
3196
3197
3198
3199
3200
3201
3202
3203
3204
3205
3206
3207
3208
3209
3210
3211
3212
3213
3214
3215
3216
3217
3218
3219
3220
3221
3222
3223
3224
3225
3226
3227
3228
3229
3230
3231
3232
3233
3234
3235
3236
3237
3238
3239
3240
3241
3242
3243
3244
3245
3246
3247
3248
3249
3250
3251
3252
3253
3254
3255
3256
3257
3258
3259
3260
3261
3262
3263
3264
3265
3266
3267
3268
3269
3270
3271
3272
3273
3274
3275
3276
3277
3278
3279
3280
3281
3282
3283
3284
3285
3286
3287
3288
3289
3290
3291
3292
3293
3294
3295
3296
3297
3298
3299
3300
3301
3302
3303
3304
3305
3306
3307
3308
3309
3310
3311
3312
3313
3314
3315
3316
3317
3318
3319
3320
3321
3322
3323
3324
3325
3326
3327
3328
3329
3330
3331
3332
3333
3334
3335
3336
3337
3338
3339
3340
3341
3342
3343
3344
3345
3346
3347
3348
3349
3350
3351
3352
3353
3354
3355
3356
3357
3358
3359
3360
3361
3362
3363
3364
3365
3366
3367
3368
3369
3370
3371
3372
3373
3374
3375
3376
3377
3378
3379
3380
3381
3382
3383
3384
3385
3386
3387
3388
3389
3390
3391
3392
3393
3394
3395
3396
3397
3398
3399
3400
3401
3402
3403
3404
3405
3406
3407
3408
3409
3410
3411
3412
3413
3414
3415
3416
3417
3418
3419
3420
3421
3422
3423
3424
3425
3426
3427
3428
3429
3430
3431
3432
3433
3434
3435
3436
3437
3438
3439
3440
3441
3442
3443
3444
3445
3446
3447
3448
3449
3450
3451
3452
3453
3454
3455
3456
3457
3458
3459
3460
3461
3462
3463
3464
3465
3466
3467
3468
3469
3470
3471
3472
3473
3474
3475
3476
3477
3478
3479
3480
3481
3482
3483
3484
3485
3486
3487
3488
3489
3490
3491
3492
3493
3494
3495
3496
3497
3498
3499
3500
3501
3502
3503
3504
3505
3506
3507
3508
3509
3510
3511
3512
3513
3514
3515
3516
3517
3518
3519
3520
3521
3522
3523
3524
3525
3526
3527
3528
3529
3530
3531
3532
3533
3534
3535
3536
3537
3538
3539
3540
3541
3542
3543
3544
3545
3546
3547
3548
3549
3550
3551
3552
3553
3554
3555
3556
3557
3558
3559
3560
3561
3562
3563
3564
3565
3566
3567
3568
3569
3570
3571
3572
3573
3574
3575
3576
3577
3578
3579
3580
3581
3582
3583
3584
3585
3586
3587
3588
3589
3590
3591
3592
3593
3594
3595
3596
3597
3598
3599
3600
3601
3602
3603
3604
3605
3606
3607
3608
3609
3610
3611
3612
3613
3614
3615
3616
3617
3618
3619
3620
3621
3622
3623
3624
3625
3626
3627
3628
3629
3630
3631
3632
3633
3634
3635
3636
3637
3638
3639
3640
3641
3642
3643
3644
3645
3646
3647
3648
3649
3650
3651
3652
3653
3654
3655
3656
3657
3658
3659
3660
3661
3662
3663
3664
3665
3666
3667
3668
3669
3670
3671
3672
3673
3674
3675
3676
3677
3678
3679
3680
3681
3682
3683
3684
3685
3686
3687
3688
3689
3690
3691
3692
3693
3694
3695
3696
3697
3698
3699
3700
3701
3702
3703
3704
3705
3706
3707
3708
3709
3710
3711
3712
3713
3714
3715
3716
3717
3718
3719
3720
3721
3722
3723
3724
3725
3726
3727
3728
3729
3730
3731
3732
3733
3734
3735
3736
3737
3738
3739
3740
3741
3742
3743
3744
3745
3746
3747
3748
3749
3750
3751
3752
3753
3754
3755
3756
3757
3758
3759
3760
3761
3762
3763
3764
3765
3766
3767
3768
3769
3770
3771
3772
3773
3774
3775
3776
3777
3778
3779
3780
3781
3782
3783
3784
3785
3786
3787
3788
3789
3790
3791
3792
3793
3794
3795
3796
3797
3798
3799
3800
3801
3802
3803
3804
3805
3806
3807
3808
3809
3810
3811
3812
3813
3814
3815
3816
3817
3818
3819
3820
3821
3822
3823
3824
3825
3826
3827
3828
3829
3830
3831
3832
3833
3834
3835
3836
3837
3838
3839
3840
3841
3842
3843
3844
3845
3846
3847
3848
3849
3850
3851
3852
3853
3854
3855
3856
3857
3858
3859
3860
3861
3862
3863
3864
3865
3866
3867
3868
3869
3870
3871
3872
3873
3874
3875
3876
3877
3878
3879
3880
3881
3882
3883
3884
3885
3886
3887
3888
3889
3890
3891
3892
3893
3894
3895
3896
3897
3898
3899
3900
3901
3902
3903
3904
3905
3906
3907
3908
3909
3910
3911
3912
3913
3914
3915
3916
3917
3918
3919
3920
3921
3922
3923
3924
3925
3926
3927
3928
3929
3930
3931
3932
3933
3934
3935
3936
3937
3938
3939
3940
3941
3942
3943
3944
3945
3946
3947
3948
3949
3950
3951
3952
3953
3954
3955
3956
3957
3958
3959
3960
3961
3962
3963
3964
3965
3966
3967
3968
3969
3970
3971
3972
3973
3974
3975
3976
3977
3978
3979
3980
3981
3982
3983
3984
3985
3986
3987
3988
3989
3990
3991
3992
3993
3994
3995
3996
3997
3998
3999
4000
4001
4002
4003
4004
4005
4006
4007
4008
4009
4010
4011
4012
4013
4014
4015
4016
4017
4018
4019
4020
4021
4022
4023
4024
4025
4026
4027
4028
4029
4030
4031
4032
4033
4034
4035
4036
4037
4038
4039
4040
4041
4042
4043
4044
4045
4046
4047
4048
4049
4050
4051
4052
4053
4054
4055
4056
4057
4058
4059
4060
4061
4062
4063
4064
4065
4066
4067
4068
4069
4070
4071
4072
4073
4074
4075
4076
4077
4078
4079
4080
4081
4082
4083
4084
4085
4086
4087
4088
4089
4090
4091
4092
4093
4094
4095
4096
4097
4098
4099
4100
4101
4102
4103
4104
4105
4106
4107
4108
4109
4110
4111
4112
4113
4114
4115
4116
4117
4118
4119
4120
4121
4122
4123
4124
4125
4126
4127
4128
4129
4130
4131
4132
4133
4134
4135
4136
4137
4138
4139
4140
4141
4142
4143
4144
4145
4146
4147
4148
4149
4150
4151
4152
4153
4154
4155
4156
4157
4158
4159
4160
4161
4162
4163
4164
4165
4166
4167
4168
4169
4170
4171
4172
4173
4174
4175
4176
4177
4178
4179
4180
4181
4182
4183
4184
4185
4186
4187
4188
4189
4190
4191
4192
4193
4194
4195
4196
4197
4198
4199
4200
4201
4202
4203
4204
4205
4206
4207
4208
4209
4210
4211
4212
4213
4214
4215
4216
4217
4218
4219
4220
4221
4222
4223
4224
4225
4226
4227
4228
4229
4230
4231
4232
4233
4234
4235
4236
4237
4238
4239
4240
4241
4242
4243
4244
4245
4246
4247
4248
4249
4250
4251
4252
4253
4254
4255
4256
4257
4258
4259
4260
4261
4262
4263
4264
4265
4266
4267
4268
4269
4270
4271
4272
4273
4274
4275
4276
4277
4278
4279
4280
4281
4282
4283
4284
4285
4286
4287
4288
4289
4290
4291
4292
4293
4294
4295
4296
4297
4298
4299
4300
4301
4302
4303
4304
4305
4306
4307
4308
4309
4310
4311
4312
4313
4314
4315
4316
4317
4318
4319
4320
4321
4322
4323
4324
4325
4326
4327
4328
4329
4330
4331
4332
4333
4334
4335
4336
4337
4338
4339
4340
4341
4342
4343
4344
4345
4346
4347
4348
4349
4350
4351
4352
4353
4354
4355
4356
4357
4358
4359
4360
4361
4362
4363
4364
4365
4366
4367
4368
4369
4370
4371
4372
4373
4374
4375
4376
4377
4378
4379
4380
4381
4382
4383
4384
4385
4386
4387
4388
4389
4390
4391
4392
4393
4394
4395
4396
4397
4398
4399
4400
4401
4402
4403
4404
4405
4406
4407
4408
4409
4410
4411
4412
4413
4414
4415
4416
4417
4418
4419
4420
4421
4422
4423
4424
4425
4426
4427
4428
4429
4430
4431
4432
4433
4434
4435
4436
4437
4438
4439
4440
4441
4442
4443
4444
4445
4446
4447
4448
4449
4450
4451
4452
4453
4454
4455
4456
4457
4458
4459
4460
4461
4462
4463
4464
4465
4466
4467
4468
4469
4470
4471
4472
4473
4474
4475
4476
4477
4478
4479
4480
4481
4482
4483
4484
4485
4486
4487
4488
4489
4490
4491
4492
4493
4494
4495
4496
4497
4498
4499
4500
4501
4502
4503
4504
4505
4506
4507
4508
4509
4510
4511
4512
4513
4514
4515
4516
4517
4518
4519
4520
4521
4522
4523
4524
4525
4526
4527
4528
4529
4530
4531
4532
4533
4534
4535
4536
4537
4538
4539
4540
4541
4542
4543
4544
4545
4546
4547
4548
4549
4550
4551
4552
4553
4554
4555
4556
4557
4558
4559
4560
4561
4562
4563
4564
4565
4566
4567
4568
4569
4570
4571
4572
4573
4574
4575
4576
4577
4578
4579
4580
4581
4582
4583
4584
4585
4586
4587
4588
4589
4590
4591
4592
4593
4594
4595
4596
4597
4598
4599
4600
4601
4602
4603
4604
4605
4606
4607
4608
4609
4610
4611
4612
4613
4614
4615
4616
4617
4618
4619
4620
4621
4622
4623
4624
4625
4626
4627
4628
4629
4630
4631
4632
4633
4634
4635
4636
4637
4638
4639
4640
4641
4642
4643
4644
4645
4646
4647
4648
4649
4650
4651
4652
4653
4654
4655
4656
4657
4658
4659
4660
4661
4662
4663
4664
4665
4666
4667
4668
4669
4670
4671
4672
4673
4674
4675
4676
4677
4678
4679
4680
4681
4682
4683
4684
4685
4686
4687
4688
4689
4690
4691
4692
4693
4694
4695
4696
4697
4698
4699
4700
4701
4702
4703
4704
4705
4706
4707
4708
4709
4710
4711
4712
4713
4714
4715
4716
4717
4718
4719
4720
4721
4722
4723
4724
4725
4726
4727
4728
4729
4730
4731
4732
4733
4734
4735
4736
4737
4738
4739
4740
4741
4742
4743
4744
4745
4746
4747
4748
4749
4750
4751
4752
4753
4754
4755
4756
4757
4758
4759
4760
4761
4762
4763
4764
4765
4766
4767
4768
4769
4770
4771
4772
4773
4774
4775
4776
4777
4778
4779
4780
4781
4782
4783
4784
4785
4786
4787
4788
4789
4790
4791
4792
4793
4794
4795
4796
4797
4798
4799
4800
4801
4802
4803
4804
4805
4806
4807
4808
4809
4810
4811
4812
4813
4814
4815
4816
4817
4818
4819
4820
4821
4822
4823
4824
4825
4826
4827
4828
4829
4830
4831
4832
4833
4834
4835
4836
4837
4838
4839
4840
4841
4842
4843
4844
4845
4846
4847
4848
4849
4850
4851
4852
4853
4854
4855
4856
4857
4858
4859
4860
4861
4862
4863
4864
4865
4866
4867
4868
4869
4870
4871
4872
4873
4874
4875
4876
4877
4878
4879
4880
4881
4882
4883
4884
4885
4886
4887
4888
4889
4890
4891
4892
4893
4894
4895
4896
4897
4898
4899
4900
4901
4902
4903
4904
4905
4906
4907
4908
4909
4910
4911
4912
4913
4914
4915
4916
4917
4918
4919
4920
4921
4922
4923
4924
4925
4926
4927
4928
4929
4930
4931
4932
4933
4934
4935
4936
4937
4938
4939
4940
4941
4942
4943
4944
4945
4946
4947
4948
4949
4950
4951
4952
4953
4954
4955
4956
4957
4958
4959
4960
4961
4962
4963
4964
4965
4966
4967
4968
4969
4970
4971
4972
4973
4974
4975
4976
4977
4978
4979
4980
4981
4982
4983
4984
4985
4986
4987
4988
4989
4990
4991
4992
4993
4994
4995
4996
4997
4998
4999
5000
5001
5002
5003
5004
5005
5006
5007
5008
5009
5010
5011
5012
5013
5014
5015
5016
5017
5018
5019
5020
5021
5022
5023
5024
5025
5026
5027
5028
5029
5030
5031
5032
5033
5034
5035
5036
5037
5038
5039
5040
5041
5042
5043
5044
5045
5046
5047
5048
5049
5050
5051
5052
5053
5054
5055
5056
5057
5058
5059
5060
5061
5062
5063
5064
5065
5066
5067
5068
5069
5070
5071
5072
5073
5074
5075
5076
5077
5078
5079
5080
5081
5082
5083
5084
5085
5086
5087
5088
5089
5090
5091
5092
5093
5094
5095
5096
5097
5098
5099
5100
5101
5102
5103
5104
5105
5106
5107
5108
5109
5110
5111
5112
5113
5114
5115
5116
5117
5118
5119
5120
5121
5122
5123
5124
5125
5126
5127
5128
5129
5130
5131
5132
5133
5134
5135
5136
5137
5138
5139
5140
5141
5142
5143
5144
5145
5146
5147
5148
5149
5150
5151
5152
5153
5154
5155
5156
5157
5158
5159
5160
5161
5162
5163
5164
5165
5166
5167
5168
5169
5170
5171
5172
5173
5174
5175
5176
5177
5178
5179
5180
5181
5182
5183
5184
5185
5186
5187
5188
5189
5190
5191
5192
5193
5194
5195
5196
5197
5198
5199
5200
5201
5202
5203
5204
5205
5206
5207
5208
5209
5210
5211
5212
5213
5214
5215
5216
5217
5218
5219
5220
5221
5222
5223
5224
5225
5226
5227
5228
5229
5230
5231
5232
5233
5234
5235
5236
5237
5238
5239
5240
5241
5242
5243
5244
5245
5246
5247
5248
5249
5250
5251
5252
5253
5254
5255
5256
5257
5258
5259
5260
5261
5262
5263
5264
5265
5266
5267
5268
5269
5270
5271
5272
5273
5274
5275
5276
5277
5278
5279
5280
5281
5282
5283
5284
5285
1.862458597260281 0.8533422447086482 0
2.138214589323062 0.1465306790420604 0
1.861753053821286 0.1450871707901644 0
2.137276859956281 0.8512245458430605 0
3.173695795687312 0.9757587097831271 0
3.368943029305143 0.02405467147611196 0
2.92177291790743 0.9757587097831271 0
0.6888358813357578 0.9758721090445452 0
1.077035393304765 0.01921264451695881 0
1.245294984860464 0.02356447108112436 0
1.414409450280824 0.02307743041882965 0
0.5160604951902521 0.02674257642247091 0
2.750468710358677 0.9737111172813191 0
2.585214255005348 0.97679439095454 0
0.9112198004025618 0.02329121515716909 0
3.060392099566972 0.02546548128356524 0
3.481193472937855 0.9748157101137823 0
1.50039100755394 0.9759745456163946 0
1.329708599932144 0.976139477756736 0
1.163771029078889 0.975961008353762 0
2.837798625314138 0.02346856936833186 0
2.501223027753389 0.02518965399911177 0
2.669689330787447 0.02815496432038567 0
0.9978033022371799 0.9742641043382543 0
0.7467263692361723 0.02615951540851402 0
0.4936433758211605 0.9775515114613539 0
3.313643370803371 0.9787679101777462 0
3.507882980497007 0.02528984935232237 0
0.8248592337151535 0.9727104303579284 0
3.229678657416178 0.02424129021687338 0
1.550707747953441 0.02348504504752874 0
2.445909186745097 0.9767927824571838 0
1.940664749622838 0.1938482327501784 0
2.060660251677542 0.1928452103891662 0
1.939672250323732 0.808535084132988 0
2.058510233479245 0.8064954559467774 0
3.059651393642439 0.9759696230932996 0
2.947897024198838 0.025251972573482 0
3.592526922690444 0.973811412657501 0
0.6303641882616673 0.02356860568132779 0
1.610064268516765 0.9757587097831266 0
2.391484655367113 0.02301643316906699 0
0.378815155751286 0.9754887081047843 0
0.4072398714803707 0.02596057363738491 0
3.702397437708846 0.9793069355567567 0
0.2950781001376641 0.02184151292191933 0
3.619468483012294 0.02351294187728226 0
0.05894353941347985 0.5017695009515678 0
3.944376351901692 0.513022576289809 0
3.733502853170867 0.02276470387985319 0
0.2666554887965082 0.977849931990133 0
1.666681474290202 0.02302787887185898 0
2.330833293476242 0.9771994064199574 0
3.952882368356777 0.699066700085478 0
0.04506496667536997 0.2988767728697245 0
3.95070736639805 0.3008953718463496 0
0.0452900994046519 0.705918195791059 0
2.305012114627456 0.0236486647367683 0
1.691907694111325 0.9761160274654939 0
0.6025752001213962 0.9731465983957326 0
0.9942527894992761 0.02424129021687338 0
2.83844981994489 0.9795910678818982 0
1.32961532595415 0.02177604515248693 0
3.397627242602764 0.9757587097831266 0
1.246937232771424 0.9775365997250158 0
1.07928885848836 0.9778512944392821 0
3.144909029322688 0.01979206227571101 0
1.160603309798204 0.02477415303583619 0
2.755306355992911 0.02305283792170915 0
0.8222710651005458 0.02158437244102085 0
1.414124252465745 0.9757587097831266 0
0.9106054930344512 0.9777730748904334 0
2.582620001620556 0.02037786760602955 0
2.674532628675314 0.9771939240261284 0
0.1820727414486931 0.9779554560486643 0
0.2148326889682097 0.02131716332842987 0
3.814081444932295 0.02305364517505754 0
3.789469383937929 0.9749444479880531 0
2.000484244535761 0.7976477905497867 0
1.998875961635991 0.2021552934477727 0
1.824374186932008 0.1013976104514516 0
2.175625813067992 0.8986023895485488 0
1.825811731538503 0.8997606321616475 0
2.174558609055583 0.1020502896015504 0
3.967371219550713 0.8463352088945097 0
0.03113371534934251 0.1518210404147333 0
3.96774594072243 0.1557386156978763 0
0.03468389709398778 0.8490058375601008 0
3.874951570611603 0.9778149758980351 0
0.1255112037865542 0.0251505370244216 0
3.904697368846326 0.0260776349903985 0
0.09780558323563326 0.9761802685386547 0
1.749945726216489 0.02421112599120179 0
2.248831184792731 0.977297938503126 0
1.748265602509549 0.9757292954044117 0
2.250021982097518 0.02313525130019761 0
1.609227222621045 0.02599484506656446 0
2.390560791070932 0.976156836537537 0
1.497505446935473 0.02456496135999719 0
2.501728046396046 0.9762367890505776 0
2.446455922829743 0.02422729131101192 0
1.554094439923361 0.9768427171617577 0
3.229678657416176 0.9757587097831266 0
3.009456046632097 0.02166322853064695 0
0.5450215748448926 0.975958071462687 0
3.119598970720802 0.9733019683540761 0
2.978915800234727 0.9741389098926549 0
3.427349924330392 0.02702797744601582 0
2.893546221028803 0.02361770890533221 0
0.6862117310926954 0.02371933717334318 0
0.7453972255093775 0.9799669575938114 0
3.534636262175625 0.9765022681164578 0
3.312417840660911 0.02451721936697826 0
0.5739714492145973 0.02180248259716355 0
0.4624156030750801 0.02424129021687338 0
0.4337445769314687 0.9755000336040776 0
3.650254710449888 0.9749355329363951 0
0.3514220271529813 0.02317749502342042 0
3.565575827789353 0.02372455228868525 0
0.3231902224348118 0.978008795307014 0
3.677009623083513 0.02802350547973365 0
0.02722233684208719 0.07824426488742808 0
3.974441214995264 0.9207801294730051 0
3.973544600689471 0.07774525981133695 0
0.02563348187151493 0.9201390798023394 0
3.92932809024505 0.9752366486067822 0
0.06942798123642824 0.02268972107938633 0
1.800295964605589 0.9507151194427306 0
2.193930137290613 0.04703000823709369 0
1.803882326014543 0.04347699999964261 0
2.194066769018782 0.9529230280809646 0
3.956808322289751 0.02258380230144658 0
0.04254414010860685 0.9757587097831266 0
2.029922951134114 0.8007318631653542 0
2.048577029240465 0.7803346091124397 0
2.076733095869566 0.7863924568979132 0
2.067535410811407 0.7599572463771074 0
2.094233312939156 0.764860072155657 0
2.085239905783337 0.7392963817047034 0
2.111792056097215 0.7441775059340022 0
2.102792402280512 0.7186999502113518 0
2.129340949761693 0.7236042003729654 0
2.120320954607171 0.6981269324108353 0
2.148353235078396 0.7032452854317648 0
2.09436268422276 0.6936447493796065 0
2.138113914671908 0.6775669565143669 0
2.167621684807857 0.6832224817587016 0
2.156009499111453 0.6570474004672527 0
2.184132852733186 0.6625260237221557 0
2.173478559337839 0.6364050352431113 0
2.200806118782711 0.6418993535533959 0
2.190765993792618 0.6165739036472558 0
2.218242034626901 0.6213776081236962 0
2.165872000303486 0.6129531385554248 0
2.205584139606028 0.5923460736666545 0
2.234503489862649 0.5993566675040178 0
2.225966446140949 0.5742053602343173 0
2.25241194875311 0.5788541439365665 0
2.243586364692014 0.553425190299708 0
2.270396970422281 0.5583583954295162 0
2.278521711063635 0.5832477730881075 0
2.297143452287083 0.5632180550455947 0
2.288132112723217 0.5375874835647432 0
2.315036544196042 0.5425165512895335 0
2.324201658328094 0.5683267029752791 0
2.342014401184747 0.5475198559322526 0
2.332832217386473 0.5216751598680777 0
2.359822512069997 0.5266584227031582 0
2.369000073778028 0.5525298190328378 0
2.386833143633368 0.5316441002050399 0
2.39602546776243 0.5575619778039346 0
2.413890682949762 0.5366285310912049 0
2.423099088727854 0.5625699734210345 0
2.440980220144997 0.5416068742961124 0
2.431751663009134 0.5156761236647074 0
2.458880468216816 0.5206230579315456 0
2.468114630357115 0.5466266314192393 0
2.486038527842533 0.5256206820011853 0
2.49537933470605 0.5511294360751869 0
2.513240257057869 0.5305393025204089 0
2.522594172894225 0.556062712690777 0
2.540461808302239 0.5355201579923841 0
2.549724722609212 0.5616097944636976 0
2.567689931819425 0.5406176564807834 0
2.558402293647125 0.5145458844816523 0
2.585455351449284 0.5207297110942568 0
2.594913368647807 0.5458855767157461 0
2.612911134453742 0.5248174212966842 0
2.622313587402896 0.5503334779085776 0
2.640250081532497 0.5296230406214173 0
2.649647378848448 0.5552463626322546 0
2.667592980523461 0.534566311007266 0
2.675756730249871 0.5597729854381271 0
2.694733565931076 0.5395027109910724 0
2.704025473569912 0.567428974029918 0
2.722299757027142 0.5444851285157338 0
2.712936255791599 0.5184484379383775 0
2.740331487210904 0.5235099564024284 0
2.749737100375888 0.5492677918020585 0
2.767727020775439 0.5285151937677108 0
2.777045763539526 0.5547526926335942 0
2.795108896460635 0.5336298195557657 0
2.804427624509656 0.5598964106667893 0
2.822508754736129 0.5387071461801226 0
2.831832120881033 0.5649780548366472 0
2.849921005733157 0.5437706844392641 0
2.840591991795128 0.5174978718038789 0
2.868014282369241 0.5225539125918673 0
2.877345599344221 0.5488356353717234 0
2.89544633063358 0.5276119131246744 0
2.904857878259361 0.5534800467806409 0
2.922898596547543 0.5326019940798394 0
2.932315357141489 0.5584671632138798 0
2.950352811892279 0.5376354868221435 0
2.959693646901342 0.5639422305879391 0
2.977807942665624 0.5427626793929605 0
2.968452289304983 0.5164571853958347 0
2.99594121853065 0.5215248943496683 0
3.005297912661983 0.5478758906167567 0
3.02345741386037 0.5265921322472652 0
3.032830422833988 0.5529870818623397 0
3.051011923134199 0.531663102395329 0
3.060402075763363 0.5580985116416095 0
3.078616996282381 0.5367263879981291 0
3.088017565828724 0.5632028430545883 0
3.106300786716393 0.5418090859443988 0
3.096848390392247 0.5152466689288578 0
3.124618903984303 0.5203439936449815 0
3.134109382720009 0.5469935436381931 0
3.152529825548536 0.5254238594134222 0
3.16211404420434 0.5523434126652417 0
3.180545113840026 0.5305321016305502 0
3.18994254021549 0.558819114131039 0
3.208644249954966 0.5362438145572601 0
3.218110413486355 0.5644140167497183 0
3.23721135295883 0.5412499494911388 0
2.604117232546121 0.5017752082550594 0
3.200011089777131 0.5097124872235227 0
2.731013558147269 0.4973359345223081 0
2.449371920260681 0.4947713345413201 0
2.858684278429027 0.4962717145319612 0
2.986578851950644 0.4951845407609642 0
3.247082743264563 0.5683027473012524 0
3.266934917456528 0.5449035557039063 0
3.277189363467476 0.5743551053313517 0
3.297665976883458 0.5496760652731687 0
3.308349291652543 0.5806255728714083 0
3.329184805694966 0.5556767437242637 0
3.318095297869748 0.5243223766488408 0
3.339980088393506 0.5868577753580995 0
2.656211689025358 0.5833151566490837 0
2.531715027066924 0.5828014736217328 0
2.813738172990058 0.5861908112484393 0
3.069766388864656 0.5845850680081801 0
3.350780058002805 0.5302001961337461 0
3.339225186223198 0.4982919752436722 0
3.22774992481957 0.5918668447112315 0
2.212784385964198 0.6680683421458762 0
3.373077939736489 0.5040956519841363 0
3.36123433018424 0.4713606718293795 0
3.395726481646281 0.4773958512762885 0
3.383599490143284 0.4441130154569852 0
3.418622583665982 0.45022103823362 0
3.431284191941538 0.4843048725308815 0
2.942621123964622 0.5854346526060795 0
3.455175316658242 0.4560552027331842 0
3.46814002195126 0.4914816751251053 0
3.40607191122919 0.416786311320181 0
3.371565895420521 0.4109798471249413 0
3.393486627410153 0.384113415941884 0
3.359439543148881 0.3784375922600098 0
3.492545083772729 0.4622932684277028 0
3.506239020475542 0.5004894162101056 0
3.318921605869473 0.6116603533816644 0
3.350562781555197 0.6180620237759882 0
3.329361066422706 0.6425228073109746 0
3.361363458960378 0.6489557132625279 0
3.381036710328962 0.3521622889001328 0
3.347927203871008 0.3464881323512055 0
2.216851473993681 0.5485290514582626 0
2.405211231989698 0.583523439503574 0
3.11517174058764 0.4936585218993133 0
3.339917530480789 0.6732452415313162 0
3.371646572555614 0.6797027134211848 0
3.369158740575218 0.320631080786684 0
3.402119266814062 0.3259046732373976 0
3.336430558188498 0.3153930909406301 0
3.531444909255023 0.4698789721387346 0
3.545943956652996 0.5087854500095653 0
3.350590621119529 0.703795108223504 0
3.382030386563421 0.7103695693192218 0
3.390253743243656 0.2946601145724259 0
3.423086062440914 0.299849391506537 0
3.319115320158954 0.6974467819358012 0
3.329684689161392 0.7274305767871047 0
3.29820958658681 0.7207142857821665 0
3.572730711773664 0.4759079069387892 0
3.587833143072645 0.515253250437597 0
2.350627629705337 0.5008056650009858 0
3.410661191508207 0.2682708338632147 0
3.442910089091515 0.2731279980361156 0
3.308872693347439 0.7506996879463799 0
3.277886235937788 0.7439947706644403 0
3.315393471919112 0.3407475104569574 0
3.304273277627921 0.3103456232957695 0
3.283781162479664 0.3351195288227773 0
3.272766089650527 0.3053065275125609 0
3.29259427424331 0.282443053209802 0
3.261670634225339 0.2763883751957736 0
3.242078724745636 0.3006296424856642 0
3.23120072782902 0.2710751637698146 0
3.211780772478933 0.294682951393748 0
3.201273315930534 0.2662480341175351 0
3.182067835279607 0.2902496428525517 0
3.171739809009289 0.261416323142326 0
3.152748048379381 0.2852721058769278 0
3.142547704185285 0.256630790316992 0
3.124175268326702 0.2776887878145208 0
3.113835620459562 0.2514317644052998 0
3.095541386767826 0.2722214652000851 0
3.085195877308285 0.2466117391481913 0
3.066732527004723 0.268975332375219 0
3.056633207854565 0.2422805538855183 0
3.038321077786822 0.2644834737345199 0
3.028319765971817 0.2376792556299497 0
3.010097675076422 0.2597410213567625 0
3.00014890762461 0.2330048261815624 0
2.981974971340015 0.2549456792009643 0
2.972060354963097 0.2283122775949312 0
2.953974631930524 0.2501686389016026 0
2.943985542604444 0.2238512935794981 0
2.926034859812451 0.2455759511329583 0
2.935900440032436 0.2719716157921975 0
2.908037070709485 0.2672275316723772 0
2.898111444589484 0.2409032489279637 0
2.880222305671493 0.2625174483196826 0
2.870315994835419 0.2361454744956867 0
2.85245623723703 0.2577876502561376 0
2.842661472218358 0.2313974224605445 0
2.824749151078893 0.2530646714586295 0
2.814955942749034 0.2267264341196935 0
2.797058278270438 0.2483626859925435 0
2.787289089238662 0.2220594118883421 0
2.769413312229152 0.243673271608508 0
2.806452656975582 0.2744864801840835 0
2.759644288408062 0.2173953080170304 0
2.7417861455474 0.2389820352452335 0
2.732024647882663 0.2127582299528349 0
2.714179062573445 0.2343009032281401 0
2.723665514632309 0.2604081150048064 0
2.69621682981617 0.2557481339479442 0
2.686591801546728 0.2296248091841824 0
2.668772805141519 0.2511540085815649 0
2.659057561993341 0.2249872945201095 0
2.641253624498566 0.2465074071689365 0
2.631526648700806 0.2203353235151246 0
2.613739720884945 0.2418414230595204 0
2.67816982571457 0.2771518721033243 0
2.604011856955197 0.2156883671423927 0
2.586236376099706 0.2371869181412232 0
2.595955864591687 0.2633350449857167 0
2.56847297475837 0.2586674854389474 0
2.55875962091924 0.2325514957646539 0
2.541003960646397 0.254007648987461 0
2.531303555161918 0.2279148199943974 0
2.513573088954223 0.2493503772303268 0
2.503875532137287 0.2232840411919203 0
2.486153801371089 0.2447011701526515 0
2.550709706309099 0.2801091856054483 0
2.476462132318357 0.2186579931888985 0
2.459039246977823 0.2402895039115819 0
2.468488009384696 0.2661158667280549 0
2.441145386947373 0.2614892034155684 0
2.43169541502304 0.2360530839681954 0
2.413817488594551 0.256896568352611 0
2.404129292364933 0.231317037376897 0
2.386499552932648 0.2521825357241801 0
2.376884075962608 0.2263791189482839 0
2.359319024557129 0.2475595617317297 0
2.368917213496467 0.2733934697055685 0
2.341768236054646 0.2687584188553941 0
3.250358063140669 0.248947278838675 0
2.349705746602121 0.2217742045264643 0
2.351340214756152 0.2945420117732758 0
2.324257142718194 0.2899459947920608 0
2.450771423767808 0.2874547077802477 0
2.917552774720294 0.2935314232978455 0
3.045790401991407 0.2899725614931857 0
3.161464099611611 0.2335872884707976 0
3.403370839506856 0.686015814899519 0
3.413755125612322 0.7171369193851527 0
3.435596398086066 0.692416841796309 0
3.445802559309514 0.7237635950562599 0
3.423997372687695 0.7482121634880426 0
3.456157419809042 0.7540615149875599 0
3.478155123508584 0.7306290560978271 0
3.48816623952737 0.7623235973328333 0
3.510948095568728 0.7375629739862778 0
3.521671871369861 0.768640749612005 0
3.544463988082246 0.7450566880170206 0
3.288439574845573 0.7734216952501574 0
3.258587237785103 0.7675765889016952 0
3.431267807249773 0.2423395970158144 0
3.463170326419687 0.2470554106582222 0
3.074867690378413 0.2201959264077303 0
3.55511211206098 0.777579258099501 0
3.578867827559229 0.7523387255710664 0
2.158754331299819 0.7284484361745651 0
2.333809636439005 0.3156824370505112 0
2.306762334462937 0.3110662296043274 0
2.29720665314171 0.2853679206902594 0
2.279754524365706 0.3064550886534662 0
2.288613751685344 0.3303936451164327 0
2.26135791943283 0.3265334681270211 0
2.252637122920782 0.3017269448374815 0
2.235210639951692 0.3227545668109911 0
2.244373987431191 0.3481091857470646 0
2.21788418913127 0.3438249279519762 0
2.208523010171364 0.3183854581572945 0
2.191135086126254 0.3393714144770321 0
2.199700613980375 0.3641124893269611 0
2.1736455341205 0.3601445563178187 0
3.61592988543527 0.4812357019890471 0
3.631177988935405 0.5225550180504434 0
3.598233736123563 0.4386065021667055 0
2.860521215721126 0.2097447676551869 0
2.164276200739979 0.3348533251939999 0
2.14698826281509 0.355700800765069 0
2.156416641096065 0.381137375057722 0
2.129685533653479 0.3765691505797728 0
2.139089462636361 0.4020076641489908 0
2.112368583843625 0.39742240584646 0
2.102978935770571 0.3720119522242446 0
2.085674681568769 0.392846862638383 0
2.095057136507553 0.4182400529016215 0
2.06838502691706 0.4136628479245078 0
2.077752952614849 0.4390428518731967 0
2.051100875953861 0.4344633478567148 0
2.041735807282356 0.4091062881465169 0
2.02446350898211 0.429897987023953 0
2.033855184186251 0.4550598510495275 0
2.007202572202964 0.4506420076998229 0
1.997838695203788 0.4253289673366019 0
1.98057707267706 0.4461059906941319 0
1.971211101001482 0.4207687481432672 0
1.953930881192049 0.4415533289683298 0
1.963303802772454 0.4669177173828632 0
1.936637532187056 0.4623615555167227 0
1.927251799654333 0.4369693749179179 0
1.909931275416123 0.457804659869173 0
1.900574721999227 0.4324071995172429 0
1.883207940586358 0.4531826387051969 0
1.873822852476599 0.4278354717397997 0
1.856428842401928 0.4486077952740886 0
1.846985813546221 0.4231864269513507 0
1.829593432600668 0.4440882633492644 0
1.820141089671066 0.4185353550079058 0
1.802706603257 0.4395053027157226 0
1.793250756590947 0.4139052504191522 0
1.775750089235922 0.4350188228237947 0
1.766288524250483 0.4092539505472891 0
1.748760111173493 0.4304315510975167 0
1.739288628126246 0.4046284252905498 0
1.721755455992565 0.4257203016595383 0
1.731556967802403 0.4517316652038793 0
1.704797824471707 0.447431700937655 0
1.695583593520678 0.4233887941781141 0
1.677134030654841 0.4440588515828219 0
1.68784393843343 0.4694847639413827 0
1.66015267147964 0.4644766679226484 0
1.649898582521408 0.4384065831912031 0
1.632480941579911 0.4590824887120694 0
1.642411939562705 0.4851511231356813 0
1.614951423181655 0.4797269671707156 0
1.605245020943323 0.4541252262518412 0
1.587545293689805 0.4757140930146327 0
1.577978860498026 0.4495172482572707 0
1.560259451754801 0.4711958501914746 0
1.55070716074326 0.444886235367206 0
1.532879370731553 0.4674421727423443 0
1.524529739615193 0.4414050318026905 0
1.505741500978338 0.4631462293853991 0
1.49855614774731 0.4380332473845729 0
1.478424931748276 0.4568221548003837 0
1.488068113920558 0.4828229037803797 0
1.460884979006696 0.4786410753105655 0
1.451094680981544 0.4522344416517352 0
1.433181561805753 0.4750640836542948 0
1.423669168653782 0.4477572168716498 0
1.405730211307638 0.4706210368951188 0
1.396256160943381 0.4431520792735918 0
1.378507593763466 0.4645637770947343 0
1.368887362458708 0.4316808739300658 0
1.351122216280428 0.4585362553901555 0
1.340343002012939 0.429876401291959 0
1.323636188803039 0.4533380636445321 0
1.333360528908534 0.4805605392801411 0
1.305909799492836 0.4759956891352806 0
1.296361109966599 0.4491158537241 0
1.278478952498096 0.4714190592872242 0
1.268923722199818 0.4445767465560957 0
1.251017412102097 0.466785956658631 0
1.241454793293359 0.4399245570476672 0
1.223537968529756 0.4621236339491915 0
1.213846510540101 0.4359815209734562 0
1.196017982230542 0.4576356209228513 0
1.205714369485968 0.4837857528474666 0
1.178470684378161 0.4776007525885976 0
1.16855904889702 0.4527008176916735 0
1.150757521628784 0.4741379601929093 0
1.141022719986973 0.4481754336067182 0
1.123205153193124 0.4696874386671194 0
1.11349577924271 0.4435536711284712 0
1.09567647296321 0.4650554213226911 0
1.08495110555955 0.4377625498207204 0
1.067977795592176 0.4601971489072977 0
1.057645199468385 0.4331698274367746 0
1.040520400498423 0.4551017979156642 0
1.050280656712943 0.4817597508703378 0
1.022763723989159 0.477086322563916 0
1.013123333919081 0.4504966435177361 0
0.9952488088828748 0.4724166774500906 0
0.9855979603865586 0.4458827575996779 0
0.9677098972326008 0.4677455583269863 0
0.9580541914188272 0.4412074732173601 0
0.9401609364583696 0.4630642900458823 0
0.9304458189998774 0.4368584192578303 0
0.9125936496793658 0.4584619859260349 0
0.922310740653959 0.4846617520950733 0
0.8949283789843414 0.4788834669313891 0
0.8850476894725472 0.4535702875342987 0
0.867367612572616 0.4739994123948981 0
0.857408828943367 0.449021519226475 0
0.8395094654013855 0.4704304975377293 0
0.8296671601648906 0.4444687483060224 0
0.8117525923023059 0.4659573108474603 0
0.801825778688273 0.4399655543921231 0
0.7838920686847555 0.4612681169167749 0
0.7738510219935395 0.4350675316675047 0
0.7558838464789503 0.4565810354542734 0
0.792815411319002 0.4877781810453252 0
1.164317972534656 0.4992568269400602 0
1.598299451661555 0.5016240062307215 0
1.444348611338696 0.504157337803552 0
1.315602080311271 0.5023095822954269 0
0.7451882924618016 0.4304222339477145 0
0.9035661154534784 0.5040539069427926 0
0.7262540035850735 0.4531959075905585 0
0.7154768505589497 0.4252590016349836 0
0.6957864853927123 0.4489540066521498 0
0.6851596544853511 0.4185180350787419 0
0.6647533814079238 0.4431372731307872 0
0.676275783427132 0.4738990160677928 0
0.6548909875145457 0.4130168088472553 0
1.5448255976876 0.4175378314948475 0
1.839039072961768 0.4696280127646136 0
1.101440905988653 0.4151303612998817 0
1.393984105802333 0.4141793014288809 0
0.8167138293227842 0.4179899431946891 0
0.9482716319161617 0.4154273033653255 0
1.231345517850956 0.4122078732645458 0
0.6435458339117464 0.4687286522162237 0
0.6554123768919076 0.5002499641312181 0
0.6218918556237782 0.4948908800154548 0
0.6342180475367774 0.5269061310535594 0
0.6000267850123242 0.5215444686235483 0
0.6124292314239672 0.5540024962280931 0
0.5779899241563444 0.5486247597182619 0
0.5650850718597136 0.5154446624883459 0
1.032487782019395 0.5033728584145948 0
0.7080024430906739 0.3951413868224949 0
0.5907152464955849 0.5811792373884732 0
0.5566183903420439 0.5757847820658215 0
0.6247749904117046 0.5862730296456221 0
1.94602622537663 0.487746431334302 0
0.6036451434188952 0.6130543161368802 0
0.6369732381126159 0.6180055309255514 0
0.6163265805416454 0.6442555517916618 0
0.6490618142762663 0.649061863312042 0
1.756811927010203 0.383533767510683 0
0.628591690295832 0.6750269915223133 0
0.6609913556613836 0.6795942078790205 0
0.5959658145134576 0.6703598889769948 0
0.6082958352030097 0.7008485155650354 0
0.5758020624969162 0.6963567641511127 0
1.837658173646586 0.3977764212385121 0
0.5880471117474997 0.7266022321516605 0
0.5557510365363389 0.7221864378069048 0
0.6813023543460195 0.6541567698262281 0
0.6930048130286361 0.6841250575511612 0
0.7126072459132149 0.659376953414093 0
0.724142460026352 0.6885229710034306 0
0.7433407086967083 0.6643700241727316 0
0.7544782751477292 0.6930306755797301 0
0.7356428700943409 0.7170270346343132 0
0.7652651765521408 0.7210698320245564 0
0.7843306158254222 0.6974237522243802 0
0.795500393063701 0.7257290586795444 0
0.8139399540894767 0.7021250770183195 0
0.8258990633743324 0.7294195040195887 0
0.8431615054216905 0.7067730547962867 0
0.8540973752707584 0.7340201970613578 0
0.8718336985488453 0.7120312145984075 0
0.8828091362737054 0.7383683471502869 0
0.9006535171851511 0.7165309164803846 0
0.9113559792208619 0.7426899815183819 0
0.9292825454895239 0.7201464407100573 0
0.9398295675939172 0.7467999796968415 0
0.9576721991476671 0.7243101769885819 0
0.9681231778461024 0.7510188536183123 0
0.9859250272026061 0.7285816490048085 0
0.9964071658330929 0.7550577669618461 0
1.01407891763971 0.7328048596707077 0
1.024477106845477 0.7592531625558693 0
1.042120808686289 0.7370184969967368 0
1.052498752166243 0.7633929333498144 0
1.070095331543675 0.7412202800476773 0
1.080446618848547 0.7675265414850877 0
1.098013208521721 0.7454095208595957 0
1.108364044777603 0.771637583041195 0
1.12587877380123 0.7495773440354447 0
1.136202358143489 0.7757663030308463 0
1.15370067943998 0.7537505664537535 0
1.164056169681911 0.7797658781654645 0
1.181504564672649 0.7578287722956851 0
1.171385196873164 0.7322273400054069 0
1.198951070148626 0.7362913455697631 0
1.209287539594551 0.7620176422643454 0
1.226699570338836 0.7401522902513028 0
1.237014347450587 0.7661649140486479 0
1.254415133120096 0.7442459211399912 0
1.264681579561315 0.7703075713644736 0
1.282101343464891 0.7483897924296177 0
1.292364069953284 0.7744293283189484 0
1.309776465440782 0.7525370016638862 0
1.320031879921582 0.7785543591880307 0
1.337434601261235 0.7566761820311614 0
1.216556860092101 0.7148100097512871 0
1.347681399840144 0.7826793423817104 0
1.365073319972868 0.7608023675794979 0
1.354834750375921 0.7348158500449675 0
1.382453754693926 0.7389448718667526 0
1.39268754077407 0.764919104329822 0
1.410058447924581 0.7430727678751949 0
1.420290506609786 0.7690292107441656 0
1.437660818410982 0.7472041857202731 0
1.447880124293166 0.7731432276006891 0
1.465237074520248 0.7513312887559382 0
1.475449494461149 0.7772575781713371 0
1.492779263564842 0.7554488111778929 0
1.482581540751069 0.7295458655633096 0
1.510101225108161 0.7336546930007615 0
1.520296942884684 0.7595408054325828 0
1.537590670099849 0.7377739123651667 0
1.547780893506356 0.7636203301311341 0
1.565063583198917 0.7418825748830238 0
1.575238013824651 0.7677010491953801 0
1.592500573683808 0.745987708577591 0
1.602657969202077 0.7717613513099096 0
1.619865116556682 0.7501058781447079 0
1.630009057076988 0.775814068983244 0
1.647192930735895 0.7542127889614598 0
1.637076853277634 0.7285325098995059 0
1.664336624761679 0.7326315291382298 0
1.088466009793054 0.7195304059527194 0
1.499889831576694 0.7078544112726952 0
1.654267763923265 0.7070218958947222 0
1.681472851301517 0.7111074060885615 0
1.372408112779182 0.7130913714319318 0
0.7467181049488523 0.7450536479536884 0
1.671419323983491 0.6855211755856974 0
1.698588403890932 0.6896084159595398 0
0.8363841123509572 0.7568983709495454 0
1.691598058457562 0.7368607242744745 0
0.9755382434585933 0.7019781128434956 0
0.9219190886080255 0.7694075167532353 0
0.5680261495053616 0.7521544861694469 0
0.5358480828193395 0.747824692382371 0
0.5235141517303106 0.7177563913170467 0
0.5038728413946552 0.743275127547004 0
0.4904794279611095 0.7127587121733635 0
0.4718964396874101 0.7387265492373338 0
0.4561733912869825 0.708484333341169 0
0.436050369185669 0.7350564938188785 0
0.4206217996217316 0.7025817389870253 0
0.3973646905082102 0.7307415038897034 0
0.3831033458153366 0.6946267420797311 0
0.3580780733451767 0.7265311067261101 0
1.688550707041551 0.6640383953725651 0
1.715690918273316 0.6681233026074244 0
1.644249095712022 0.6814378265278355 0
1.006795761857718 0.781583084327665 0
0.3435265144269686 0.6891218219622364 0
0.3690342958800525 0.6565478971967 0
1.557999084540228 0.7894096145817495 0
0.8328216031510518 0.6795502201025287 0
2.394569461041741 0.2058600137665149 0
1.247296714584995 0.7921813657492531 0
3.590073945033291 0.785688437254865 0
3.614517644868469 0.7587535725852605 0
2.52187571483269 0.2020707623179793 0
3.192200344101639 0.3199165049921928 0
1.705658760254013 0.6425778300323108 0
1.732787768861036 0.6466622734869316 0
1.742803174283984 0.672168722343923 0
1.759858952415968 0.6507413908226896 0
1.769867249080757 0.6761753806125733 0
1.786874933411679 0.6548063420072567 0
1.796866486543133 0.68019329716282 0
1.813837718549547 0.6588790202177062 0
0.5168478478241783 0.7735225166696305 0
1.458105483138241 0.7990734275240599 0
1.749856421392784 0.6252699110179448 0
1.118819141024032 0.7977273779263293 0
3.43331535627057 0.7772121354990589 0
2.990135327072337 0.2065037116665344 0
3.451890727685739 0.2169544361682387 0
3.483876118360637 0.221780370142137 0
3.418406143936356 0.2102832192930782 0
3.643976029370044 0.446100396121973 0
3.630121193767799 0.4058698547474234 0
2.777501272199276 0.1957876819653712 0
0.3186181718159884 0.7215101475112753 0
2.621797423749578 0.1941780276733443 0
1.823804023369112 0.6842305590344391 0
1.840752826811974 0.662942258438316 0
1.806861988108641 0.7055252261608975 0
3.268568767278501 0.7962311006494922 0
3.238977598776644 0.7902978265137657 0
3.229128758776691 0.7620306858901862 0
3.209580876481208 0.7844923371130018 0
3.199443686736621 0.7549702567149394 0
3.180411496913708 0.7791269526425374 0
3.170146671680526 0.7493970681141534 0
3.151702887713285 0.7731665616625431 0
3.141860015553316 0.7454256732988702 0
3.123166752199181 0.7674255815630953 0
3.113716745069032 0.7401510490230701 0
3.094881181457148 0.7619291969925691 0
3.104545160082457 0.7893476322306111 0
3.076196374003518 0.7839648280559657 0
3.066704669902921 0.7565693333283025 0
3.047934005534366 0.7781806320123141 0
3.038699289319942 0.7510406434857584 0
3.019974500559341 0.7726885175580573 0
3.010773700654807 0.7456455111813554 0
2.992118247936052 0.7672162160719207 0
2.982876846300905 0.7405042514338032 0
2.964352124035803 0.7618618575576295 0
2.973531018130808 0.788561519827723 0
2.945831832025687 0.7831505349268976 0
2.936639149078151 0.7564716203418059 0
2.918169375237555 0.7777822414894848 0
2.908964944304249 0.7511461927234148 0
2.890537575684157 0.7724057786926398 0
2.881372799773242 0.7457840176770334 0
2.862948995907552 0.7670007452884824 0
2.872141717594674 0.7937543508364731 0
2.844556691252933 0.7882963825719895 0
2.835396448766904 0.7616650297734389 0
2.816990159443954 0.78284360082039 0
2.807861008698431 0.7563179251939702 0
2.789471022627029 0.7774642300656885 0
2.780355544917281 0.7509770626441563 0
2.761981729261916 0.7721027181676318 0
2.752877193536793 0.7456394632621974 0
2.734517697375598 0.766755682361365 0
2.743614476909136 0.7932128535745945 0
2.716156881389657 0.787866764080039 0
2.707062153849929 0.7614172016118288 0
2.688715645608539 0.7825169525971268 0
2.679629062206111 0.7560911002817929 0
2.661297344266643 0.7771675809285398 0
2.652211216592362 0.750779200894751 0
2.633897109722933 0.7718312287792322 0
2.624817928139651 0.7454461622011266 0
2.606525287704336 0.7664894718822893 0
2.642966134375387 0.7982231656919787 0
2.597443908725475 0.7401432686599434 0
2.579171184648925 0.7611594890488598 0
2.570117711277094 0.7348251053934511 0
2.551849539176618 0.7558310206062051 0
2.560899716088348 0.7821580666695153 0
2.533582693827314 0.7768185938039817 0
2.524539402091781 0.7505166778358822 0
2.50628545105936 0.7714864296672842 0
2.497241510964479 0.7452077409738411 0
2.479034910913595 0.7661111300015191 0
2.488054390747817 0.7925176118773439 0
2.460773520366843 0.7871931105561415 0
2.45183084660242 0.7607387956299626 0
2.433509537071658 0.7818613980203502 0
2.42458971478087 0.7554991136066184 0
2.406312354943408 0.7765284983636889 0
2.397367281180599 0.7502823373335774 0
2.379219822593605 0.771129605291129 0
2.370282885675516 0.7450217743713763 0
2.352152094440091 0.7658345919451688 0
2.361092375792294 0.7918746388241591 0
2.334050863567458 0.7866172590542487 0
0.4171011475350259 0.7700283372481702 0
1.830853302309174 0.6374809696973033 0
1.857710662043126 0.6416671704937837 0
1.867629255173735 0.6669540917558807 0
1.88454429248791 0.6457413164116316 0
3.626110110509933 0.7937712110096415 0
3.651067894704957 0.7659393619020562 0
1.330291708251006 0.8045429746458893 0
2.725249853752881 0.8143220980061807 0
2.442440041513286 0.8082648168860982 0
3.058489949706714 0.8069170488248446 0
3.673328076110763 0.4114871030008343 0
3.656910721951179 0.3685627931051148 0
2.826170181452555 0.8095205949693705 0
3.298104124524086 0.8021757709900253 0
0.3284762055784376 0.6496191568878198 0
0.354334977582959 0.6152428334003551 0
2.955005372734528 0.809851688365121 0
1.894461272551693 0.6709636247943637 0
1.911352552318253 0.6497892165504797 0
2.342993087711334 0.8126170916736799 0
2.316002840086596 0.807352461948218 0
3.190053621025959 0.8067879623739413 0
3.132325501986311 0.7183606129670606 0
3.662551293529644 0.8019502446495012 0
3.688459069044374 0.7734318484575433 0
1.874682087849167 0.6203043281860761 0
0.5998440754120189 0.7565834512794322 0
2.343230119018054 0.7397556481720428 0
1.921254858811565 0.6749938374563357 0
1.938138541982701 0.6538189661772251 0
2.588364929960623 0.7138202544661532 0
3.672072087475241 0.7349699824988728 0
3.700773470240327 0.8103176559452128 0
3.001590788652896 0.7185550592736808 0
3.530562455573472 0.8024874538945425 0
3.47228610246353 0.1920415076330984 0
3.505176726064878 0.1972344178460675 0
0.7324807512676088 0.6356127201618069 0
2.670541329628643 0.72969547401707 0
3.278247872282237 0.8248295943580972 0
3.307605452080781 0.8306694303946973 0
2.415634182785922 0.7292816805709488 0
3.514306920136694 0.2277094035923002 0
3.537074889654814 0.2017867152071589 0
0.3112604526917628 0.6086958805367156 0
0.3383736726464517 0.5730727446181499 0
3.701331844643724 0.3755712876502117 0
3.686492087613788 0.3333296388807625 0
3.535454902240235 0.7146130248748138 0
3.45681694268993 0.2990717772772412 0
2.324912948809433 0.8333283523435676 0
3.726844930743855 0.7811044601501126 0
2.297717969486647 0.8293368630013221 0
2.289022448937042 0.8023314672482934 0
2.899769599511959 0.7245766201253822 0
2.77122764837761 0.7245216437424139 0
1.948035141116565 0.6790144433222527 0
1.964922345036871 0.6578460110408207 0
1.955021785676576 0.6326443926290128 0
1.981809169383797 0.63668019768983 0
2.360888040240763 0.3202992678766287 0
2.351856944119355 0.838829024281104 0
3.739492733593937 0.8187616975389087 0
1.971903306550468 0.6114715674145509 0
1.998684403776046 0.615510208797085 0
0.2931623498659599 0.5669664068247939 0
0.3221906366565475 0.5314964471519092 0
0.3662497823997426 0.5380499651947234 0
0.3507226502937897 0.4969487835354113 0
0.3066710976177136 0.4894553849501805 0
0.3353060970861381 0.4553270198818368 0
0.2889070434048091 0.4465801448331177 0
0.3197142487926916 0.4136269346680469 0
0.3625640442772293 0.4217759163456056 0
0.3483402598584626 0.3816370468551376 0
0.3888335771829741 0.3891041479965588 0
0.3756651646395297 0.3511471924335959 0
0.4144833318198833 0.3582153541998164 0
0.4012351214957346 0.3215488396785592 0
0.3628662965367426 0.311659640847577 0
0.4386748611578035 0.3286343728328698 0
0.4254165472011042 0.2928031881394712 0
0.4618061397536379 0.2996419119545966 0
0.4501299685909192 0.2656378070222493 0
0.4849903280714887 0.2721074289616108 0
0.4728630244843837 0.2392213665816422 0
0.5068534077937821 0.2454381584298099 0
0.4382764959904843 0.2321438885927958 0
0.4951894710299483 0.2135198083155269 0
0.5284526429995908 0.2198179567342756 0
0.5400151060426874 0.2510757163285198 0
0.5611912720260102 0.2257248864114871 0
0.4745412454884095 0.3322263385984048 0
0.5727748509826387 0.2566645600956274 0
0.5935093190645819 0.2312599971461027 0
0.5819061530065848 0.2022812490116918 0
0.6137362686264733 0.208226151793158 0
0.6249740107393813 0.2375632334978629 0
0.6453488789033042 0.2121840184172561 0
0.6562850799618178 0.2422100276934855 0
0.676358089349516 0.2172486893566381 0
0.6871940742807294 0.2463521288989256 0
0.706594377457102 0.2224597119548988 0
0.7174487499239977 0.2510035947219292 0
0.7363968013619155 0.2276772367411716 0
0.7472109948413612 0.2556947881446316 0
0.7661856577731141 0.232671762178013 0
0.7766014446391099 0.2603329951877336 0
0.7955607678228829 0.237976921032735 0
0.8057070885217477 0.2652083847804464 0
0.8240929183228753 0.2425909558680402 0
0.8140749404667869 0.2154893912998246 0
0.8424059310676002 0.2201899306184878 0
0.8525880094383418 0.2484372440876738 0
0.8707605319488665 0.225109010207021 0
0.8807866214073361 0.253114615447882 0
0.8989637296482853 0.2298594312157789 0
0.9090002939279107 0.2566387078273855 0
0.9271014705239009 0.2343507265607113 0
0.9371134788701372 0.2609317389375809 0
0.9550821791684849 0.2390231978344272 0
0.9650627476620253 0.2655064954141123 0
0.9830014381211332 0.2436402530621874 0
0.9452252589919601 0.212543229460478 0
0.9929488652059955 0.2700701365831662 0
1.010841299415143 0.2482831273010889 0
0.8611155214431001 0.1982615444975707 0
1.020746865976248 0.2746585622890174 0
1.038616107693671 0.2528897513511037 0
1.028731771502881 0.2265367013605851 0
1.056488247618631 0.231148701304085 0
1.066368273571766 0.2574728834982888 0
1.0842148733256 0.2357595747331673 0
1.094076322717654 0.2620861534547446 0
1.11188554247986 0.2404130772712684 0
1.102046141181442 0.2140904423119036 0
1.129714947187589 0.2187060044440299 0
1.139531967415517 0.2450361604841614 0
1.157379832315751 0.2232786158071887 0
1.167237492066622 0.2495067510079121 0
1.185019126389814 0.2278603056343296 0
1.19484685635851 0.2541830336705586 0
1.212636639452434 0.2324646138172526 0
1.222456691039533 0.2587733068906415 0
1.240238755841524 0.2370555113168129 0
1.250072061833537 0.2632365921772021 0
1.267834380689858 0.2416069196408129 0
1.258004125503482 0.2154314652425574 0
1.285587563266319 0.2200037034177106 0
1.295409743312478 0.2461848566492553 0
1.313159346114807 0.2245841634717902 0
1.322976645401411 0.250753006887489 0
1.340715745583054 0.229175497783755 0
1.350529973082876 0.2553104575224888 0
1.368257311750617 0.2337528564777407 0
1.378063516497676 0.2598690407255841 0
1.395777003978144 0.2383247300745289 0
1.405575578332019 0.2644272451364201 0
1.423279055556513 0.2428919349356587 0
1.413488238573906 0.2167915981402489 0
1.440978028585138 0.2213921015433008 0
1.450760767353876 0.2474672491011363 0
1.468453905947786 0.2259739933025272 0
1.478231275116291 0.252024048134795 0
1.495915920726867 0.2305195083717264 0
1.505684490343093 0.2565645649440474 0
1.523350730443418 0.2350953961875684 0
1.533109502664748 0.2611066098700017 0
1.550755907519583 0.2396693410122132 0
1.560487595489136 0.2656389849821094 0
1.578101942873647 0.2442235262706556 0
1.56838128911321 0.2182851714417013 0
1.595691781376518 0.2228750264385901 0
1.605383440926135 0.2487531988537425 0
1.622945371735571 0.2274526488181617 0
1.632637872973029 0.2533636721354908 0
1.650157426438201 0.2320956679526428 0
1.640470839909262 0.2060131872213142 0
1.667669405352562 0.2105712764347388 0
1.486098630752297 0.2045095543356296 0
1.175079048165728 0.201612109992047 0
1.330909248839199 0.2030131903459072 0
1.677302149383167 0.236579928638575 0
1.694753742045106 0.2153019361860923 0
1.685395447386079 0.1891038903266624 0
1.70436261143345 0.2410144178312723 0
0.7261530769058075 0.1992892313681274 0
1.176972888075899 0.2759304998875696 0
1.721799947149014 0.2195467212503169 0
1.731364253876635 0.2454527454111163 0
1.487976246846525 0.2781430111509346 0
1.3327551933778 0.2769421840901554 0
0.8909983241999859 0.2784162068105502 0
0.2770460448129799 0.4055424619700792 0
0.6308492750374568 0.1817254563186492 0
1.748784267886468 0.2240438030557713 0
1.758312427761261 0.2499288913792568 0
1.713997634498425 0.2667287054883009 0
0.7871426483217321 0.2877074810671178 0
2.306856959693559 0.8540271631774101 0
3.523961309552198 0.1719779752166889 0
3.557921383771879 0.1758904095479135 0
1.002904837972911 0.29643062778671 0
0.4095556994152563 0.4303915923788225 0
0.2670904866576673 0.6024038767147292 0
3.602007146171038 0.8177412960655122 0
2.270781500609238 0.824292901124166 0
2.262148487058676 0.797178713399106 0
3.729925401450282 0.3402981573570781 0
3.714517645704009 0.2990114419611775 0
3.323031382284879 0.4632926966546703 0
1.904347734752719 0.6961744917633956 0
3.480824540620467 0.5284315785423895 0
3.569770147567872 0.2073464858028667 0
3.591293360806285 0.1804259771851647 0
1.775363142718415 0.2290101836148529 0
1.784811910507498 0.2546313696718669 0
3.288048646395225 0.8530676828527539 0
3.317144346851854 0.8588558005183677 0
1.988782131279831 0.5902991492954592 0
2.015561640813149 0.5943337490916312 0
3.717755928484002 0.4155363748028201 0
3.765980925520652 0.7889689135765677 0
3.779677117720029 0.8269808251619377 0
1.766155023512592 0.2025724030378046 0
0.3334889919759261 0.7587763170398507 0
0.2938790540005638 0.7538260181926933 0
0.3067806620241089 0.7891230141572529 0
0.2692131484903721 0.7859456650785225 0
0.2537523760959086 0.7488408474949697 0
0.2303127301052963 0.7818553590294293 0
0.2460639429110589 0.8179599100450546 0
0.2075613628763227 0.8143980340599992 0
0.6682532928093072 0.2732573581426141 0
1.974806603298339 0.6830398752280935 0
0.5170741370131677 0.1887264233723522 0
0.4846461924341718 0.1821803060294299 0
3.21813785514103 0.7313638274317249 0
1.962007285099303 0.5862652381288409 0
3.13397790820328 0.306851966550221 0
0.5061786611297807 0.158052228673268 0
0.4748720438277927 0.1518865557181164 0
3.05744180928736 0.7292648056940383 0
1.585973491552589 0.1969556866919013 0
0.9192142257264138 0.6945339469521163 0
1.657294392175948 0.7798601597666244 0
1.640155487002697 0.8014657463640474 0
1.667409771896252 0.80550455976702 0
1.650283611920837 0.8270977843603222 0
1.677535206501608 0.8311344036175029 0
1.660412828383544 0.8527341738049345 0
1.68766536656197 0.8567556509233696 0
1.704757292073533 0.8352016317944461 0
1.633108390136388 0.8486930428567503 0
1.714862670257918 0.8607724747486873 0
1.731943531588851 0.839259644314873 0
1.542880562018636 0.2870782588914043 0
1.032039076348419 0.7108838440202454 0
1.030649611211178 0.3010059051820677 0
2.861713168153579 0.2839828056013851 0
1.570226915225033 0.2915939746809908 0
0.94858079852481 0.2878672623821146 0
1.555072490939046 0.7162180303661563 0
1.427627505060594 0.7213870605722607 0
1.062890190989045 0.789662913033211 0
2.343350245785552 0.3414411705664536 0
2.370419727953138 0.3460720118439432 0
2.35288559162763 0.3672152764995033 0
2.379982665219043 0.3718453858667664 0
2.54264061258811 0.8031398743438432 0
1.046607356815369 0.2048150373975738 0
2.872206815993516 0.7192406982948084 0
2.890610937847727 0.6980404569745778 0
2.863085325133708 0.6927049468548675 0
1.431159936767012 0.1953068046801908 0
2.56105059060316 0.7085180416400371 0
2.579303420414826 0.6875188076845671 0
1.299527872192235 0.7265100666194351 0
2.076301097857427 0.3674558195141369 0
2.09356686965072 0.3466355982996871 0
2.066920020459536 0.3420871534637671 0
2.084169436043914 0.3212842225465088 0
2.057535358608395 0.3167442470293402 0
2.040291362913644 0.3375538722250081 0
2.030913201295556 0.3122057415176909 0
2.013669704003158 0.3330060403159858 0
2.004295058486772 0.3076560321580927 0
1.987053425679545 0.3284345085330907 0
1.977681110945587 0.3031082484777218 0
1.960433714862407 0.3238904858061481 0
1.951733924279638 0.2974351219054059 0
1.933910173687394 0.3191625129055865 0
1.925643976826808 0.2927943262094538 0
2.992042327055252 0.2805154736275608 0
1.387882849238447 0.2859662532929839 0
2.129403881342878 0.6523880738783072 0
1.275763755484606 0.1938270777924341 0
1.232342781011219 0.284988161050614 0
1.119738015247595 0.1922339041395698 0
2.361314692111486 0.718977696083021 0
2.33429094089934 0.7137427476112774 0
2.35234172214599 0.6929776985129946 0
2.325373134620718 0.6877444844018576 0
2.307254752471056 0.7086095124483327 0
1.402930860699016 0.7908785821766869 0
1.002853830805206 0.4240342430567129 0
2.104428108664465 0.4436330576739984 0
2.32364519375668 0.4958361666325866 0
0.9776656124939214 0.4928023792441549 0
1.105620963575846 0.4898316719716232 0
2.087113172607423 0.4644355626454134 0
2.11379654336151 0.4690296735470231 0
2.096473716139076 0.4898442468943126 0
1.285125449383643 0.4193444402952183 0
2.165578998073658 0.4066985772673481 0
2.676863262732821 0.2034559921910662 0
1.261247034462126 0.4913259492614525 0
1.158821726185263 0.4267841728083216 0
2.785780187120536 0.5073906083296322 0
2.75924726534485 0.5759015818469244 0
1.443660112891508 0.4283000016536649 0
2.658262796779204 0.5084375560771296 0
1.388226028775018 0.4902857643798482 0
1.543453744754071 0.4947761161583983 0
1.729806540304951 0.3788942003309838 0
1.596523309757131 0.4305953124393223 0
2.503960460278672 0.5045727876461122 0
0.9207184164830875 0.4107155713555378 0
2.479898526673488 0.5724661531721112 0
2.959084624779829 0.4901242653118433 0
2.977225102627304 0.468821517014666 0
2.949697205762097 0.4637513577070917 0
2.967828808252107 0.4423794236264852 0
2.94028495775549 0.4373585494981447 0
2.995450764800152 0.4474984999155748 0
2.986031926574029 0.4209651600606104 0
3.013581816133274 0.4261742958005497 0
3.014759164034905 0.5736559769696654 0
1.785268605351302 0.4605529751366992 0
2.234515659487375 0.5277958464980184 0
1.67851436446868 0.6384777623232598 0
1.695633579733753 0.6170408811597816 0
1.66847462307061 0.612909312223972 0
1.685606565313674 0.5914516424536105 0
1.893560180687626 0.4787893955363113 0
0.5802281305494099 0.7817031702077477 0
0.6113551074153307 0.786259595440888 0
0.5921337930288217 0.8107150152425738 0
0.6226236027123457 0.8150095974266899 0
0.6036388195210705 0.8392995921255497 0
0.6336854582939231 0.8434763781893619 0
3.142797107349117 0.5764410291971308 0
2.017220497480225 0.4757082315219772 0
0.57340954522369 0.8350705446950675 0
0.84911482016736 0.4936576484227193 0
1.90736005758621 0.3145768179841906 0
1.898897441442387 0.2888430824375825 0
1.880674602897081 0.3101263732466834 0
1.800871138723874 0.2308156875882681 0
2.885662090671182 0.5736852982970234 0
3.381811498061523 0.6234561934694951 0
2.603084697395248 0.5702686688559859 0
0.6866892617206442 0.5027061379938269 0
0.2586385302884064 0.4812636574122122 0
3.613804899724417 0.3633990052225151 0
3.602127445989099 0.5554444805781871 0
3.645551624174782 0.5641615411654715 0
0.7599549549739506 0.4090509809394999 0
0.6105172132174117 0.4634352366918394 0
2.552003903269482 0.6822234529436764 0
3.00429842221043 0.3995351610764687 0
3.031506833970431 0.4046502137115376 0
2.976558062754218 0.3944034498211837 0
0.3973162959965393 0.6184760857090068 0
2.244248569698737 0.8174648241681564 0
2.252710040723255 0.8455870193615511 0
3.758634418585836 0.3058365744342578 0
3.743024356401748 0.2646715231941139 0
0.6509619496305035 0.8202017480445041 0
0.6632508483380075 0.8478802264243692 0
3.772239443154645 0.3513777184723775 0
3.595499068191646 0.7255000635911875 0
3.287020282104212 0.6896083951870249 0
3.676221225747855 0.8335097286912467 0
2.208632467800276 0.5225482829296674 0
2.225555911180603 0.5020914237579289 0
3.753191460024221 0.7500060453807106 0
3.580800728728264 0.1504236817026517 0
3.612708498775503 0.1534521009584326 0
1.767798983808844 0.2755499667407338 0
0.5847304280225547 0.8632108774224454 0
0.5548638864420083 0.859125413621288 0
2.341427373776597 0.4749463947561031 0
2.314382551481724 0.4701697664111278 0
2.074782646424636 0.2959524611179358 0
0.6448646484856491 0.8713208749636999 0
0.6744116877131343 0.8754962079534034 0
0.6928552195413529 0.8523260633506539 0
1.65842240415379 0.5873226988652372 0
1.641263644323586 0.6088307007408243 0
0.7036459451208408 0.8797569205867374 0
0.7219721856390424 0.8569082881402257 0
0.7326222362337049 0.884037727765423 0
0.7507739438011214 0.8613929398001665 0
0.7613360920681307 0.88831190687179 0
0.7794404476435999 0.8657531918627364 0
1.643266457051266 0.8743931299890784 0
1.615891333854609 0.8703376905146698 0
0.7284568070922806 0.2787853668950032 0
3.805735124930356 0.7970796409040505 0
3.819760182402318 0.8352745081888808 0
0.2229079128759501 0.8493366795903261 0
0.2593730738674696 0.8533911347804395 0
0.1847086539009977 0.8463010185913736 0
0.4742432724158794 0.6835471082109139 0
1.552652228942301 0.3130134733190432 0
1.579971215214672 0.317536389992279 0
1.957942101694147 0.7041875544628617 0
0.212713179309368 0.7444218448443063 0
2.343395757781395 0.6669904863111822 0
2.370374575528554 0.6722248327457326 0
3.626008324120846 0.185070191048165 0
3.646203439912828 0.1575319771272933 0
3.786936917174911 0.2712449495964652 0
3.771222316584337 0.2297925357020943 0
3.815924935254402 0.238066467188861 0
3.800318992537753 0.1974702386655268 0
3.336727987887666 0.8365599083572117 0
3.346247118813562 0.8647894419148334 0
2.245814697364147 0.6253938777250336 0
2.025453903336684 0.6195467695049413 0
2.042340748952187 0.5983731957246531 0
2.032450937978139 0.5731575434988306 0
2.059233152227682 0.5772019004240272 0
2.23541073845933 0.7916822302739643 0
2.057889331173662 0.7341684317856609 0
0.1695375596163393 0.8114084558298759 0
1.012843126489797 0.3227382476263993 0
1.040543650536962 0.3273030710238209 0
3.753667721717811 0.8519722742476163 0
0.9379865664078051 0.3893833831855534 0
0.9108444913808267 0.3845055417297994 0
0.7169710067440074 0.7409357025945636 0
3.846320216176883 0.8047097914161663 0
3.832857163678941 0.765899130545615 0
0.4958044308773584 0.1279973341769644 0
0.5264272002840067 0.133977549418529 0
0.4649771656131807 0.1220514056594161 0
0.4438932385519621 0.1455981694426576 0
2.122602141683638 0.7679288575643259 0
3.294658971715592 0.365171842131463 0
1.675566676695691 0.5658316388680962 0
1.702741409880364 0.5699692300073337 0
2.570153632070401 0.6617379468786821 0
2.597524212185892 0.6666136121234578 0
2.88146403884373 0.6715354802416676 0
2.908980063319399 0.6768592137941429 0
3.297912742295985 0.8810835923504832 0
3.268713642215535 0.8752454778259285 0
1.631188819598865 0.5832007102266145 0
1.61400602497517 0.6047550940020597 0
1.794553655434656 0.2801059106207524 0
1.917969925594791 0.4116354913060749 0
3.475584638966696 0.4265314810466641 0
2.199694465936373 0.4979005618824028 0
2.216495138118106 0.476603582561394 0
2.18504448718443 0.5212344379136689 0
0.7689235095987805 0.8388025271052562 0
0.7975199536667892 0.8432394980874847 0
0.807945089188409 0.8701266841172899 0
0.8259748515224912 0.8477451588725846 0
0.836358256748694 0.8741274711100719 0
0.8542854536137343 0.8522155560649892 0
0.864625069460462 0.8784471692143074 0
0.8818781928701398 0.8568888714991122 0
0.8926174110233418 0.8832537899421791 0
0.909754760507973 0.8620181068177308 0
0.9206064772066167 0.887819962115288 0
0.9383229364418681 0.866379625232542 0
0.9486711116969415 0.8922109687466864 0
0.9664618068066144 0.8702296139693649 0
1.60391535700326 0.5790581094317419 0
1.586703388357079 0.6006589018965915 0
1.576599179390116 0.5749247951893848 0
1.559362431950927 0.5965590569908903 0
1.549250350645922 0.5708093466796472 0
1.531985623470967 0.5924560420213651 0
1.542118444690672 0.6182289046935017 0
1.514713981088597 0.6141265070938968 0
1.504572826624049 0.5883239341244235 0
1.487279485045699 0.6100143247387266 0
1.477127431755652 0.5841729756097921 0
1.45982028770552 0.6058946110541892 0
1.449659657308829 0.5800299812518106 0
1.432338491493262 0.601771169070875 0
1.422173885447259 0.5758969151604741 0
1.40483440114338 0.5976452607675661 0
1.415012621852228 0.62353655849895 0
1.38755932606024 0.6193823987588861 0
1.377318329716743 0.5934952233485704 0
1.360063307744159 0.6150325193441248 0
1.349013725309325 0.5878474913983832 0
1.332314046285834 0.6106416449618901 0
1.322195923151468 0.5851937981326152 0
1.304800136944285 0.6069182359326365 0
1.294362071323662 0.5826665244885775 0
1.277177638877329 0.6031163600098549 0
1.266963943062789 0.577193313980122 0
1.249600915625809 0.5988089861449781 0
1.239391865731362 0.5727887797581969 0
1.221992608186127 0.5945959402074424 0
1.259869687048326 0.6245297290913854 0
3.087259857531484 0.4885656856030361 0
3.105624497530113 0.4667837235527021 0
1.697811601720101 0.8823409021739328 0
1.72499358414963 0.8863393554278842 0
1.315050853728513 0.6324302228767871 0
2.021614544898056 0.2885566463297924 0
1.978888387627716 0.5650936828084995 0
0.4349614529160171 0.1149940692910411 0
0.4128424204653554 0.1393634855473674 0
3.378535281818584 0.2620490082058458 0
2.851914926627277 0.6624405563573202 0
0.6582891061629543 0.5933734271249786 0
3.8405819632654 0.2039990047963746 0
3.825147893232607 0.1661797269683549 0
3.787320857928875 0.1594194946307347 0
3.263116367266764 0.3595951771946714 0
3.273886703439012 0.3891918872760461 0
3.242970059198432 0.3838942055768721 0
3.253572088647283 0.4130840071440352 0
3.222682472130646 0.4079404734673224 0
0.4081410218730399 0.1071656747086684 0
0.3803750983529484 0.1267832727440751 0
2.21771879344794 0.8118666408099112 0
0.7626116114965451 0.6406111577363065 0
0.7519120659574239 0.6123528118318822 0
0.7814996919018746 0.617199175718114 0
0.7705782255880063 0.5892951775039807 0
0.8027267335067212 0.5896890729826911 0
0.9766448786858319 0.8964795813077395 0
0.9943863522015197 0.8745295278206513 0
1.004517241733506 0.9008111273194874 0
1.022227437017469 0.8789041715324469 0
3.257218051187039 0.5179227501124393 0
2.994852753237396 0.3729330647991708 0
1.951443838987118 0.560680599089819 0
1.721849372363628 0.813748114772172 0
1.748936936024955 0.8177793810321554 0
1.738906987629016 0.7923709032977497 0
1.765923318258248 0.7964009474775976 0
1.775944177053078 0.8217594838976915 0
1.792876785065664 0.8004304265111425 0
1.755911738471627 0.7709932258200337 0
2.253318184079355 0.771126520178073 0
0.8155915268402421 0.2925622657946387 0
0.797547275849193 0.3148139382661447 0
0.8256393413951497 0.3195422666140406 0
2.982680275376291 0.815253740178445 0
2.964162865909808 0.8365371892250857 0
2.991793094510857 0.841946826856918 0
2.972010053708109 0.862065528113783 0
2.945457404270238 0.8576003935277761 0
2.99876436264477 0.8731079835976654 0
2.954060043140938 0.8837615721930845 0
2.927036536003196 0.8788516194401993 0
1.833732669714371 0.7095592019653454 0
2.478098132613195 0.2920881633705712 0
2.46040283718544 0.3134274179510068 0
2.487711801224382 0.3180634164661401 0
2.470041746993658 0.3394024805746537 0
2.497352324712367 0.3440396518014881 0
2.479680311067056 0.3653771848695361 0
2.506989855157831 0.3700152192507976 0
2.489588299298765 0.3912469339730557 0
2.51667462364008 0.3959828791954617 0
2.534324730652181 0.3746488272830828 0
2.543971140589436 0.4006529808282951 0
2.561665128103479 0.3792888235037748 0
2.571321871362465 0.4053220471691308 0
2.589039242619243 0.3839352051416414 0
2.598701488139006 0.4099908259516371 0
2.616434565889458 0.3885842180387137 0
2.626102341505808 0.4146502090930931 0
2.643850745622167 0.3932346421352547 0
2.653468041369415 0.4183050317835127 0
2.6712773940945 0.3977203082240643 0
2.634144464252052 0.3672184455782077 0
2.462006845867263 0.3867036115148855 0
2.679937933232145 0.4210976486025455 0
2.698751468888478 0.401002195207775 0
2.68905129529956 0.3761424733547509 0
2.716534882938415 0.3807839156440514 0
2.726319575826039 0.406624718234577 0
2.744050815569148 0.3856040655666192 0
2.753929132951565 0.4107989486913372 0
2.771591812437262 0.3902157161834916 0
2.781308150268067 0.4163893836387857 0
2.79910958262574 0.395030738200484 0
2.761838065025545 0.3642293223051083 0
2.808593727727219 0.4204410358040521 0
2.826629976171534 0.3996382532570386 0
2.816927530697052 0.3735246013245539 0
2.844513968807539 0.3782142228776195 0
2.854251646106629 0.4044699130475004 0
2.872123941350939 0.3829376445756147 0
2.743779124125065 0.7191917962900938 0
2.762105590451471 0.6980913051154503 0
2.73468515272495 0.6927672031985903 0
2.752999585976219 0.6716892163176389 0
2.72558968562358 0.6663714013453285 0
1.259907218515091 0.2894145578575444 0
1.242178630567038 0.3109982420187105 0
1.269725869258826 0.31555128370191 0
1.415371904247343 0.2905189767916427 0
1.397689501724968 0.3120446603990836 0
1.425169257665943 0.3165967821943006 0
1.558679491908635 0.1923386742294001 0
1.576286689597891 0.1709689462465494 0
1.548958583724295 0.166359583899411 0
1.566618156438276 0.1449646706462383 0
1.539238638542869 0.140366692778453 0
1.593946274326346 0.1495710178616521 0
1.584281417670493 0.1235701553622658 0
1.611643398558686 0.128164709560707 0
1.018852256431271 0.200193886914063 0
1.036721640734537 0.1784531424765818 0
1.008976947023606 0.1738466015081983 0
1.026846473614218 0.1521148045415626 0
0.9991056923575976 0.1475044365508917 0
1.016977522580037 0.1257978059586086 0
1.044689124291997 0.130393721765939 0
0.9892462499975716 0.1211759263220341 0
1.034829188305723 0.1041078216877588 0
1.062518960856464 0.1087062146046964 0
1.485674316327096 0.8031849470439049 0
1.468330212870555 0.825005172230272 0
1.495903569212402 0.829113626214163 0
1.478564173582769 0.8509548103660994 0
1.50612303046943 0.8550382369090811 0
1.450967822722534 0.8468379443167484 0
1.461212091298829 0.8728074911387558 0
1.433591034665002 0.8686861990103454 0
2.101414157827483 0.3004920399555109 0
2.092025022671359 0.2751570132733945 0
2.118658844025026 0.2796929146738456 0
2.109352100579659 0.2544194680697848 0
2.135930675359652 0.2589021306635376 0
3.339123535336086 0.7567714997155447 0
0.5515908282421689 0.2822758125479302 0
0.5843737024085272 0.2881506614137925 0
0.5632176143173071 0.3136151007435248 0
0.596188716750468 0.3196794240537471 0
0.5748812258212375 0.3451272593334991 0
2.752709006631899 0.8196701653470935 0
2.734343628100225 0.8407808108473267 0
2.761808701565715 0.846134311101904 0
2.743498720284491 0.8672927928128061 0
2.715988218459232 0.8618959215301061 0
2.770913491437947 0.8725998079969504 0
2.725142613213999 0.8884084027276337 0
2.697626846133093 0.8830045198786689 0
2.594276884986246 0.1895271485162409 0
2.612065706476945 0.1680176432030451 0
2.584540153584602 0.1633722674240216 0
2.602333382312288 0.1418498980671125 0
2.575224191288835 0.1374297508461414 0
2.629874624653024 0.1465008682455359 0
2.620131893354081 0.1203078074770967 0
2.647693976573351 0.124971462744853 0
1.248178745270988 0.1892467713022595 0
1.265944494493992 0.1676389139492562 0
1.238349400042381 0.1630600605627545 0
1.256112288031447 0.1414549765331836 0
1.22849111572858 0.1367529087649212 0
1.283710135499648 0.1460342940163064 0
1.273876757488042 0.1198515814289903 0
1.30147262066973 0.1244321726647399 0
1.403688684942416 0.1906909354541281 0
1.421372000917645 0.1691649931274781 0
1.393890678150717 0.1645605943731646 0
1.411618374343524 0.1430167227281754 0
1.439103338272899 0.1476130341294787 0
1.429350514209608 0.1214738898709661 0
1.401841570366601 0.1168307968204625 0
1.456871903495961 0.1260474326497886 0
1.447088931842219 0.09992628453863761 0
1.474607523581618 0.1044976208958788 0
2.5699519867688 0.8084894954282564 0
2.551685172291627 0.8294942369069807 0
2.579015681751138 0.8348369493932918 0
2.560721633545001 0.8558587797097721 0
2.533383466384866 0.8505189225244769 0
2.588078528518277 0.8611923640455894 0
2.542419406163432 0.8768817783424538 0
2.515063636258666 0.8715477940883557 0
2.368429262555479 0.4799089452980045 0
1.596825910698848 0.6263708771443964 0
2.967783305650228 0.3684328195580239 0
0.9713620690054401 0.1428976791263935 0
0.9614859736691554 0.1165403724460564 0
0.943592177061888 0.1382763773634493 0
0.9336954595717015 0.1118648521929114 0
1.8898596125057 0.3356672086397091 0
2.553591863870992 0.4266861754529112 0
2.579365664611966 0.3579340297804691 0
3.633075197823092 0.1262554368213721 0
3.665163551160711 0.1294374411308929 0
2.499093336783147 0.4172702574587507 0
0.915763617701205 0.133665005928863 0
0.9058348757128014 0.1071665329360361 0
3.365876016809104 0.8425654463423745 0
3.375224740736753 0.8708277057358536 0
3.355633506168514 0.8928873066757617 0
1.863162566341472 0.3310955985754971 0
2.706828760625391 0.3549189679959611 0
3.133661929907917 0.4719622101945381 0
3.124108411229788 0.4449055712373134 0
2.12770270688753 0.2345752926446932 0
2.153380855302067 0.2382885407119503 0
3.278189610552739 0.9028532266985619 0
3.249829439254285 0.8972694839181672 0
0.7412799962813974 0.5842842938751976 0
1.469987498629955 0.6317465850121964 0
0.8878856553225836 0.1290450423476535 0
0.8779625093205328 0.1025711672539803 0
0.8599638301530343 0.1244488314574132 0
1.871279250559078 0.2847342466455275 0
1.889494323490092 0.2635622789632686 0
0.5662730893882397 0.8868867912478685 0
0.5366331120659615 0.8828994368725565 0
0.5251371248450352 0.8552359338786799 0
0.5064911792247007 0.8795246068525171 0
0.4948638830527254 0.8510911231370565 0
0.4756576039782512 0.8762423476130092 0
3.675221843376412 0.5304778786383151 0
3.690541445695998 0.5737713578596029 0
3.721095893619625 0.538459930045897 0
3.73681406442226 0.583540232356719 0
3.768844932233716 0.5468835330251682 0
3.784394103889326 0.593313648397666 0
1.443841605529623 0.8946646056872993 0
1.41621306629978 0.8905515669465952 0
1.405963595568443 0.8645626530922155 0
1.388577384346436 0.8864368166618628 0
1.471468160421807 0.8987710074943471 0
1.777558566678713 0.3000031212250482 0
1.211783357087186 0.5685823305935018 0
1.19435990973783 0.5904261000452626 0
1.204585192904258 0.6164493732453971 0
1.176922597702561 0.6122958525771087 0
1.166693704673799 0.5862442181992875 0
1.149239011635404 0.6081406105997629 0
1.138995432010729 0.5820760716275767 0
1.121532193974122 0.603984297578224 0
1.111280877179989 0.5778957301424578 0
1.093802767470634 0.5998264498717726 0
1.131812648473856 0.6300700847855101 0
1.083317099409074 0.5762889697312414 0
1.065802377223437 0.5973853089521551 0
1.076276437523277 0.6220955626527642 0
1.048465778961774 0.6179736519582848 0
1.038121209082114 0.5921982550155995 0
1.020648864277693 0.6136442191515623 0
1.01016411070696 0.58864075845907 0
0.9927630363700861 0.6095461938724835 0
0.9824382011033732 0.5833067568830212 0
0.9648820195340084 0.6051957089374692 0
0.9545465529035799 0.5788764984221889 0
0.9369445780905892 0.6009483769576651 0
1.187162392321518 0.6383421742445945 0
3.658185829008412 0.6067238456508321 0
2.052228680161087 0.6235835434950302 0
2.035355156716245 0.6447476659908911 0
3.38437862844423 0.5362535061360425 0
0.8745885211909037 0.9043268509795893 0
3.811890277188144 0.1307640671907746 0
3.77536099734164 0.1245340494214005 0
3.847634797852924 0.1366649703102049 0
2.359214726413201 0.4540275190050987 0
2.386244787241324 0.4589869611460942 0
3.671595328775508 0.2920160612323197 0
1.032335522005537 0.9051626568461539 0
1.050020800519443 0.8832901135015798 0
2.049299037283516 0.5522776598864445 0
2.07610046002433 0.5562049077134884 0
2.086019816204705 0.5812814517667683 0
2.102871793826605 0.560443125180187 0
0.6556149806272511 0.8985605698731358 0
1.969386388350853 0.2818298898048724 0
1.291644326299689 0.09824601936584182 0
1.319236214711898 0.1028329032834742 0
0.9553919777049598 0.8455837628961003 0
3.384554778949831 0.898922149011656 0
3.404159122039352 0.876988060769335 0
3.413485118405836 0.9050303260724417 0
3.433174076880674 0.8829922025977395 0
3.856921987715088 0.8438326173160158 0
3.832561273274527 0.8720759882545983 0
3.866494457529342 0.8798540501035164 0
2.54292071025064 0.6562239089707759 0
2.524728857580286 0.6769488820325116 0
2.51561590316917 0.6512283710933245 0
2.497504044133149 0.6716774863732651 0
3.685870951051514 0.1596706532588427 0
2.488489568122562 0.6454864932458794 0
2.470325583414132 0.6663142765145356 0
0.1480705170481085 0.8437027566636051 0
0.1332586248257808 0.8112053408295284 0
0.163041668839315 0.8767042815891015 0
0.1287396674907757 0.8747878721807379 0
2.313015912390012 0.6618696849167349 0
0.4642385789155896 0.8466375592095665 0
0.4451709173119729 0.8718058651986157 0
1.984671956819888 0.7082065300366209 0
1.967647806418653 0.7289004169187735 0
1.562350595977011 0.3390261330853868 0
1.534913667362114 0.334679931248864 0
1.589706262976526 0.3434502339580631 0
1.607257947805378 0.322085035064733 0
1.616985235465924 0.347938415540031 0
1.634506202198805 0.3266217967644228 0
1.644205461904943 0.352440708455677 0
1.661357234093868 0.3312709638138246 0
0.2386795111417201 0.8823916016780542 0
0.2734574662415121 0.8863287793355186 0
0.8499837580791534 0.09788831241256379 0
0.8319447158474467 0.1198462541991398 0
0.8219801890167695 0.0931957334090468 0
0.803883848978074 0.1152017868773111 0
0.711489638918184 0.8294933924731749 0
2.226567678928792 0.7658549471468755 0
2.244459641401848 0.7452976782473426 0
0.5632896026644361 0.6658011603198795 0
0.8720237661859147 0.8305609897635589 0
0.3875843450226613 0.1617314417039956 0
0.3580143103622619 0.1562616155607359 0
0.3463592820304324 0.1242804932593599 0
0.3260424540410667 0.1505564897997586 0
0.3374536881765109 0.1831098727725892 0
0.3042274143075245 0.1763590960518681 0
0.2930684443192186 0.143158898749625 0
0.2690990445132921 0.1688274399889237 0
0.2773672716744078 0.203425854110893 0
0.2432632087301658 0.1956387412075621 0
0.2328399409405166 0.1606046388093003 0
0.2076817321306748 0.188413582732025 0
0.2197811479806222 0.2252633933408835 0
0.1965798637294913 0.1468037332140142 0
0.1709189600170444 0.1795289670567464 0
0.1595612177028856 0.1440799519279627 0
0.2264099094471426 0.1237823071733052 0
2.637947036081487 0.09877275071512737 0
2.665514074557918 0.1034288530817205 0
2.675261049276297 0.1296391561183667 0
2.693087449303441 0.108088671409109 0
2.702835184190655 0.1343065271585111 0
2.720668877314054 0.1127548966237867 0
0.7938917873018299 0.08850612051638773 0
0.7756767897586883 0.1105709062263265 0
0.7857211478440056 0.1374582021977813 0
0.7574145652237312 0.1321904993509023 0
0.7471851039673618 0.1056643695141921 0
0.7288515206426052 0.1276903685386532 0
0.7185118164644315 0.100854870990858 0
0.700195719055889 0.1225887435951255 0
0.689725312974093 0.09599104723776231 0
1.407492102203575 0.3381068264241739 0
1.379930799147095 0.3336556218053448 0
1.434946662643737 0.3426664217904581 0
1.626088295679132 0.8960990709508705 0
1.59866369242212 0.8920560225874384 0
1.588463910407511 0.866244982577691 0
1.571263907857478 0.8880453613487785 0
1.494555270365129 0.5616653810344603 0
0.9515723028885941 0.09057219315292409 0
2.524114093177801 0.8979041675129451 0
2.496767172839088 0.8925545642713836 0
2.551480699445284 0.9032523659251581 0
2.361418969993498 0.6462215939288931 0
2.388429328856637 0.6514629229554033 0
2.461322655800191 0.6400895820381448 0
1.36515554023643 0.5636755337786692 0
0.6323333296762965 0.7598918898869175 0
1.252475111152529 0.3369480333091096 0
1.225879928593454 0.3338475982314182 0
1.27961910093076 0.3416563544953828 0
2.610376827602645 0.09410753471557121 0
0.8181648445040284 0.8967807768111902 0
2.710917066768181 0.08653167102250853 0
2.738507476088809 0.09119592392007092 0
2.748260294863555 0.1174276409768881 0
2.766105028166168 0.09586148044846132 0
2.77586295406609 0.1221032803936376 0
2.793720828741379 0.1005136106704818 0
2.803478054040844 0.1267800616427887 0
2.821348344003656 0.1051706936538147 0
2.831067229114224 0.1314270760528685 0
2.848974711531182 0.1098479504172304 0
2.858711795717485 0.1360514669805574 0
2.876630060735349 0.1145184665865943 0
2.886414431862014 0.140774344831247 0
2.904321428469861 0.1191885149599913 0
2.914098724980998 0.145544106907771 0
2.932017716729035 0.1238877315895257 0
0.7871138217362912 0.8161614637503085 0
1.264089526894556 0.09364530515554015 0
3.152447661987746 0.4501550816816248 0
3.14283378934318 0.4229545232457091 0
3.114364621470568 0.4178025422178878 0
3.133055950798682 0.3957011088613983 0
3.104556064376034 0.3906073781562904 0
1.692538182611783 0.5442213231597027 0
1.719824153534712 0.5484794298446332 0
1.601954756637822 0.1021748578022512 0
1.629305004428089 0.1067901922910514 0
1.574579039822481 0.09756293485142836 0
2.899831843160282 0.6503647191180164 0
2.92618782638908 0.6560822463500567 0
2.922231629522031 0.09752314807200868 0
2.949935923738957 0.1021992777312451 0
2.959738803401796 0.1285757833092951 0
2.977673776548879 0.1068765981878685 0
2.987473450872312 0.133168527126535 0
3.005441392597177 0.1115329628103788 0
3.015298454170505 0.1376550276630363 0
3.033272285343397 0.1161677847664847 0
3.043167662750947 0.1424524249546077 0
3.061165133357427 0.1208494425210722 0
3.071110207806801 0.1470695104402366 0
3.089139915637784 0.125513042503313 0
3.099084997532812 0.151881362261682 0
3.117161306413865 0.1302181070255434 0
3.107215530094915 0.1036664059876362 0
3.135219342459875 0.1083360323825044 0
3.145227987402283 0.1350041703284677 0
3.163331743333337 0.1129548151470265 0
3.173405856488727 0.1397239348128462 0
3.191796334605059 0.1169226901100576 0
3.201757465403032 0.1443992302494989 0
3.220265451407615 0.1214546017328573 0
3.230246581834704 0.1491757442757823 0
3.248714435198221 0.1267820906767733 0
3.25882578779902 0.1542266029528181 0
3.277484316755689 0.131608325380617 0
3.287699304577551 0.15929452740824 0
3.30655243891435 0.1363867611806876 0
3.317011863132828 0.1642158760799703 0
3.335860897297016 0.1411921586673172 0
3.267774007084621 0.1040104146026768 0
3.325372524213952 0.1134886956110409 0
3.354544620133697 0.118111064928732 0
3.182387730597013 0.08938360342151092 0
3.211809037704692 0.1712659038660447 0
3.365253539918882 0.1459350673466373 0
3.384082410855001 0.1227060103989097 0
0.1327667903413605 0.1721371127960515 0
0.1451341850734327 0.2101505846377121 0
0.1230565324017217 0.1353441605759933 0
0.1469491756905268 0.1100973984330144 0
0.1149392309706001 0.1018048763769445 0
1.022765981747841 0.3490022240054124 0
1.050436897360287 0.3535523494934375 0
1.068218269442357 0.3318766116775578 0
0.7600247969375675 0.5612100869324512 0
3.240248541515613 0.8697995893588002 0
3.221434128451715 0.8917607023143588 0
2.706720218395618 0.9094662919604551 0
2.679253257056478 0.9041021364253614 0
2.670187261351047 0.8776149514731563 0
2.651818987496953 0.8987197914381764 0
0.9264109811177008 0.5757427861492866 0
0.908887745457355 0.5969707800524151 0
0.8982971778242046 0.5716918273936205 0
0.8809612497001613 0.5927772386500084 0
0.8912377266127156 0.619253418193292 0
0.8703160944075941 0.5660279111053872 0
0.8078708493255966 0.3417767802038596 0
0.779284845736411 0.3372213383169417 0
0.8362928299510126 0.3462274136346468 0
0.9280791514829918 0.3631278277783821 0
0.1440472678653653 0.9054930761602602 0
0.671420900283781 0.1175468583392704 0
0.5164033496125986 0.1047634674059555 0
0.5447399088903553 0.1109338476064555 0
1.816846750878117 0.7308213807499617 0
1.843678171085158 0.7348476675352855 0
3.232346708521448 0.437248091464931 0
1.752870148381221 0.6977626166700115 0
2.191945938614042 0.4752684610750149 0
2.208754928170744 0.4523811765239072 0
2.234254147689017 0.4560557745491727 0
2.226008967648009 0.4311523431030711 0
2.251879938330561 0.4352694921446001 0
0.9589232586848127 0.9184224762957039 0
0.6608638853919211 0.09112722093892195 0
0.6425162542048599 0.1127512802738017 0
3.297918463412851 0.1873528917542739 0
3.327503176772229 0.1924242420891724 0
0.1117985562458377 0.9031331272314107 0
1.060121941339889 0.9095184019237923 0
1.077780416381391 0.8876731223295844 0
1.08786741359083 0.9138762109132553 0
1.105511371446733 0.8920507310131336 0
3.830689953061003 0.2801632441713184 0
2.918055382452289 0.8524100658169423 0
2.899591798827179 0.8735922981844195 0
2.908707431309391 0.900137836010966 0
2.881185195956045 0.8947875060922745 0
2.872058331564671 0.868249765240366 0
2.853653455890688 0.8894182446970041 0
2.780418512501281 0.6770047276875224 0
2.77022720659879 0.650979421046243 0
1.072386010476771 0.1349768125807981 0
1.090197932579821 0.1133044147711696 0
1.639008583506167 0.1326694493633915 0
1.656639616054959 0.1113806646616539 0
1.996410624642937 0.3538231983852383 0
2.487706139863947 0.8662577357728465 0
2.469432395953505 0.8872195872907291 0
1.115586949903423 0.9182319592137109 0
1.133147684139056 0.8964468094957792 0
2.388069436649026 0.3250490568878648 0
2.936319782254387 0.6822611136969203 0
2.955740164397806 0.657995016781312 0
1.329060639872375 0.1290131701622546 0
1.935113677048675 0.5821724520025502 0
1.924289282498552 0.5557778461596635 0
3.442469993457122 0.9112011075450056 0
3.462647026450708 0.8892286606035833 0
3.453090968402446 0.8604175089520003 0
3.482866543838097 0.866624747441505 0
3.492337447184336 0.8957855016956788 0
3.5128906238924 0.8730549824252968 0
3.522817953355481 0.9023987085619846 0
1.943187823812724 0.3446487666736414 0
3.543426903512795 0.8793619033852964 0
2.922792739566775 0.4601999800194178 0
2.162626465903351 0.2634922212916158 0
2.179882232520667 0.2426183078181955 0
2.17049102853041 0.217289988335447 0
2.197157584874142 0.2217289945975294 0
2.187751171706031 0.1963351110762418 0
2.21450381512342 0.2008574903778951 0
2.223859737078191 0.2261364834780591 0
2.241235245063633 0.2053033567375159 0
2.231830562021614 0.179863989874101 0
2.258588651512715 0.1843078478243361 0
2.249200446230446 0.1588367702430553 0
2.27615467692026 0.163403757925468 0
2.266609067150476 0.1376812307274924 0
2.293545389368524 0.1421632866126569 0
2.284091914817839 0.1165059273757333 0
2.311233322364022 0.1210855744090081 0
2.257008713815101 0.1119360875368737 0
2.268046531709779 0.2093529872701076 0
2.320629284380393 0.1465873945013068 0
2.338424187001585 0.1256791748794427 0
2.328841301854266 0.09983171823970016 0
2.356090265987133 0.1044622432416125 0
2.36570095351159 0.1304017344748266 0
2.383384257967816 0.109103612501213 0
2.393005531005241 0.1350924613653448 0
2.410714324776888 0.113755825017789 0
2.42034495016078 0.1397807277385261 0
2.438081845695048 0.1184156559052194 0
2.447720646187426 0.1444671866130673 0
2.46548839415021 0.1230818931579319 0
2.274413444454724 0.09131791062493511 0
2.455824540077522 0.09699709515012511 0
2.483160894253469 0.1017035103741574 0
2.492916699086097 0.1277874992709415 0
2.51046263104823 0.1056063881305302 0
2.346477619504105 0.07852115706961194 0
1.378328519734221 0.8604393251433826 0
1.360954933476983 0.8823347488936023 0
1.371193170150888 0.908325506051345 0
1.343549343953274 0.9041491017853733 0
1.333303720987339 0.8782177621606548 0
1.315890279312773 0.9000202944428479 0
1.305619173505904 0.8740694498910211 0
1.288208531203552 0.8959513198364312 0
1.277975091876521 0.8699554801606634 0
1.260531870322799 0.8918418812005392 0
1.250292706078785 0.8658539896651456 0
1.232837173452115 0.8877121642422181 0
1.222564629307921 0.8616937322618754 0
0.7144072792590703 0.9068103837638791 0
2.834779464557482 0.3519800880943144 0
1.994506120575188 0.7322069443444641 0
1.205212747291918 0.8836286521651757 0
1.195064063318082 0.8575256289180315 0
1.21542324884353 0.9096501095112929 0
1.524875814441032 0.6398215737149344 0
3.843662179919627 0.9046019139544675 0
3.812031840766193 0.8982981636274072 0
0.4572665571881496 0.9004723548773026 0
0.4254929786476234 0.8972815427375651 0
0.4144599536998619 0.8667004903997668 0
0.39406166710096 0.8931057971525551 0
0.3823522438960372 0.8620351028469463 0
0.3617145606741132 0.8895322859628509 0
0.1741382865829322 0.9077756232406544 0
3.022873536165952 0.4526337713307959 0
1.397717182159224 0.6453065311079934 0
3.751575668918592 0.6288370564166648 0
3.799135978705061 0.639882248241914 0
3.833311944166935 0.6028186660499733 0
3.553504606095665 0.9088971824435667 0
1.12314034922306 0.8702405630700929 0
2.222286014901193 0.1546999766290786 0
3.83525328122908 0.1039081744340971 0
3.868526628894041 0.1081036949718643 0
0.5187559727317819 0.9080598676067295 0
1.067681761468203 0.8615994339520484 0
1.058805411419481 0.6438313344652489 0
1.003151672681436 0.6353368285695834 0
1.454093872277882 0.920652965456316 0
0.1043661723619405 0.2014591370356647 0
2.478470326708051 0.9135501838845272 0
2.451242102041063 0.9077287887647409 0
2.44213673304603 0.8818163314135449 0
2.423965856085453 0.9022850906297413 0
2.414871761311626 0.8764504811725862 0
2.396618119548288 0.8973818183018817 0
3.574172643545233 0.8858108046913235 0
1.012139479584862 0.8525944237857288 0
0.947345021154872 0.6269965681298444 0
0.6319975517152234 0.08632168226908588 0
0.8643430079263579 0.6159198482420165 0
2.58671831997689 0.6368222555587965 0
2.615480360592478 0.6449812937302736 0
2.624789355915969 0.6717545984405657 0
2.643013826610463 0.6507149263509756 0
3.155233272169311 0.1615441085508141 0
0.8679571459492084 0.0761009682459195 0
3.051314291832703 0.09438281792757164 0
3.364957774763357 0.9206462042892791 0
2.890304611126887 0.9213203311319298 0
1.707951984588438 0.9079073381704488 0
1.735149943851301 0.9118924512886057 0
1.752134600124772 0.8902749312651971 0
2.866858019274479 0.08823424568760041 0
3.652098876695136 0.09994171357696591 0
3.681996456464932 0.102614907947985 0
3.621794412789884 0.09686355943256375 0
3.343865205635538 0.09061359363924887 0
3.855954853904861 0.07892808547456287 0
2.761379063792568 0.4347330444786066 0
1.581427325733805 0.9138412160406977 0
1.554242894817559 0.9093659440221509 0
1.300207130158417 0.9232602231071331 0
0.9450363034290055 0.554679034908578 0
3.882736910361898 0.1399683855427073 0
0.8995142864567121 0.3577231071624738 0
0.8791931800488668 0.3787271140068088 0
2.217720039701121 0.7400804906677457 0
0.9533283158958961 0.365861549787671 0
3.886237302528857 0.08200944361704288 0
1.281824208037449 0.07205029163827426 0
2.734321404024111 0.9149910974270656 0
2.635631577970544 0.4385142658077975 0
2.199038937209846 0.7578709777170187 0
3.875597252482759 0.9114487171028144 0
2.628197480215929 0.07256148877843915 0
1.078088573383966 0.3580993482500696 0
1.095858254767974 0.336450497565173 0
1.000912055624307 0.5657161127265764 0
1.861886041434207 0.2593486423500161 0
1.879203730494312 0.2385382793193415 0
1.907389106693815 0.2407834314825232 0
3.886021104124897 0.8140642716636002 0
1.802875842393049 0.8257489966415714 0
1.819789010273294 0.8044603071773548 0
1.747077073158555 0.3579169427870155 0
1.774889751224975 0.3634589424506092 0
1.803981521494308 0.3037078183360171 0
0.2377130438251913 0.7095003173729204 0
0.1939195713748219 0.7060088364753743 0
3.4733645381475 0.8372776380466976 0
2.235597496322855 0.7195190136198111 0
2.40016626949371 0.0886091212240549 0
2.083464337859922 0.2509883567537013 0
1.621249308846061 0.5564435211394795 0
2.247176837424203 0.08770424869198229 0
1.465090802457543 0.07697190351956762 0
1.492336677689365 0.08296009627404061 0
1.128746962008477 0.555999548967658 0
2.123243072613163 0.4940473644224606 0
1.042448394980703 0.9313775602884287 0
1.721271673381731 0.3540138805086895 0
1.626713376284732 0.3737656311313619 0
1.10564205593808 0.3631183108799442 0
1.123461115658025 0.3410960158562549 0
1.133234735723968 0.3677572947586633 0
1.152000606812142 0.3464572639758158 0
1.162434673740311 0.3737016544538593 0
0.6079975737314176 0.3505230148145581 0
0.586715326239899 0.3767457456045092 0
0.5528896150426665 0.3711501406775243 0
0.5649703281990301 0.4037895832886711 0
0.5302847250945735 0.3979212872970365 0
0.5426907580371354 0.4314554691385707 0
0.507015224596653 0.425385473395828 0
1.646967840159308 0.08542274317905685 0
1.674290387489321 0.09005389379035877 0
1.683950368576666 0.1160146446221342 0
1.701571951097627 0.09470270351763382 0
1.711221099795907 0.120564730552784 0
1.728775512795966 0.09935217720703349 0
1.738386631575616 0.125105772174726 0
1.755864864660234 0.103996244905903 0
1.765427147550636 0.1296330039605813 0
0.613581425327286 0.1092524839981472 0
0.5982748029205471 0.08151443459093755 0
2.783959802015905 0.07426403732494397 0
1.572056145019726 0.3650013243924866 0
0.393486251815151 0.5052202766298401 0
0.4091428374232877 0.5440338166648248 0
0.4346689538913959 0.5127102107955889 0
0.4501599671594281 0.5497627157421571 0
0.4741196921018371 0.518906140964125 0
1.709635865409814 0.5227419285448218 0
1.736985092967279 0.5269915003647165 0
1.746975349190921 0.5525557924197058 0
1.764074959360102 0.5310978359099112 0
1.774038880410756 0.5566703025907637 0
1.791114766403533 0.5351980304500441 0
1.801058918673167 0.5607325372661124 0
1.818104158998813 0.5392905269450197 0
1.82805163548206 0.5647033972777175 0
1.845033397109031 0.5433797875211475 0
3.897988418177814 0.8886697166571511 0
2.715827551358499 0.9359485188870027 0
1.052656098637763 0.08244015234034924 0
1.229191328880121 0.5467396527456476 0
2.881870803206405 0.4092118442202582 0
2.899223934465324 0.3878271765660576 0
2.889944278208577 0.3613589696896032 0
2.861600501718417 0.429738623186721 0
2.985304728419474 0.3474603861833798 0
3.013219354743919 0.3515851182114387 0
0.3486937565858095 0.8588856205607308 0
0.3688974135018401 0.8287728554127449 0
0.4593787122411999 0.09299798719039609 0
1.024985856398621 0.07783316238012783 0
3.394977450442284 0.1508771181909401 0
3.414052585648649 0.1273923954405994 0
3.403131113913413 0.09918353888353637 0
3.433299013741448 0.1039867199428714 0
1.286987016221364 0.5559386292203413 0
0.5541743189272306 0.1411251770254438 0
3.212506524752848 0.3788876905137382 0
1.417284478997664 0.3641596802344478 0
1.444729604321781 0.3687043527883731 0
1.462382170672212 0.3472262192806589 0
1.4721478686361 0.3732404288547883 0
1.967612889227566 0.5391800506798 0
2.24351982394753 0.4103393226904651 0
2.269544309443154 0.4144995109634243 0
2.377914110638792 0.4338550524056641 0
2.404229270325343 0.4381729862074657 0
2.351949481708779 0.4298553555975725 0
3.445220102652486 0.132052223774801 0
3.463335392111651 0.1080788517917394 0
3.297689961730378 0.6359334402431673 0
3.452310198134221 0.08044586057316033 0
3.482375693961255 0.08473480784427773 0
3.211801704871966 0.8643620541267698 0
3.192907270602404 0.8862204191482989 0
3.202335159403559 0.9134296966479044 0
3.174176817891666 0.907945531241014 0
3.164726566720478 0.8809078284678338 0
3.146079019338873 0.9025622804948606 0
3.136635595720053 0.8756213463214007 0
3.118101921278759 0.8972879110043689 0
3.108639047206379 0.8703636155795593 0
3.090159336148428 0.8919779414972182 0
3.127172304066306 0.8487122192557919 0
3.080711689382395 0.8651136389768076 0
3.06132699144495 0.8858375804753823 0
3.071482102259849 0.9132886586626071 0
3.042724011650832 0.9071310408316602 0
2.533161736040608 0.9242848639254697 0
3.848378241804182 0.6510868813152135 0
2.958985477769392 0.3456923088342899 0
2.967890195033035 0.08048785847222284 0
0.6289976852470154 0.3253540809281694 0
0.6790990281108233 0.1419884914467907 0
2.011365070400034 0.7120441685688814 0
3.401562315792344 0.7715513564662444 0
1.2620932971543 0.3631523797347642 0
1.2894119443902 0.3677857393695698 0
1.307074978518914 0.3462516231116586 0
1.316882008735413 0.3723579804985939 0
3.493476761157353 0.1126302115975317 0
3.512720499513474 0.08903263079495644 0
3.58341716145081 0.9152204543586655 0
3.604532132968472 0.892503688936781 0
3.613341442386858 0.9213178068237553 0
3.633913322557666 0.8991997893014849 0
0.5961290137163562 0.8908545208325078 0
0.5777049909487757 0.9141324538688735 0
0.606809723120743 0.9178259101426276 0
3.263674697305344 0.442114335388948 0
3.125218112866933 0.08180111405454243 0
3.308799424446817 0.2145536702504471 0
3.315194821061663 0.08604762545607092 0
3.336537171880452 0.914780422333112 0
0.535805641271925 0.08222921230236174 0
0.5071477888690072 0.07649375935099945 0
1.718952584509057 0.07286592622265226 0
1.89626378010599 0.2178239563823002 0
1.869664732714627 0.2132470068684704 0
0.8544925546261632 0.3239832244299325 0
0.7306117778705605 0.5560277757212163 0
0.7503880702131811 0.5333246351715728 0
1.653554840500744 0.3783857913125628 0
1.85497930382473 0.5687394468189142 0
3.12345122984721 0.3673863651756212 0
3.094694243068556 0.363350399229574 0
1.720954860409033 0.1461890724290086 0
3.052304244075974 0.8592964636506384 0
2.473588029927958 0.07554085701513702 0
3.409383433435295 0.8005005991077313 0
2.271267611645956 0.7503513897294479 0
1.81105774385244 0.5860953305027251 0
3.152760187262782 0.3705150560244165 0
1.143128188783337 0.922652050061503 0
0.6731545965592205 0.708911004658058 0
3.337579813686398 0.402937059563153 0
1.141377469576512 0.3195571115301002 0
3.906437657162012 0.9190029238641885 0
1.566506217836972 0.5491713556796699 0
2.844458036261054 0.8627850058303095 0
3.097342888044408 0.07716117621960594 0
2.826010638502868 0.883802278062112 0
2.835237214090439 0.9105619477943392 0
2.807679248026923 0.9050314165623309 0
2.442747668829885 0.3347540983736093 0
2.112817406215462 0.5853695700888837 0
2.129731770843014 0.5641810921112225 0
1.651961902433644 0.3053755926132271 0
1.683607302911967 0.3113867678631467 0
3.104277004620509 0.712904886292473 0
3.122880716622132 0.6912130625361996 0
3.094867726761799 0.6858012392245956 0
3.113274827832983 0.6655923911072643 0
3.141724376345953 0.669386749379783 0
3.085336806003596 0.6597278224004444 0
3.106409524890483 0.6427114303136829 0
3.066870584244262 0.6805476278833561 0
3.057480302886814 0.6539043998601743 0
3.039019305625095 0.6750761544333623 0
3.029600521758901 0.6489827209063935 0
3.259361160012027 0.9244796263135896 0
1.100034867146486 0.1394875215998136 0
1.117861950444915 0.1178336065874037 0
1.108005370487566 0.09163882571453363 0
1.135653174945267 0.09622448289973506 0
1.145517073790579 0.1224100814867588 0
1.163296248948104 0.1008122208602759 0
1.125799774974191 0.07000351034728486 0
1.7859731751055 0.8470654023449365 0
0.2550549783432365 0.9131303078774708 0
0.2849426406242119 0.9151788229426729 0
3.011192949060363 0.669807528677723 0
3.004185320305784 0.6440754988467146 0
1.169945661036601 0.3249074257045027 0
1.684531485054064 0.7839417939613167 0
1.871924262971583 0.5474472263391397 0
2.707284205951657 0.68743271328029 0
2.698119669044174 0.6611071541683728 0
2.716494286925768 0.6399967026215237 0
2.688955394718822 0.6348292674828635 0
2.479329366025444 0.692494217546462 0
2.452026002596296 0.6872959528455395 0
2.798727047587064 0.6559134783017564 0
2.807821894521905 0.6826757105826784 0
2.29667908752556 0.4910866880462149 0
1.032661852555268 0.3752283367251937 0
1.201582782859119 0.5425711992434623 0
2.325074799598455 0.3597971990519215 0
1.523467848303839 0.8330807846910722 0
1.941094361462836 0.7252593118104396 0
1.173161364351896 0.1270904422159695 0
1.190947390409003 0.1055150908441189 0
1.181077742158714 0.0792018286904696 0
1.208764273027617 0.08389126139732028 0
1.155259728698702 0.1487399995015716 0
1.951334419642426 0.7494423764661273 0
1.924378594409748 0.7462741869040599 0
0.7283073223546415 0.769013421437832 0
0.6984116456866047 0.7647565089025167 0
1.466547021381224 0.1522843206631514 0
1.47239451922605 0.7036689871040056 0
0.9857960404538497 0.31794472114392 0
1.064458097788703 0.1830742810726199 0
2.557201164425942 0.1588739728738707 0
1.344633818477937 0.7088528702534651 0
2.022557223664096 0.5479924451900643 0
2.039094266530045 0.5270759169841539 0
1.060040939112267 0.5080855115085138 0
2.831255897943338 0.4912178928652858 0
1.552270537581703 0.644004694136071 0
2.703638397064147 0.4922835065479513 0
1.343566352127531 0.5074259078797684 0
1.789920821024776 0.7270790185254558 0
2.826245242703758 0.7351445334694369 0
2.515062270878073 0.322743000770659 0
2.095914392945316 0.6064926338584588 0
1.346810442100407 0.1074231352422035 0
1.425245847579111 0.6490867144144495 0
2.841154506326547 0.5912587354873472 0
1.539144120791401 0.5450439381265475 0
2.67934216379569 0.3502358390377778 0
1.214840169527446 0.6424898048348844 0
1.210745269595984 0.1584549963778239 0
2.148481079707294 0.4274706086734299 0
2.558962180998586 0.5878321321725417 0
2.807177282264252 0.3473053236855028 0
2.789260951340536 0.8515061802534927 0
2.652212636299372 0.677033270871597 0
1.664530893507226 0.5395713562750819 0
2.432900505331268 0.5890580013390512 0
2.969196578692745 0.5903787960305473 0
2.721579898463053 0.4711422013415573 0
1.295402797561216 0.8480804837076867 0
1.086613524526331 0.648041890791027 0
0.7674688453501188 0.1598439790104142 0
1.908324121177498 0.577498933365351 0
2.606381445882125 0.8401759147186127 0
1.750525689194722 0.2965857929865726 0
1.52156820227622 0.1617561692477111 0
2.397399358010902 0.6774945923501701 0
1.65344702123414 0.9000816912209155 0
1.636295963205673 0.9218490544303085 0
1.663648410517968 0.9257611096341642 0
0.8978548777396749 0.1554066873290999 0
1.212297308802511 0.8355863425930774 0
1.357937003098546 0.8086278538548742 0
2.813182209451839 0.1529325032261412 0
1.872562118090122 0.356503389202157 0
2.757977050852851 0.1436188272883471 0
2.229938591439635 0.1076843875540229 0
1.899276953405411 0.3609974250879506 0
2.189325078206847 0.2678548262065523 0
1.042352648820843 0.5295551508298901 0
1.362166656625786 0.6871573016282257 0
1.337000590324255 0.08123705491106747 0
1.364574000025235 0.08583103072109122 0
0.4054314643719088 0.9219857860608049 0
0.8737603549831447 0.6411674148978981 0
1.754076797795777 0.5055854795072708 0
0.7789481445728399 0.5371941800009953 0
3.041540599465433 0.505215644987234 0
1.184744822169189 0.831414091973939 0
2.896164410340438 0.1670205506579776 0
1.973335026046349 0.4923284230042989 0
2.969581909330555 0.1546592445954899 0
1.203153700767022 0.4087946547725287 0
1.199059422026533 0.05639437137367576 0
2.923840546144806 0.1718094257288061 0
3.053600982424313 0.1680082710727466 0
3.426944990151631 0.3896498603119285 0
1.808139422331244 0.5139031999281047 0
2.697102337393746 0.3288820868134436 0
2.724613969149541 0.3334688460719795 0
2.669694129773258 0.3243995167439685 0
3.356419621204179 0.8141166692567294 0
3.077670912651667 0.461728981141119 0
1.534947514978602 0.6653174216419653 0
0.1175502188149316 0.2421768705665202 0
1.845797616018904 0.3519263513622792 0
1.762283137427621 0.9158289089484505 0
1.562506074779548 0.6693741096096727 0
2.062110485116478 0.6487821438999246 0
2.045212920386443 0.669940830604816 0
0.9180377997065023 0.3366372126268923 0
3.725574377577412 0.2188072748780679 0
3.823217150404295 0.9278931098402401 0
3.793489811592908 0.9234988966639308 0
1.481763361374494 0.9245570017521716 0
1.499056852125663 0.902811045560635 0
1.508918082387403 0.9275189886709924 0
1.489942262353269 0.6822361479237484 0
1.861997755162626 0.5222166139820469 0
1.888236337079841 0.5257488980986895 0
3.376017173577578 0.1743651933000433 0
1.437426032344337 0.07355674184557615 0
2.825028763667912 0.3257268732887755 0
2.7974243776837 0.3215076377921263 0
1.407989379464435 0.670770399603182 0
0.5197747657801273 0.4595255864912308 0
0.4831471062717598 0.4534822595288509 0
0.7083422990130628 0.07375390828333722 0
2.0701760211499 0.4849255495172977 0
2.430204241046556 0.1657464072180061 0
1.334579151110794 0.6830023091825146 0
0.2461586068120165 0.5596807416045951 0
0.2178054842890393 0.596662221972024 0
0.1963379580566331 0.552531641028977 0
0.1642229809839209 0.591191352416953 0
0.841991745353359 0.1463532205995238 0
0.8160488254154343 0.6222741927911533 0
1.125364877589774 0.9452557232751884 0
2.85266487213337 0.3304101345713897 0
3.885093991538998 0.6148095984215013 0
2.375248245834707 0.1562112210706961 0
1.197377610068071 0.6641564194372689 0
1.169723993727039 0.6602014492932349 0
1.224749228057403 0.6678735939974745 0
1.592268042841203 0.07615577055807621 0
2.31917861662427 0.07390951342863467 0
3.086209541593109 0.4128745919684451 0
1.439503144513002 0.5541543652150159 0
1.411858711398398 0.5496976841685848 0
2.208795636855712 0.7146650663127156 0
1.325731925720196 0.528449617447087 0
3.425354163625657 0.6610855983754705 0
3.458340484413877 0.667375941267202 0
3.447550951480455 0.6348174660590893 0
3.481824780799978 0.6415778643926773 0
3.47018659052114 0.607688879057579 0
3.506120927101049 0.6144708954009601 0
3.435760220679716 0.6011875145337267 0
2.406904094083616 0.925014726586801 0
2.378854394844944 0.9170993352294827 0
2.369445000511592 0.891923753136068 0
2.351217533284073 0.9128025351388893 0
0.7957589370631162 0.1638094248622112 0
3.470897754621707 0.05775755966500029 0
1.069115447847343 0.6700388780530373 0
1.096970525170276 0.6742024086328126 0
0.4711840773126699 0.4189868452893896 0
2.457526611354331 0.1697765458629631 0
3.750920618201208 0.1518895243944454 0
1.81535740000157 0.8543295446067033 0
2.916154740413085 0.925234263039614 0
3.525737657078231 0.1167504154185781 0
3.542780915083656 0.0924706928843621 0
2.560638301597638 0.9291907109834807 0
2.578878179191054 0.9085826743938192 0
0.1363938934195708 0.07911782037002257 0
0.1667678976713718 0.08572247448570047 0
0.1064744404206075 0.07274128116248735 0
0.08568266936996571 0.09242907978376053 0
0.6398623157529717 0.3550181179720428 0
0.6611997047430633 0.3284556943735957 0
3.287285581086692 0.9301280548063373 0
1.221166269535582 0.3858492091353 0
2.445198476864364 0.07197486153933091 0
1.040895488671336 0.6645092307234849 0
0.0950259413518848 0.8725281969673648 0
2.660955285294757 0.9248483557262973 0
2.633468683744922 0.919695741903005 0
1.453581899134796 0.04942248839422059 0
3.502306043437625 0.9245885524491215 0
1.354482070707939 0.9298847021327359 0
1.381719826461022 0.9332202060551014 0
1.564767735656119 0.07212126781924999 0
1.547176498579588 0.09297538667817551 0
1.5344739347808 0.06643113775333187 0
3.171539291399987 0.4280686785632274 0
3.1808638262649 0.4554517293305797 0
3.338199605917917 0.2208665854009686 0
3.1276225151865 0.9241282408381448 0
0.4888363059880882 0.5568226678041329 0
0.4652612803865033 0.5865958877529469 0
2.012053667239652 0.5225469785157142 0
2.816362276059985 0.9312512038274002 0
2.78911385717858 0.9269709886995396 0
0.1264104275210625 0.9301883429587683 0
0.09613139993308351 0.9285110612983821 0
1.46392922936814 0.9471023905778351 0
2.160473211904751 0.1927956096514694 0
2.176819557327799 0.1730025607470986 0
0.4828197748209249 0.8221162277413394 0
0.4527051530617046 0.8166812822999809 0
3.752160671422204 0.5019935469477628 0
3.801666899390711 0.5086367421467303 0
3.785207774488748 0.4619480823907499 0
3.836579269881868 0.4691121234547579 0
3.097090024322925 0.5899584771078227 0
2.140200366690047 0.4736843463468369 0
3.867929438746811 0.5651399938791358 0
0.9017134194881247 0.6445419385225369 0
0.1701613924240855 0.7407944743726218 0
0.1488426413394983 0.7000271974172333 0
0.1284891010013536 0.7361133922248639 0
2.414402587370729 0.6095012255967013 0
2.387302366186036 0.6044669277397458 0
1.042151135389326 0.05642639647432895 0
3.643171684941557 0.9266690347176658 0
3.662927910808422 0.9056570573833871 0
3.672126423743335 0.932626819629942 0
3.691564005957997 0.9119564636752272 0
0.7370492229542547 0.4804043443729298 0
3.516949852777055 0.6487020809030355 0
3.542578132042395 0.6219412691854341 0
3.532411372315114 0.5829573773204932 0
3.553911837374383 0.6568382175079028 0
3.581086437113425 0.6289575354475356 0
2.82313615230601 0.6120567549276515 0
2.850496892858088 0.6175529764116304 0
2.795624787920786 0.6074073240374779 0
3.827114062265497 0.07469895692402795 0
1.647608623379497 0.9482388666949895 0
1.700616448828587 0.3753170751007057 0
2.918182892039883 0.6291922066126459 0
1.826806939338072 0.756389439344626 0
1.853663521429055 0.7601295233707974 0
1.870508730421668 0.7387626133196097 0
1.880555666545382 0.7639093237022885 0
1.863636509201458 0.7852530216486067 0
1.889406912553833 0.788002640241118 0
2.633859273951567 0.6248962175913313 0
1.718253572013087 0.9324794932396143 0
0.7564291915089867 0.8147914510326654 0
0.7756207547900207 0.7899667966081642 0
2.5055568687114 0.6254331902253808 0
3.230708871602193 0.8423900359154554 0
2.950850713499915 0.3921760431085595 0
1.005624064245658 0.3704621296811867 0
2.544416307909344 0.950608201758806 0
3.639431456025371 0.07264059035399745 0
3.611495112922311 0.07075469408723789 0
3.926674861639539 0.8959905661377927 0
2.416577798633262 0.653510361813187 0
3.271532775065255 0.9510105770942092 0
3.243729618844736 0.465441630064279 0
3.27237739370844 0.4699454338794192 0
0.1554990476714941 0.05933729029112772 0
0.7898915195358773 0.3635431738207575 0
0.7609949558468161 0.3591186032117536 0
0.7503282218939169 0.3324782121351773 0
0.1598824130776597 0.2519861790298057 0
0.1311940220750019 0.2851513996438292 0
0.1762701318120488 0.2955017058186384 0
0.1456204516145698 0.3292037515782512 0
0.1917519379991661 0.3385722138542701 0
0.1605750548992837 0.3759577687377779 0
0.2216663111764281 0.3047275586166148 0
0.1090856498476096 0.366736727940011 0
0.1266124019728314 0.4158558658368735 0
0.179419914711026 0.4248656189214436 0
0.149386454508404 0.4649724064416898 0
3.422788990581125 0.9320788445481837 0
1.728907556371367 0.7669572137499525 0
1.745926532639918 0.745353194386323 0
1.670240307481756 0.2842410561618304 0
1.845433668886237 0.2824177890937276 0
1.756960850835809 0.578204353838406 0
1.489790757380735 0.3517768383839902 0
1.49954681742874 0.3777735370943286 0
2.433088495771566 0.8556014859096965 0
2.40587994526911 0.8502686781532292 0
2.461149143052356 0.7133574972207473 0
2.862921245975367 0.8417083233494398 0
2.34228054962427 0.8865318574916341 0
2.325236185303408 0.9078207744110707 0
2.728637401275729 0.06564234024850624 0
1.511830077945669 0.1357552499170561 0
1.334577917230339 0.3508194823393821 0
1.344373882356222 0.3769158846184566 0
1.615095264415396 0.2747995283872484 0
1.086023255100502 0.3102035954100244 0
1.480029793548784 0.3257723624199987 0
3.01127881973912 0.8218621787430729 0
1.324777492396831 0.3247120849799389 0
2.515478882086806 0.7242442770127113 0
2.615433630869979 0.8666264188307976 0
2.63375912896677 0.845591167357471 0
1.98847983029043 0.3999939194867393 0
1.961853550437098 0.3954250228985524 0
1.28746439101364 0.2939629553050195 0
2.96451872878501 0.6864721647959175 0
1.442841257734086 0.2951028522112675 0
2.018452602863672 0.6659169782758304 0
2.707284350965252 0.6141752426083656 0
2.733682315034939 0.6194128565195476 0
1.356638740270889 0.1335968820560914 0
1.338884926784331 0.1551853385860808 0
2.252210419080842 0.5070622218908433 0
3.811847096456917 0.6845587460927998 0
3.861969014555816 0.6993162496317601 0
0.9910887949508369 0.1955581062373888 0
2.913539162542213 0.5063611616993753 0
0.5303734817689285 0.3082825315300336 0
2.128059517702181 0.3050123906244333 0
1.376170805959436 0.186096079987029 0
1.918310614389175 0.6032824951989204 0
2.633953303048416 0.6980965861869208 0
2.684973556149322 0.1558313559046564 0
2.712539138854808 0.1604902099249028 0
1.395738315672277 0.8385808189568931 0
2.395449503447939 0.4848666700766192 0
0.7113293341604385 0.5792945810320309 0
2.945649845467251 0.7087543453752969 0
2.338364025705217 0.05146802897203928 0
0.07246987180237574 0.2246721617162286 0
1.340528123960728 0.830450535262521 0
3.023346955071082 0.6227827749578497 0
2.600466053990899 0.06881994214678533 0
2.582798748436839 0.08946132012675206 0
2.572697375747333 0.06438485810337224 0
2.555412102836089 0.08573599645590047 0
2.545282605622923 0.05900689405579163 0
0.8743857743292143 0.4275705739325026 0
1.778390268109922 0.894493621500726 0
2.260756790199171 0.4607443351104127 0
0.9534896186424593 0.1645820722427002 0
2.172027084701563 0.2887800092221913 0
3.821892443916311 0.4204345535552204 0
3.873901424001348 0.4289343700928234 0
3.858720136425675 0.3786785398444031 0
2.700894842002936 0.06191652456960595 0
1.881938513957152 0.3817496261260414 0
1.202098865593888 0.8096067252272743 0
3.452255705932712 0.9372996279720481 0
3.625827724977923 0.8714713959430416 0
3.532226177424366 0.06676098286869103 0
3.560431650785242 0.07002415605631551 0
3.569441695902441 0.09578147117789859 0
2.71493259695839 0.3076018750618441 0
2.742515690804265 0.3124009027227885 0
1.561150453035076 0.8624252596163677 0
1.578432153478903 0.8406088523421882 0
3.346634211944266 0.9417228925248763 0
0.1847064941849295 0.06351102843457157 0
1.187880286660546 0.905478210799733 0
1.198090448367064 0.9315381580273586 0
2.905934403690495 0.1931630796521734 0
2.798340309836273 0.953266736500615 0
1.150638673694874 0.8747535909992308 0
1.140479159874421 0.848782646278153 0
1.112538430790369 0.8448936303655192 0
2.080945547634155 0.5108013550703362 0
0.8050610651192547 0.7958062715856713 0
1.462438895613557 0.6779649968657253 0
3.741203964270493 0.1173816251618408 0
3.763333233490227 0.09260209859142349 0
3.731817481674662 0.08560034332285288 0
1.098860512018121 0.06599127634069107 0
1.254136693089479 0.06828626666716808 0
2.019321182497394 0.7767027191189727 0
1.352422594766511 0.6616798234340368 0
1.354584772615004 0.06089221055669108 0
1.382229776180269 0.06490270364508149 0
0.5992571690986088 0.4089138030781093 0
2.360909758043216 0.939754392245587 0
1.179595418857387 0.6856346325267892 0
1.152248599552151 0.6820076542242146 0
1.989894100826982 0.7720217071445774 0
2.69410312403477 0.4671332141739266 0
2.944749429078906 0.2976066817339103 0
0.6517114735140108 0.06540397543267229 0
1.224936912041312 0.9350795616065888 0
2.11846122764812 0.5395332816435824 0
2.620059011965649 0.04743677510657562 0
1.887086870421245 0.1906743877275291 0
2.260869958558468 0.3907101691987636 0
2.287045171209737 0.3935278449613483 0
2.296197121877136 0.4192791441575132 0
0.7317510648102952 0.3541735064759221 0
0.7215649221635778 0.3283597369459944 0
2.263064616381034 0.06562612955857527 0
0.3304454805427492 0.8881801826655855 0
0.3437136839112878 0.9159933649756418 0
3.562958457509913 0.9370475024208949 0
3.334923746211979 0.06497472599741311 0
3.362984143289963 0.06919311504503922 0
3.114224949554533 0.05580649956126743 0
2.395677629492886 0.4142018759696447 0
2.421927316212198 0.4170810559147557 0
2.431171572263542 0.4430331987709543 0
2.412918534436162 0.3947190007674289 0
2.520823330237651 0.1313866534027486 0
2.502885517541648 0.1528821221534237 0
0.9317957546779596 0.5083628101456933 0
0.7772218895647536 0.1863174145490721 0
3.000769439758822 0.3240925879948401 0
1.860857016962663 0.1883652848170418 0
1.843387574985985 0.2086382947360261 0
1.834378349224536 0.1852931985645876 0
2.588020892354288 0.9343150644286851 0
2.122718391384073 0.6105417471780775 0
2.217754255033491 0.409517241334194 0
2.218815929199009 0.08459427654517071 0
2.440313280969827 0.1905073394025417 0
2.334056936229208 0.3847150732020715 0
2.748757444786361 0.4771735608241565 0
0.2375040020982184 0.3464526902678018 0
0.2644486639344943 0.3115509197437083 0
0.8118475940160792 0.06731007913599368 0
0.7840510773466782 0.06204055965224992 0
2.642520726073692 0.9462853392399941 0
0.5025577126104972 0.5941500933099695 0
0.3139693879083467 0.8530442764487236 0
3.031316293227695 0.3317368136900985 0
3.040877524045877 0.3566531059870198 0
3.059345015653394 0.3353468488159119 0
3.281008769692092 0.2076522498056035 0
1.873554164915637 0.8104387436550888 0
2.144515833929442 0.542976711209344 0
2.155238067549514 0.5674047907563827 0
2.844332633053854 0.9370553923271737 0
1.116613703334161 0.04475472793806284 0
0.7040135206142606 0.3518520961656411 0
2.45707263091383 0.9327826057571109 0
3.562171765712103 0.8568774593349255 0
0.7005327543206334 0.5506035775088479 0
0.6232877792571427 0.1348139860151917 0
1.781926128555627 0.1097936556994802 0
1.791443071843704 0.1346462028776092 0
1.771906925990129 0.08247892409267876 0
1.774842397191638 0.1552651235916569 0
2.36332275153893 0.05855719181081731 0
3.752716359977398 0.06441124304434198 0
3.780550227998082 0.0681168055949517 0
3.593514757261671 0.6641888917550526 0
0.2227536424067791 0.9103162853251314 0
0.2376285904071618 0.9358133680794249 0
0.2100206392572033 0.9354269603526406 0
1.069782133617827 0.5343020676399214 0
2.916224437931564 0.3657127770773545 0
2.907448054067976 0.3403634009323113 0
0.8822414791328264 0.6653246643986537 0
0.4709492381570035 0.7920541903420958 0
0.4788417449080584 0.6224421269867128 0
0.5178745116071954 0.6275488578193051 0
1.368930445141894 0.9538971551386275 0
1.207518939619669 0.9564662114870607 0
3.919933837647573 0.8674247775308104 0
3.053134115692885 0.9332665785354513 0
3.02523868081731 0.9290114650809409 0
3.081298338470629 0.9387111349638338 0
0.07537898083961192 0.06483691243379613 0
3.771656900723452 0.04341978972740484 0
3.784626325866785 0.8970477364428694 0
3.764077927341404 0.917984062786239 0
1.633993567237611 0.3978102746028762 0
2.893327003937789 0.6233299905177221 0
2.849346186313766 0.4699892988813794 0
2.876790389517277 0.4750417731455391 0
2.822327006076249 0.4674632911219992 0
0.1443897128085143 0.5446783817393362 0
0.1107772859838176 0.5853587034856459 0
3.847010667354617 0.05140628400671254 0
1.436853099858523 0.9411848432796218 0
1.013523668054263 0.5241077195705487 0
3.182159500733749 0.933787815621552 0
2.5440448762572 0.60981336047618 0
1.562267683947368 0.9333549110874211 0
3.910306825261854 0.3891056704633033 0
1.589314377271138 0.9377891701846702 0
2.023061453792589 0.7356605471301582 0
3.436891495742808 0.9557504778890799 0
3.313309241376469 0.2392459075369634 0
2.449057497125605 0.4220452437030554 0
2.458318871858623 0.4480464957159843 0
0.5193572835087685 0.3655387181805566 0
0.8892967054581944 0.5470101446538919 0
0.8611809444924297 0.5408494366950545 0
0.8427584007367155 0.5606303599806529 0
0.8303309145755577 0.5343914069654296 0
3.6237953651623 0.9486414230756895 0
1.801191581042814 0.1589861995387257 0
1.818653806610445 0.1349015291202329 0
0.5578060157000095 0.4686110040780188 0
0.2175815866215292 0.6728322417543485 0
0.2624243787823732 0.6774788390449659 0
2.714164437559867 0.4474223660594895 0
1.481929743401128 0.3992272336580405 0
1.221716212603006 0.522722208637581 0
1.66445858273364 0.06513292854087027 0
1.637175962238688 0.06007753610791233 0
0.8137912640123826 0.5574264160382022 0
0.2480372064964567 0.2651365505272395 0
0.2931914064907459 0.2796468869402747 0
0.3018599673680136 0.3226698470323486 0
0.1948925039017486 0.08923366242481956 0
0.2142077859715092 0.06717935158685057 0
0.2227020371879629 0.9577058185243164 0
1.836109278009601 0.2582765105738545 0
1.427073031088603 0.3901926885685872 0
3.210046585662731 0.9384687005975321 0
2.953141482101191 0.6126116525566832 0
2.71465082022516 0.04318521475781723 0
3.142037126242911 0.06080774916677767 0
2.484010240020459 0.9381055523824776 0
1.788674824871926 0.9206999215051543 0
1.836354117694196 0.3265185327510911 0
1.818979429554662 0.3474367007997719 0
1.58257392621306 0.05010151734749885 0
1.327504811564023 0.3992545248723718 0
3.306501506539146 0.05519456963935837 0
1.786186077620309 0.3214082307718841 0
3.112732194190582 0.3408366125907422 0
1.273150853529639 0.3901743136054453 0
0.2008567371206729 0.8837493764995019 0
0.5102143817913589 0.528250272984916 0
1.739671667002625 0.3338611859351366 0
2.908111329118307 0.4127615767387731 0
0.7930936120307523 0.7692470816369953 0
2.277737683526666 0.3713394424756913 0
3.076452322781856 0.6106427716439546 0
1.607779130972498 0.3925439006102668 0
2.175343788247612 0.4298248501566948 0
1.370817237494748 0.04267081019546348 0
1.049588187563969 0.5540412254160639 0
1.354200395916413 0.5349314310051775 0
1.14428196359101 0.3952731444816594 0
3.724385392830892 0.05883360504091434 0
0.8448517104283717 0.6375564211164383 0
1.772430548610707 0.9412331261904059 0
2.900794921706034 0.9520125630618994 0
1.087975495371284 0.3842926842426984 0
3.014840110547943 0.9020603440219166 0
2.997525113922205 0.9239958152847603 0
3.00615413768248 0.9507979893238552 0
3.458225459266164 0.5744196210857465 0
0.8279503997227571 0.5985455279051637 0
0.8884110972794701 0.3309739620212842 0
3.883854680685373 0.9376884563524019 0
2.909021003130676 0.602750912814495 0
2.149119858249533 0.4970775037452441 0
3.424218570224913 0.5704779726367613 0
3.919425594823703 0.5722144582600233 0
0.5887595854991989 0.9411400243651775 0
0.5608585415376781 0.9366350853108352 0
0.6182136700206846 0.9450484584045273 0
3.444358962553218 0.8326688138738045 0
3.467816354892754 0.8089835476834171 0
3.700658628811102 0.9377091900777301 0
3.718984960453363 0.9184547669850298 0
3.727939699238745 0.9457344136529957 0
3.709095458053284 0.8905637031476872 0
0.9092999928081209 0.30990212012833 0
2.08685021882894 0.1824686144145572 0
2.082398012634485 0.2099467122120186 0
2.056982100963249 0.218601377518398 0
2.106772295998383 0.1985665032669161 0
1.969832863762393 0.19929293056239 0
1.949815363195599 0.2198732600723436 0
1.982570889740562 0.2246795560120127 0
2.010226591707533 0.2269495451744253 0
1.994021790906432 0.2501597130998844 0
2.019408567021152 0.2510197332354692 0
2.157402208581268 0.8724173002497564 0
2.186528181321682 0.8717924679341257 0
2.202784880339161 0.8940250314270597 0
2.164193622206812 0.8450935707794637 0
2.143223274800186 0.8252077239273223 0
2.174608187068944 0.819535833286008 0
2.213611991233915 0.8690483050847516 0
2.229727026952844 0.8909582605718604 0
2.218422636990773 0.9149611708351948 0
2.245836856933753 0.9114142139597251 0
2.255605480747807 0.888355675694837 0
2.272670296002498 0.9093626166584423 0
2.260102275792662 0.9351493781821612 0
2.287964519795922 0.9312254140691753 0
2.150940592270066 0.8002955288895952 0
2.124609535573762 0.8071542439910482 0
2.193991957666657 0.8454427934381022 0
2.177203527933393 0.7927669044896539 0
2.15307589911343 0.7739094050120872 0
2.28399681198976 0.8815401917924688 0
2.280124884479948 0.9565595822574195 0
1.710435826154358 0.3294894025286307 0
2.157131042968202 0.1251115111493126 0
2.184231580090858 0.1274150832507697 0
1.968742244691812 0.7977526499719414 0
2.08781864631816 0.8158036867494192 0
2.030744416367428 0.2039297231025565 0
3.084261994005952 0.04721097843906147 0
1.83851476616047 0.8745607321836549 0
2.116660651286618 0.1690609657509586 0
2.74326558682566 0.9412711089757347 0
1.913561616380979 0.819859925641897 0
1.812928607880962 0.07175038188389954 0
1.935549836492604 0.7690940903578685 0
2.830500208099912 0.6397323998308908 0
3.37672196864763 0.9519491079288854 0
0.172090957169837 0.03598801474095159 0
0.09907591582966568 0.04545333460889045 0
2.646818968911544 0.05093199628765011 0
0.5660105691211645 0.08893048074705961 0
0.5536046374039223 0.06225838632820546 0
1.249519491564837 0.5304237235284113 0
3.070955639461163 0.8379186152099796 0
0.2038782605917158 0.4722294289036416 0
2.720236079191915 0.5932632589505439 0
3.898881533520083 0.331059484320234 0
1.964111330192168 0.2440568249925759 0
1.660507816799549 0.4008063841013834 0
0.1372091563162119 0.6438790179487475 0
0.07410022574292752 0.6266728652589733 0
1.19338943800649 0.3824140426950029 0
1.271986991536714 0.0458548463294759 0
1.300060109704683 0.05081854235790184 0
2.313181863448251 0.9512980899288184 0
1.508618455756625 0.3996144487340396 0
1.525600063547514 0.3806339304333201 0
3.934659724477014 0.9266543581148678 0
1.354172775596653 0.4030011517507536 0
1.370687145862419 0.380311156230526 0
1.295857476414672 0.5272727529816165 0
0.2682849487293728 0.9381958000185338 0
0.2979308486012786 0.9375581406225002 0
1.555577842116299 0.5227321722732551 0
2.976633918788474 0.6156336360327258 0
0.595470172465721 0.1295634023806711 0
0.6047656187991681 0.1603252403377708 0
1.190522252540749 0.5170492277357864 0
1.17368422218984 0.5398771772638382 0
0.1561209932040419 0.9318477091291808 0
0.1404343880993686 0.9550572070844041 0
2.721777335294792 0.9620880777740867 0
1.817487774207212 0.2063630282724083 0
0.7119419382132031 0.7907297127404991 0
0.6869937902502725 0.7919948246864241 0
0.6657161699295968 0.7683628464685714 0
3.047311956184501 0.6041950653217609 0
1.012370855332059 0.04714668836717861 0
0.9955329896862939 0.07321223344101252 0
3.854235121333526 0.9317707102093358 0
3.835433589953339 0.9528801467894185 0
2.225811632559318 0.694158481831026 0
2.253289719728962 0.6989751652516347 0
2.242700536435779 0.6736029476494776 0
2.270665716143957 0.6797442844944409 0
2.262753330026597 0.6526462533694162 0
0.8666256049687275 0.3514611162447794 0
0.8483321160976935 0.373024711745504 0
3.667652155952307 0.07570736758758967 0
0.4457932314267896 0.4472378955608906 0
2.677509423226177 0.6057185969752636 0
3.799555071685107 0.0946684652464781 0
0.6310501651419127 0.9724026712298351 0
0.6469441866087604 0.9467869748193898 0
2.985385946222133 0.9009474237929889 0
2.968091045987853 0.9234746428360516 0
3.294421632767829 0.4473949660163971 0
3.441191021646191 0.05403762828700581 0
2.190295892565346 0.07630240853007175 0
0.8619400867668754 0.4003843149378977 0
2.568232364911601 0.6139821908795869 0
3.533177840958791 0.9296948395524449 0
3.512868971476157 0.9521650585488938 0
0.07349021794404798 0.4049367914886361 0
2.694780252100603 0.9560276186775754 0
0.3744170716085518 0.9183191695162245 0
0.3555713022721798 0.942611947895198 0
0.3881676777583898 0.9449560291339929 0
1.33378148785158 0.5597690039127358 0
1.382190085968684 0.5410770775693585 0
0.04220442045313666 0.7563586583178399 0
3.956185192565401 0.2401628958739158 0
3.90850967255632 0.2730571234006445 0
3.910707478943499 0.2240502836134687 0
3.946450693854155 0.1967711863153017 0
3.625492941124075 0.6369668317614718 0
3.631171073326555 0.6710613252344737 0
3.95656802757466 0.7537716914069685 0
3.903224286895006 0.7291208066770365 0
1.441657027542502 0.9709564314356409 0
1.52881240624913 0.5192687278070915 0
3.907888467257022 0.1781589110445147 0
2.105225039739398 0.6312565073441336 0
2.223608698219355 0.8402023441246744 0
2.190044067483504 0.9242353419296234 0
3.498129325364238 0.8166727314665669 0
3.777422111242796 0.947943798293717 0
2.44527615555857 0.618402124616024 0
0.7725234438601607 0.5103654466888742 0
3.912383437997379 0.9496883180484994 0
0.3456626147417503 0.7977912647762997 0
3.502230002533228 0.05750142708188982 0
3.042262636892243 0.8315257562262487 0
3.873031187566361 0.05590570102823467 0
3.901912763283438 0.05601689892592576 0
3.915698947342473 0.08362293181536007 0
3.929430046721731 0.06181159174793049 0
3.900323427631319 0.1110851457131631 0
3.932060884471926 0.1107162233178133 0
0.4195323316798429 0.9497541566804039 0
0.4370553741498187 0.925346218272228 0
0.4677686722132539 0.9293400512495456 0
1.212239385852796 0.3623658286712755 0
3.191910612575969 0.4038317184126369 0
3.699004747796177 0.2580296710042268 0
3.657152818935893 0.2532907561361103 0
3.631346252629418 0.2843886236100163 0
3.617656986334824 0.2477657938924808 0
3.592241864947897 0.2772326078534136 0
3.67979595196666 0.2213149504997904 0
3.604890683468792 0.3135099418641023 0
3.566821942133648 0.3057161462213255 0
3.554223541295529 0.2693723206605232 0
3.52943601002367 0.2981923471089868 0
3.541320566884298 0.3339569537761954 0
3.505711134421278 0.3272317619147572 0
3.515951275183944 0.3621414841957781 0
3.481423096091444 0.3583762906084553 0
3.55260539527587 0.3700244277617826 0
3.529665304784654 0.3997524188446226 0
3.493078494886714 0.290555510516096 0
3.506321066354252 0.1418569344686373 0
3.656774327396825 0.04811425278063453 0
3.406544580976407 0.1799525772004137 0
3.386979574654161 0.2038128196876393 0
3.438672700871555 0.1854158684975757 0
3.459168382097098 0.02715435220995327 0
3.410146728658308 0.05095160776883745 0
3.593626936553176 0.9444434642276642 0
1.42831277908999 0.528379370287391 0
1.455921776973204 0.5305914280735825 0
2.354508871764871 0.03115566853558926 0
0.2374849535560482 0.4279812667028349 0
0.07154579246631054 0.1892894036381263 0
3.458133434654927 0.1617024791127549 0
1.935129303707972 0.2421031741336964 0
2.538210028898182 0.1079796471799179 0
0.03907216791328483 0.8058518506578107 0
0.0745574880123252 0.8340050271824329 0
0.07806625428350955 0.78729162825832 0
2.169915559327627 0.5445104873425043 0
2.181769529041286 0.5709849279029893 0
2.527662276081096 0.08014520233432687 0
2.517429537319065 0.05009466408502383 0
2.5412996790992 0.03033591988883505 0
1.676929641900805 0.9514621376083974 0
0.7401671846482445 0.382771100585425 0
2.460173441418418 0.04963822201554241 0
1.956640420794946 0.5133529325557955 0
1.929082990670513 0.5084736925562382 0
1.471391092687929 0.506954254359517 0
1.485190945187416 0.531192852952599 0
0.437482243186017 0.6211324842449656 0
3.715155664188911 0.8410422143605588 0
3.354697395649697 0.9688710892616882 0
3.201583066169304 0.4323230850945359 0
3.21105816948048 0.4608863678047615 0
3.737579994807307 0.9012422279334614 0
3.20180967992353 0.836595651522512 0
0.02738221204230618 0.04672154538165851 0
3.972935896379914 0.953409423506715 0
3.221967323076306 0.4884703351071107 0
3.318270930508145 0.9352030764999233 0
0.5259584077555877 0.05508287140534429 0
0.49888806126268 0.04941263257739492 0
0.4809277839362189 0.07236497672575581 0
0.5700590225658637 0.9685796851820765 0
0.8754449778910365 0.3040714128944806 0
0.8628001308926896 0.27539224544151 0
3.398190472137057 0.2352280820836541 0
1.413618251607666 0.5006034871045014 0
3.946434877127092 0.6277594248235727 0
1.143650317458135 0.04836158320516903 0
0.080931854963882 0.9024016841599058 0
0.06862897802405121 0.9289816991857128 0
0.06107731027934626 0.8751983083394361 0
0.02886607565270127 0.8875444094590964 0
0.2843650886725739 0.8242930569642329 0
0.03521871268458709 0.1120460799494964 0
0.06476148433949769 0.1342294977298077 0
3.971535436461032 0.8853833965038804 0
0.6488142156632768 0.2999571176141286 0
0.680396286498719 0.3005614672827506 0
0.6361353719497509 0.2697679314525971 0
3.716446936010949 0.142622347363747 0
3.726189335384923 0.1783622616822111 0
3.566269146212317 0.4072320121223363 0
3.969900107486404 0.1135614368338781 0
3.639062423482261 0.8239459753938729 0
2.133455676598284 0.1929916565032777 0
0.3786483358644277 0.4642967486792277 0
3.307520391585386 0.9084927076310658 0
0.3723098424730928 0.7647427575338608 0
0.3899491418570267 0.7994357480783418 0
0.4024008082156492 0.835101666907279 0
0.6271340850458043 0.8946132150471471 0
3.962217496415023 0.8029018211792669 0
3.919151507983492 0.7836702365131598 0
3.085921328056108 0.8125598003611193 0
3.114982603962734 0.8180790308773923 0
0.4882203898480426 0.9044680269907923 0
0.5025741396559522 0.9322800367526205 0
1.015464717920975 0.3973071483968693 0
0.9906294121807027 0.3949799081017226 0
1.043071239252966 0.4018665381273072 0
1.783568776596623 0.180527322183059 0
1.757156745825059 0.1762071487946972 0
1.739435327047893 0.1974202009756738 0
1.582596383713212 0.5251767875478827 0
1.776573288179783 0.9708984497841219 0
1.034697587965939 0.0294249960044568 0
2.071987469638402 0.6739675432060066 0
2.054440742651802 0.6945839172648266 0
0.2583858370880558 0.1339884110939714 0
0.281574123243743 0.1099469369593231 0
0.2507392752605178 0.1012368515224104 0
0.2723972773335086 0.07833366259659152 0
0.302432181592432 0.08639947704685447 0
0.2927490936745105 0.05746549927130168 0
0.2654961408151133 0.05104417954530538 0
0.320727821915439 0.06353915048141334 0
0.3309390038499418 0.09058223800736603 0
0.3492730289693593 0.06920949402744647 0
3.239356211369219 0.9494652621829884 0
1.513523670670244 0.4924864102916829 0
3.029653350623628 0.8773223471327372 0
3.286945523287755 0.0807173502631035 0
3.277193884266109 0.05418296814246615 0
2.027606630692178 0.5010277387963432 0
3.287604756232065 0.6047552610405835 0
3.266964954409182 0.6288805292339809 0
3.277033859248328 0.6592923750016715 0
3.247093847694607 0.6519625572328844 0
3.256178344115383 0.6828126980168668 0
3.226666185485597 0.6762633116817217 0
3.217582809387094 0.6462912929131097 0
3.197679950392903 0.6695116013700484 0
3.188554744727974 0.6413229158735922 0
3.207017103862167 0.698142395582112 0
3.178075258648809 0.6916099559647431 0
3.267095838263711 0.7141559955333574 0
3.207789422001237 0.6188500829188628 0
3.179423931828243 0.61262722614626 0
3.156036278610836 0.6394125732487402 0
3.150564049436102 0.6078768105371373 0
3.187301998174567 0.7195595387467425 0
3.308356336690895 0.6663415068683259 0
3.805875253308642 0.9506096124646681 0
3.762486765451076 0.974646807182218 0
0.3099607304201291 0.3692112736844561 0
1.809852659194994 0.7785391959404762 0
3.258988792312482 0.07609062407762712 0
3.248070421607173 0.04583713406825574 0
3.23139406153971 0.07110172200896048 0
0.4291157682872659 0.3920048046446114 0
0.6463967104863308 0.5609888441655183 0
0.671529857845266 0.5345046953794105 0
3.603615346318544 0.1245651030135426 0
3.567430545459992 0.8078351832710515 0
0.3590887237989626 0.09540139885536003 0
0.3768557695782346 0.07285798898212048 0
3.306689635854544 0.4951792773261671 0
3.392373209801758 0.7415885180407139 0
3.369740374365819 0.7639142855278216 0
3.182186067609485 0.3750216063545359 0
3.202142885833279 0.3502689683191584 0
3.172475978551438 0.3454615900467534 0
3.222103331272019 0.3255687641036598 0
3.020381404937774 0.6965807731553882 0
1.914517443019252 0.1858558488014366 0
3.796763700183245 0.04558816619285877 0
3.522095726025668 0.2612512615502419 0
0.3885565463198453 0.2852830078347666 0
0.3499390314756106 0.2722151059227438 0
0.3756968144206057 0.2492716337404683 0
0.3423312794883988 0.2344429196935895 0
0.3678265002397783 0.2153581662071596 0
0.4005655779069222 0.2237241317623743 0
0.4126122250633688 0.257505241041279 0
0.4271421067715573 0.1999248976495148 0
3.348436726111554 0.436125088564731 0
3.863017681197443 0.02894374273655542 0
3.698731113724929 0.07605679617405697 0
3.70013790312369 0.04637797405351252 0
0.3827676221887619 0.5780918919263063 0
0.8033578176632847 0.04219020714481714 0
0.7765226371225191 0.03674335391703537 0
0.7563664424568952 0.05699377130169442 0
0.7270109438318211 0.05145107650553471 0
2.770198465497866 0.9508250021429286 0
0.5495536902476681 0.1951949439654302 0
0.572124705791937 0.1708128336128275 0
1.772933637452463 0.7492616124766747 0
0.6804208595811903 0.06985568226061822 0
3.162558138691565 0.3158543258566138 0
3.358183169842607 0.2878484382113854 0
3.325284233334632 0.2853732092272986 0
0.3268312672425964 0.9380918233142832 0
2.315099018131323 0.8824631924775127 0
2.278800130199883 0.8503485927720197 0
3.105421322312059 0.02911388413179156 0
3.394110223863178 0.9269537124530007 0
3.472210522954167 0.917358721483208 0
3.482621641958471 0.9462171328014213 0
0.3650628686988844 0.04748915908062434 0
0.3951671808406563 0.05128387893197672 0
0.4029857860683337 0.07745333248135189 0
0.4213728342100296 0.05383926396347827 0
0.6695577614129045 0.6241404222367251 0
0.4349992470251991 0.02709636115422842 0
0.4471988664257098 0.05047057834216878 0
3.560064500216325 0.5493362563157147 0
3.572619522008939 0.5886147806962073 0
3.514231898192583 0.5437897889521283 0
0.6643931539894932 0.1891269376356592 0
0.6955725767298491 0.1949826297568009 0
0.7167586147607077 0.1732864856673477 0
0.4620433147796525 0.2070325333283081 0
2.36041346022022 0.8658330179327458 0
3.705268187590108 0.6183357373785408 0
3.718866940751367 0.6620044654771716 0
3.668445343288558 0.6556326524450482 0
3.76453530953999 0.6737744547061364 0
3.736055882636034 0.7064312112838542 0
3.693871582917921 0.70084953030801 0
0.8819867816254505 0.5212872000667073 0
3.198637460762172 0.5897438255088174 0
3.237713629807247 0.6207748774664792 0
3.305063750355697 0.3950961171029025 0
0.9343464009995495 0.3128161021228092 0
0.6226777933805576 0.06157148060393081 0
0.5980944375234993 0.05348290420277557 0
0.451918624278532 0.3604992779377665 0
1.180573947452395 0.9532213305751996 0
3.139664988749543 0.338366125435544 0
3.102058420446965 0.3110802470591555 0
2.780244502132122 0.8998480702694281 0
3.681038680159254 0.9592344796111184 0
1.312820076178283 0.4241254176477322 0
3.296553938553005 0.1087098620823662 0
2.230397727890043 0.6488804580123849 0
2.273376714960215 0.6260211346260178 0
2.291481522154997 0.6449803936157401 0
2.300111054199306 0.6222524035386354 0
0.6405491506951737 0.7049738964910338 0
0.6200991367548194 0.73057032997153 0
2.984771424185799 0.6655061976448882 0
0.5486099311186705 0.7775933347910715 0
0.5303506896814691 0.8028565472248519 0
2.992656939729903 0.6918189453430432 0
0.7733882846773334 0.669057918856955 0
0.7372179071463045 0.07873371271752772 0
1.21868297288139 0.1104499201950192 0
0.082880188695718 0.9525745920346531 0
0.5487060397239769 0.9104726322252632 0
0.2088256928853354 0.3828710236909293 0
0.8337789048112185 0.27034297367372 0
0.5706184823232126 0.6079826662494885 0
0.7013371328291205 0.6297461235001707 0
0.6854326792632974 0.9026855456828594 0
0.6965871806322661 0.9291087829594782 0
0.7254610484394823 0.9322210916078059 0
0.666795858482172 0.9250545633778776 0
0.7069444939824159 0.9533286202879082 0
0.7432628299765884 0.9106792437618282 0
0.7717473336920775 0.9150359967387631 0
0.7542657769097889 0.935992719693611 0
0.7823733471804197 0.9412262256116455 0
0.7997453251867324 0.9193390171941734 0
0.8108157757180388 0.9458024608893165 0
0.7929954213638173 0.972397745614044 0
0.8394451520100235 0.9482157422311324 0
0.8538372230490967 0.973550462267658 0
0.8688045908695676 0.950412893178942 0
0.8572387631474587 0.9262301550177492 0
3.220446887685227 0.2430732095119766 0
3.237043727321173 0.221784799093975 0
3.207535041850947 0.2160924343892237 0
1.373575388485212 0.5142990167862574 0
2.114325079243297 0.8302360158727873 0
1.159258126161423 0.297886654689052 0
1.131506289353838 0.2932134273154293 0
1.187006735718952 0.3024654230103354 0
2.43374830162096 0.7083632745379239 0
1.696641843055545 0.2886192521430071 0
0.792613885353926 0.6455329060973077 0
0.8028592699237274 0.6741013805017901 0
1.502130837155049 0.109406404415644 0
3.373343885413664 0.09528487165777666 0
3.391947166757378 0.07294413736878214 0
2.835351138897822 0.836268255284635 0
3.386203714211693 0.8215273804967906 0
2.424100559332377 0.8293453093654591 0
2.396854284494785 0.824069197636722 0
2.451391619235577 0.8346801353382789 0
3.069260818956981 0.0724584145301238 0
0.6150304088475598 0.8671292430967853 0
1.794480307482227 0.8738594963343378 0
3.190447829267179 0.2384683433210044 0
3.178348079347736 0.2114694189497994 0
3.149616332717142 0.2068748501761442 0
3.132238677353448 0.2289973740509709 0
3.121019884523476 0.2022365354933838 0
3.219234778545638 0.8127292258328829 0
3.17210090260069 0.8308968981778311 0
3.161384693433325 0.8014694510606035 0
2.469738008507284 0.8135860429703001 0
2.497099244237494 0.8188306799342984 0
0.6200861727584992 0.3814187129199391 0
0.6407523197743499 0.7916162956271093 0
1.768661712353585 0.8689206805116518 0
3.170579855632577 0.5829752363642711 0
0.177931151252622 0.1145333756212338 0
3.791897122189739 0.8660686686927146 0
0.4873116424834967 0.09895242788982384 0
1.197096857508416 0.3291212311825244 0
1.183517622347401 0.3543649925077171 0
2.661323721752858 0.6298214237236246 0
2.415052184517369 0.8031855569183952 0
2.798450004783189 0.8782803664933123 0
3.239666029831863 0.09845963233678945 0
3.211555593975474 0.09349288572268055 0
3.202036008513034 0.067000103992638 0
3.173661688388518 0.06163203777637383 0
3.189526847051203 0.04239113544981082 0
3.103466172178265 0.2243861220415043 0
3.092666759994879 0.1981306947880763 0
0.7897298553804963 0.8925579289326571 0
1.718885409644363 0.7415252002838484 0
1.735888538557522 0.7198599955497984 0
3.360590469391334 0.7339782596023183 0
3.247599489866475 0.7379326228654086 0
2.624431507441539 0.8931320367053219 0
3.270466411344524 0.02795818111391124 0
3.231110378134796 0.919374980384348 0
3.154766695419544 0.9288137727419196 0
3.13644701461456 0.9503517086433944 0
3.109181098487929 0.9454631480898229 0
3.088340573097927 0.9689023991262135 0
3.099640885305349 0.9184761725093326 0
2.2017736703724 0.1046085964524772 0
0.09384911503104787 0.6856034854019848 0
3.546728230058265 0.1430406323067882 0
2.44284934210319 0.7344633342493783 0
2.679898845626613 0.6820977446489538 0
1.719131531849647 0.9762786929537313 0
2.277832610613291 0.0228752065494941 0
2.287737580040776 0.04625719575493314 0
3.076641127708575 0.3863281379940792 0
0.3134025815128059 0.1174874223037145 0
1.14930856865283 0.2713683355254804 0
1.923963291057577 0.2167146506037465 0
1.917050762803313 0.2657625651914457 0
3.397248491275441 0.02611743896431257 0
1.226505970488008 0.06342288463777263 0
1.220498550987937 0.0383246330116449 0
3.284136072912974 0.2538655898370079 0
0.5470528476320007 0.03125817948053322 0
1.398650706233892 0.3865303124319488 0
0.8648349342653423 0.7611299524596331 0
0.8491591757271768 0.7826800260431551 0
0.8770468902764883 0.7869244272967975 0
0.8936741213105006 0.7650985309089505 0
0.9049436760580891 0.7913630387919864 0
0.9324323883463612 0.7957113428763684 0
0.9155372545723703 0.8165225720755109 0
0.9502680393730383 0.7734867749444665 0
0.9607892967345164 0.8001431474712544 0
2.853746894671745 0.8150174783817615 0
2.881333144570092 0.8204502704700691 0
1.200860460838606 0.1320283838543809 0
1.907510902666798 0.7669077182337223 0
1.897431556093702 0.7424393782134051 0
1.887378685930426 0.7174182981955878 0
0.910322287611528 0.5278187497118398 0
3.029539585106827 0.7236715643693705 0
1.183012227174984 0.1536764573372715 0
1.165176880013953 0.1752058537521506 0
1.13743978458563 0.1703436259869138 0
0.8398697308778029 0.0721830394198667 0
0.8583059886249294 0.05019653444686212 0
0.885614280673765 0.05608954887643391 0
0.8818659263525765 0.02780621438301373 0
2.899738483686144 0.7991096134901589 0
2.835382167096621 0.6873603640131414 0
2.688903291145768 0.7085765706069334 0
3.034693117495938 0.9558824406545094 0
0.8186749395853523 0.3680782828132064 0
0.8030179035075018 0.3901646825707873 0
3.076213116616803 0.7074657129971371 0
0.9785331831106836 0.7777171015795259 0
0.9897820342226049 0.803528635049512 0
1.017957301892501 0.8075151078444976 0
1.392071172705873 0.09063637271483954 0
0.8893146750213858 0.2031243458002209 0
1.507433898706405 0.330326209295478 0
2.361257443802808 0.9716303079070587 0
1.638714336056169 0.02239371369185256 0
3.249037341547893 0.8188800518349266 0
1.497750254863665 0.3041843646582232 0
2.038058978613103 0.7162642036436908 0
1.352284189551925 0.3292841856727145 0
0.5375887855656321 0.1646481926779751 0
0.815485424661756 0.8220916996313357 0
2.418020273248629 0.9760445415526838 0
2.431865983179778 0.9516553754821854 0
0.9032792119021833 0.9094738746838944 0
0.7580735958251201 0.2830459440394307 0
0.5613550891640251 0.806522244799584 0
3.318443152861331 0.7795846729160681 0
3.046488357502754 0.2157252694774184 0
1.694662617851634 0.8096439468276371 0
0.9208315505919145 0.2840749916967586 0
1.076281331699627 0.2837446935173576 0
1.642383033816073 0.2795782249587742 0
1.659901446700215 0.2582130472496482 0
2.222699043262409 0.02376968682071257 0
2.235983169971654 0.04820953709239356 0
0.972240116175404 0.5592027078446034 0
0.9657038291777513 0.5359549793062965 0
2.307054375827148 0.7814454292001951 0
2.325134617372786 0.7606254107702828 0
2.316218004193687 0.7345682717090607 0
2.289192875918477 0.7296148313168889 0
1.693681393119067 0.1417856130544294 0
1.703218276464246 0.1676085874361897 0
1.676022007586263 0.1630158742798909 0
1.658163048929504 0.1845324681208728 0
1.630772255196292 0.1801314012379858 0
1.722203922990143 0.02409856871659699 0
1.735046397739178 0.04926752403134937 0
1.760871690161782 0.05332750174511908 0
1.77929816481593 0.02906924450071824 0
1.694632968339225 0.02348238450473084 0
2.22258226753555 0.9762107650628165 0
2.235982861728863 0.9517629859668724 0
1.525168163877432 0.02385597869872813 0
1.513452467807805 0.04686786306322865 0
1.485385468069485 0.05383220312249409 0
1.468648199656413 0.02551108266249758 0
2.473912276286668 0.9771755576966875 0
0.9309401945757707 0.9141282103894544 0
0.942049448542154 0.9400579931694113 0
0.9695154746702532 0.9428346480404142 0
0.9521999215684789 0.9664495322187767 0
0.9148295062391889 0.9347085398597477 0
1.571288694614957 0.4985365042360608 0
1.609862719561731 0.5293407296046087 0
0.6985752855142979 0.2746002667081573 0
2.403297566567796 0.9523649274379544 0
0.8957879591234803 0.08096959081121557 0
0.9133843329260145 0.06122528577371383 0
0.9237240265693023 0.08590685206001436 0
0.9409001715910685 0.0666250719419243 0
0.9472646262692954 0.6977587595726203 0
0.9661768147832346 0.6759769712978557 0
0.9943161243298886 0.6804936839256388 0
0.9382155634461666 0.671918979701586 0
2.204155298773827 0.7854482072652755 0
0.9868861606424006 0.9223249948519622 0
3.183094301124014 0.858825378406729 0
1.342557656812259 0.3030752159558016 0
2.908912811248894 0.8257772584840588 0
0.9173682978432429 0.2079001264261704 0
2.38765536188051 0.8711489463290074 0
0.2824266425056272 0.2395288794519858 0
2.961839983883181 0.2022494119098888 0
1.582106287030173 0.9764791003149715 0
2.418155666822272 0.02394182113898946 0
2.404323866462852 0.0452489134655828 0
3.023422100182147 0.08977925253390806 0
3.041267628186406 0.06855581279413187 0
3.013318998760673 0.06489036626237493 0
3.03130951338563 0.04199496819971882 0
3.07923976298737 0.09900521661488715 0
3.085539087825628 0.7347141640545983 0
0.9746726647861708 0.4194550760261509 0
2.995596099823665 0.08539162240923914 0
2.98583300060359 0.05907989854184459 0
2.958293697075059 0.05239966456465028 0
2.940167794726311 0.07556429298354977 0
2.912824299931204 0.07150386123102831 0
2.930994367997848 0.04920280654979153 0
2.332197719733761 0.2429950600229579 0
2.322594945258114 0.2172220735441234 0
2.305057794579795 0.2385979197552828 0
2.340054313093384 0.1960093646861885 0
2.312699627054198 0.1920007470706139 0
1.830001142642234 0.8287985036751033 0
2.423465443089157 0.282790077295143 0
2.396152102259701 0.2780583846482223 0
1.082233278088 0.1612764966655242 0
1.582450960259925 0.7202921976922803 0
1.609756477956873 0.7243977319230376 0
1.599791602723168 0.69875420578952 0
1.979133886659102 0.3746224525806136 0
2.005755831485066 0.3792036126690563 0
2.023039861266157 0.3584147377458646 0
0.5320225395555389 0.9330922504161703 0
0.5170746965644444 0.9576689117080652 0
3.153642623981431 0.08581922532478931 0
1.708664766559169 0.7152401252831697 0
3.018003752650761 0.2111154005474398 0
3.007736322474024 0.1848162726178039 0
2.18987527246981 0.7338626463822688 0
2.178828050440006 0.7090024857204971 0
2.433109156070318 0.308744761969831 0
2.415471320811415 0.3301132340628931 0
2.424287188059918 0.3539130726193408 0
1.783868264779127 0.3884585992734044 0
1.850684875408995 0.6882659939704694 0
1.034965873111975 0.7856000657895403 0
1.045987056390577 0.8114964442762582 0
1.073773040713008 0.8155154951126297 0
2.45243583302662 0.3591919867563808 0
3.581168567362575 0.2409281402761808 0
3.018865067922563 0.2841977698296601 0
2.979453895741118 0.9455183880831707 0
2.951862715741195 0.9403150505206146 0
2.314687438546482 0.2642035976522032 0
2.287560325234571 0.2598183955338486 0
2.270148077838028 0.2808104113601735 0
2.243171117828307 0.2763968107304335 0
2.260400086206147 0.2556255508189728 0
1.484353080783834 0.1308679708188724 0
2.871900614852662 0.9424717163486196 0
2.880519067162491 0.9691715035195059 0
3.077273634966673 0.2952268532350202 0
1.014682833355358 0.9268776016112078 0
1.024832870048254 0.9532594745699667 0
1.052529643602771 0.9575381957682267 0
1.674478468740222 0.7584016106289865 0
2.239510431779547 0.1330346104239004 0
1.621332781852413 0.1541061987129985 0
1.070458329172848 0.06077125182853743 0
1.638013810049073 0.975782894600304 0
1.092096446421895 0.1876325681261548 0
1.57968773028872 0.6479440645271982 0
0.8327859648576152 0.1934305396221092 0
2.87511790823263 0.6437553806988964 0
2.367161863623481 0.2009881205328705 0
1.745236329309391 0.07688138303412273 0
1.776888579074748 0.6293608239271046 0
1.766917129071627 0.6038614393153431 0
1.739853016986857 0.5997461584154506 0
1.79395315154286 0.6079136984646041 0
1.783987810765001 0.5823343329044737 0
1.821129316374366 0.6115037762958491 0
1.838001008558186 0.5902486324445297 0
1.864892801238406 0.5943466456971633 0
1.729851371841753 0.5741573600708221 0
2.225773494825573 0.2974030822371397 0
2.216262735734861 0.2720085330615836 0
3.44102401546308 0.5169664695555036 0
1.070404889652767 0.9344424348317966 0
1.116430111220327 0.7237902693876394 0
1.527513507954587 0.7121246564741475 0
1.597546739228827 0.2961525700079928 0
3.252561809118178 0.3302582362643252 0
1.048506464181934 0.2792636386439241 0
1.204745779552019 0.2804938580930241 0
1.494042398272051 0.1570316980429389 0
1.476331579800311 0.1784578185053957 0
2.523248325632247 0.2754036433103121 0
2.889286687645142 0.288649529798702 0
1.513223824037187 0.8072555576760588 0
1.540783072577766 0.811104695958083 0
2.478801619198886 0.619596842366136 0
2.493505610355247 0.5988280647682681 0
2.46298633910631 0.5966490860525037 0
0.6048954452060649 0.2626930385679058 0
2.316241876977889 0.334987581442835 0
2.065645658552445 0.2708598831949244 0
1.144154046420484 0.7280847713202785 0
2.778980203601059 0.2697947804642788 0
2.751293192652762 0.2651172108692379 0
1.725750991657691 0.6937938630689777 0
2.853791197745458 0.7404618490945738 0
2.844633578547792 0.7139381126722116 0
2.72542470570647 0.7402915699315253 0
2.697987683609552 0.7349857363169735 0
2.89460486818723 0.09292046033972023 0
2.886028851321115 0.06749326780401776 0
2.858858107889207 0.06346692418675337 0
2.839517377621678 0.08380913595927653 0
2.83123732152167 0.0596475626373022 0
2.542787136529298 0.7295295659525634 0
2.533760211198722 0.7032067155313479 0
1.090801391397424 0.7936119946754849 0
1.674964483553649 0.358694185448123 0
2.650917380603807 0.2726340342606042 0
2.623449953002125 0.2679928439742134 0
2.605668722688767 0.2894797524071855 0
2.63314028670429 0.2941331995214933 0
2.615156547753605 0.3155148509576965 0
2.587672886147162 0.3108364827712863 0
2.578138444619698 0.2847736636007243 0
2.560238009587047 0.3061314147959769 0
2.44437097622109 0.6618661572768127 0
1.515455214463657 0.2825961142165058 0
2.506030823419553 0.8452225527960204 0
2.059023825463671 0.3882884890376219 0
2.832841257728953 0.2051286972390695 0
2.8506000414699 0.1836321225539406 0
1.244119971474791 0.7185887110221272 0
1.271841443839966 0.7224116898198143 0
1.289296612868376 0.7004672485766268 0
1.261769122054586 0.6968074904760967 0
1.279760820172346 0.6749532287611085 0
1.307276197921991 0.6790364499264606 0
2.888172816169433 0.4334424955396376 0
2.305890079141866 0.5167749984242128 0
1.516970050624461 0.3560144133524713 0
1.544409464456812 0.3605183657279026 0
1.551993540590918 0.3886271520240999 0
1.581698728691021 0.3886980312916304 0
2.833863372156508 0.2791767305126444 0
1.100958020652068 0.5548061707965646 0
1.116402593855204 0.5305130575573255 0
1.147090962830719 0.5368275155281785 0
1.72693649827329 0.5014381156708803 0
1.699097391294811 0.4966538223882007 0
1.744113355350901 0.4800703920996696 0
1.770927839386012 0.4840193272967782 0
1.716079329432001 0.4748763534325372 0
1.670659635553228 0.4913164936450167 0
1.652866186936241 0.5120581056536708 0
1.400252378324934 0.7173938299748071 0
1.098134694697045 0.9387123857078631 0
1.104134039592052 0.9629732939167547 0
1.060397831790271 0.3798358999950678 0
1.071886763832614 0.4079048338617299 0
1.116686862808479 0.391386163103034 0
1.030387984231439 0.4270790413328625 0
1.502987894141758 0.7813427890731551 0
1.146970157421524 0.8015622558086228 0
1.060731714325468 0.7154281498982913 0
1.782911305672644 0.7746190158412414 0
1.171337291539748 0.05126196212825584 0
1.666351409439889 0.1371869051682131 0
1.526359367190644 0.975914607020925 0
1.544146529538624 0.9542574080435724 0
3.326926313188304 0.8869078730979773 0
1.931191613802956 0.7001663472081273 0
2.79872512712223 0.7298336824905163 0
1.003705147681264 0.7063483315121398 0
0.9790074263361896 0.09540921218269538 0
0.1124367587052477 0.8434701500617346 0
1.277651408760891 0.2677996006158381 0
1.305209675488236 0.27237609253936 0
1.257471881311604 0.5536252100635537 0
2.798594079812839 0.8039739659647932 0
2.935537894195537 0.9048927259078725 0
2.225648362860722 0.3666869330452499 0
0.2437706025864776 0.07193950499294455 0
0.2368896252940025 0.0428311833787714 0
2.576513756425165 0.2110576502271175 0
2.566758930530202 0.1849259293374211 0
2.53952371225454 0.1804781116187993 0
1.993508917955401 0.2801640574621059 0
2.787977265060988 0.4401067995394032 0
1.781100160293137 0.5097048070493544 0
1.798267176482154 0.4884249692040173 0
1.433060025557722 0.2689975020964728 0
1.460524669226033 0.2735834016329254 0
2.04852866918372 0.2919977830194024 0
2.120268843850477 0.3511820498103689 0
2.148270263326676 0.632647876996613 0
1.36033333345493 0.2814432822638097 0
2.402809167403878 0.1607307336878194 0
1.995448881889754 0.5437700535220997 0
1.984978608749568 0.5182737433625547 0
2.834533487395338 0.4243387140671981 0
2.811939099505423 0.07933409281682424 0
2.802394560917759 0.04947701004158078 0
2.774199835464409 0.04800473045339793 0
1.300344060592315 0.3950537020406186 0
1.259313166367307 0.415002340302646 0
2.529770920386063 0.9746513330780552 0
2.557551962555022 0.9758978821844939 0
2.706887782912565 0.8354280499060551 0
2.697803196608692 0.8089645274113413 0
2.679461282011679 0.830023224575724 0
2.688546657447977 0.8565183713500956 0
2.378161864688837 0.5784793204657651 0
2.360300551826736 0.5991596691679231 0
2.36171835825684 0.3892902616360526 0
2.008594085549656 0.6407247773876731 0
1.991682248907927 0.6618823994995247 0
1.454497938075868 0.3947309040683313 0
1.585447663686245 0.7934194743922155 0
1.835091698556895 0.5180645727970457 0
1.852141737763249 0.4967656189287529 0
1.361948763186819 0.3551002430737176 0
1.803922833543729 0.6333241051016373 0
1.080449533958764 0.08714202259999632 0
1.311304665119901 0.1506076553545017 0
1.321108554497816 0.1768112488837056 0
1.202794880805764 0.2062428189824639 0
2.67624359073938 0.4874325126822358 0
2.668046429126921 0.4630263711044549 0
2.649823543940963 0.4845105150263688 0
0.7143384808549607 0.02521679115216757 0
2.749862949014252 0.1911694738241644 0
0.9959021453606189 0.3441542681023623 0
0.9700688810057232 0.3412573718539462 0
2.862781300773647 0.9159512132584549 0
1.741973794472997 0.8647272135116408 0
2.608338549097118 0.4356888840509934 0
2.616649850763627 0.4589035212044117 0
2.590307805421423 0.4557626241977844 0
2.580908624020866 0.4310294131455589 0
2.563151052452703 0.4523815598751822 0
2.535845979175043 0.4479559912555933 0
2.543045242732196 0.472467949783951 0
2.515355410534519 0.4675036692817646 0
2.569874424217355 0.4756304974549581 0
1.513604572019924 0.2091104681134906 0
2.295167486087041 0.2134095183530786 0
2.615584435311025 0.7928657491998176 0
2.388415830854605 0.7241687960348901 0
0.9761246909052115 0.2916566232489796 0
1.470286334659161 0.2996946399347369 0
1.445057211941264 0.6996635693253672 0
2.332512895346643 0.4495255962919108 0
1.242985296347211 0.9136612902893695 0
1.247493423514733 0.9360741190045565 0
2.028206063349056 0.6911389806722434 0
1.293528853991883 0.1722182013611299 0
1.274965591329555 0.7962963152901857 0
1.257537742497865 0.8180887235284398 0
2.005614867208781 0.5691077705677641 0
2.060560534391635 0.4595686280539553 0
2.927356644412954 0.8044593485284062 0
1.466993037683872 0.5569678306895434 0
2.112177275532073 0.6732165987732773 0
2.495838746090582 0.2707349790174733 0
1.587805428895304 0.2701782562837446 0
2.657413044325373 0.1511586690460377 0
2.805170546069013 0.200450059369366 0
2.687984064228353 0.9299970823934389 0
2.334178107075585 0.9321363246049043 0
1.309490963255584 0.07670432404658029 0
3.864722376405096 0.245795606239976 0
2.08885735120376 0.6528293207603462 0
1.423370632020802 0.8427207065502906 0
3.048244300969686 0.7021011064221088 0
1.327194892417227 0.7306786840741035 0
2.078908950593715 0.6275606599201227 0
1.303342496124694 0.1984040034383402 0
2.334443583578214 0.641029012750603 0
3.341692375927015 0.2554395896021015 0
2.508346308969263 0.4429028397797096 0
2.489916666631283 0.4632457410090404 0
2.526254561014218 0.4220091505538554 0
1.945101158704455 0.6074095148580242 0
3.201687226551746 0.9764156613981912 0
2.979904521833467 0.02909779067589952 0
2.948425737914016 0.97140432219606 0
1.192866917409677 0.02657532471807916 0
3.341468510829836 0.02333267166983377 0
1.384355006847545 0.9772760739873063 0
1.302085432904351 0.9758222679227881 0
1.315292854040482 0.9509989481787978 0
1.288325866252489 0.9498991042368254 0
1.275514389003755 0.9764915917511738 0
0.9670598731023046 0.02378164580317388 0
0.9818979240985501 0.04785003861590109 0
0.6583330659764601 0.02237894737418777 0
3.285416407455776 0.9765941161277518 0
2.642522703009238 0.974913497498995 0
2.613168550737352 0.9777313761702288 0
2.810092799488418 0.0237356499866902 0
2.865762048319737 0.02256126667714475 0
0.4640110374871682 0.9759250413987444 0
0.9404145915281066 0.02294229859952923 0
0.6009095759245842 0.02531455721367226 0
2.743527729386254 0.6454461374185255 0
2.757653063179518 0.624550214968341 0
2.015107056157917 0.4045516819169257 0
1.153469091670693 0.0743109313551984 0
2.683295397734072 0.08214355932835765 0
2.139640914408872 0.5893521428008677 0
1.297272691178692 0.3201184570700518 0
2.069107623514115 0.6024155641981767 0
2.651920137657062 0.3458559951504548 0
2.670383393348041 0.8035669948272114 0
3.562749169257745 0.9765808981967645 0
0.3522698026714728 0.9731744409852163 0
3.537480534828012 0.0237587005671982 0
0.3233268576979889 0.02231701381221546 0
0.4064327413462105 0.9757587097831346 0
3.59258471282824 0.02349857130970195 0
3.576513343017968 0.04683955096856507 0
3.929666331725574 0.02368320775991051 0
0.2953507374794366 0.9785395161203458 0
3.901181062984901 0.9772498636307341 0
1.058370430362094 0.3055662525757921 0
2.716344027210577 0.713874264937401 0
2.752877789586655 0.8939978369700705 0
1.004905168024524 0.4985098447647909 0
1.156563275104732 0.5609038983057774 0
1.07431852719194 0.2094201008242508 0
1.612844847596096 0.7974087702729384 0
2.75621789474561 0.0704023198769983 0
2.803732021314766 0.487566467962731 0
1.84685301745315 0.806364471031753 0
1.129868062303707 0.4206354425979369 0
1.172930148755943 0.4019110561420465 0
0.9500705669822467 0.4875229389067239 0
1.302640513445696 0.8003797418629797 0
1.077860397365964 0.4862777367184932 0
2.609182799526331 0.6182176195180966 0
2.629633463414352 0.5993228514356878 0
2.88610976717946 0.5013278357802083 0
1.246325477073088 0.1151898633706738 0
2.347909918163797 0.1511137738653107 0
1.370113054988271 0.307578203231623 0
1.881747801281602 0.5731469285411974 0
1.054555770832371 0.156714876517171 0
1.317084757498093 0.7047579381054343 0
1.288199290639295 0.4978158675364608 0
0.7657315179962931 0.08375157332139643 0
1.13408258148454 0.4925627825205647 0
1.230409255036579 0.2108507328731762 0
2.704432309467164 0.2081063972650323 0
1.375317226050514 0.7867587804278667 0
1.488811275746216 0.8768974161372318 0
1.516374845734668 0.8808471792534557 0
1.389332332605244 0.3596439733666932 0
1.006763205550739 0.09958936032870624 0
2.494724842385808 0.1981162471357154 0
1.24243793403219 0.6459838759043581 0
2.96377034242722 0.2767133014282934 0
2.204754616067632 0.1760317610934259 0
1.430528773425158 0.7949654419670023 0
2.758342910241106 0.5025198444734267 0
2.78647432807672 0.5806227204617926 0
1.758621521976852 0.4567203586248721 0
1.398875870634091 0.9122444169822657 0
1.270736531943756 0.9237685023281812 0
1.233371267265624 0.4875275946686193 0
1.184111208608751 0.5647674872751883 0
1.327080297752205 0.05585550374888265 0
2.460390370596012 0.8609426261665926 0
2.771083740574136 0.7985717787631351 0
2.813162958228422 0.5126683011162361 0
2.107465064120953 0.5147730985781946 0
1.393921825651816 0.5702479491322039 0
2.730387077696577 0.1389490028084157 0
2.649319096975442 0.1988290974170785 0
2.032390009517971 0.3837407681132475 0
2.181848751181786 0.3849696574915956 0
1.185554852895982 0.430634640551813 0
2.121763800732959 0.422832512135992 0
1.593736738161537 0.5530374305344871 0
1.361393018056698 0.4859452101351509 0
2.475106060452457 0.1485677326627281 0
1.039906619305103 0.8572293720967534 0
2.655894506735039 0.07725051975092712 0
1.314997078113702 0.2985441009432962 0
2.685567931138144 0.5134451725406721 0
1.836828586589665 0.7814465269407358 0
1.471818029094403 0.4336948892867052 0
1.81078683534646 0.3931325639183766 0
1.605763178697232 0.8446139994897167 0
1.745431007249129 0.9367694801175197 0
1.417847747064575 0.423617892823343 0
2.592746137596659 0.1156566310474044 0
1.624791848316354 0.3007687912993997 0
1.426493446971156 0.9162832450014002 0
2.859079240980092 0.5698058300254047 0
3.041618123561499 0.5784359126318676 0
1.114399654442379 0.652127905009587 0
2.77957388227808 0.3429100142278856 0
2.549122548353959 0.2064997948767281 0
2.077129839641839 0.7144202653637988 0
1.624119386523957 0.6303643940204366 0
1.385971909884709 0.2122174587826727 0
3.257226166747539 0.5975920578483626 0
2.785578592342515 0.1482697003228093 0
2.630964239579845 0.5055391018660292 0
2.890478785773082 0.8470313302575492 0
2.940989232989457 0.5113916171759784 0
1.681554692552184 0.5177605049444157 0
2.505229339386139 0.918619469999256 0
1.898046712499092 0.55136191142855 0
1.090998228927578 0.5130754462103372 0
1.952500971505306 0.3700620471565566 0
0.9839588611010919 0.8494408949146162 0
1.455093111651701 0.7254668261735256 0
2.551991390860634 0.3533565465836678 0
1.571461516717818 0.4256617165116897 0
1.452610811916672 0.3211864445984179 0
1.113660340487514 0.3148575731723997 0
2.001530757606486 0.6870381553801991 0
1.722756526722166 0.6211704589423444 0
1.691684799394089 0.06942055191857399 0
2.476284449352832 0.5009177563977706 0
1.287469889028868 0.6285380104927191 0
2.817090722613689 0.7087162843064418 0
2.588231796784433 0.7874974720228634 0
2.639585462567622 0.1726694278294221 0
1.521880984512034 0.5665341886046094 0
1.440759656065302 0.8208934974047369 0
1.530503523575593 0.7853690349371545 0
2.606598976212167 0.6928224554480091 0
2.576761790753584 0.5665185827188773 0
2.789528167984565 0.7034159875592595 0
1.622706209863792 0.434144672402856 0
1.944576796099113 0.4162000179588478 0
2.569771213983162 0.8822219760595253 0
1.852954427974557 0.2344664655855446 0
2.301533597389183 0.09592236715442504 0
0.8824203182427004 0.975787705008157 0
1.442537906629024 0.6274256660179829 0
2.377634211851284 0.5057749893316941 0
1.661398516689168 0.6599541032821949 0
1.525223616483981 0.308604530180016 0
2.488330096364539 0.7186961324155631 0
1.232221084554026 0.6204762849047409 0
2.531161074186853 0.5095817948191682 0
1.121667064071437 0.2669145295213496 0
2.643089163778232 0.7244272145279331 0
1.928250283462533 0.6286209437742702 0
2.243180597392942 0.4814883626695876 0
2.661596802302746 0.3717570071819783 0
1.095388712829374 0.8660220353305206 0
1.96978674119367 0.3492469098558815 0
1.779899607667101 0.7016032478728367 0
2.049669182660351 0.3629020819116839 0
1.599156479901738 0.3685662561539733 0
2.532821764753875 0.3014296726585713 0
1.348650397227939 0.1814468220072378 0
1.919884577769492 0.4830768077499471 0
1.990174243098674 0.4712911997096053 0
2.673594082909287 0.0556644703142678 0
2.512318289937658 0.9490079673345773 0
1.497455280953436 0.6357190919570928 0
2.734323368957115 0.3595285214303852 0
2.606743111302212 0.3626111080562114 0
2.524667351252869 0.3487095365855122 0
1.220577019338488 0.1846524510589719 0
0.7050127010861305 0.7127255240248336 0
0.902878255651526 0.4322540431093594 0
2.931714520870965 0.4853258202502566 0
2.351186071224418 0.5733719181244473 0
2.506514503443981 0.697802593341088 0
1.541018188847904 0.2137059112680486 0
1.569497560188024 0.6222667165180668 0
0.8438735936751378 0.8265394749682704 0
2.789369969883976 0.3689281692742687 0
1.648222720954751 0.5614164181777255 0
2.987201505990442 0.5690096275814943 0
2.298135949690735 0.7555309050909637 0
1.366379433183114 0.1599265216783434 0
2.110802215342091 0.3258299653257533 0
2.30546147321311 0.592899838030433 0
2.451329885056838 0.5681627866166754 0
1.619600426190752 0.08089522673188565 0
1.159489921585787 0.6341772156343792 0
2.261309474278159 0.5326961798044917 0
2.29721666093267 0.6847912391429194 0
2.936491746838118 0.8311059906578984 0
1.713069021949492 0.4013916305539901 0
1.711823515554241 0.7882814601438949 0
2.78017045555651 0.8250333195037691 0
3.014071977658073 0.500260374336037 0
1.916588248797835 0.3400788883847672 0
1.556906116341464 0.1189676354611384 0
2.661131835137905 0.8511069498507527 0
1.608484502059415 0.9175347581038058 0
2.918104086755085 0.7034018669734889 0
2.958294645917412 0.4157949024271348 0
1.358448500188637 0.2076403350666201 0
2.955049766628246 0.7352505791823019 0
1.71257732340914 0.193385116433575 0
2.470107525965464 0.7396533145857319 0
1.901455366526137 0.6245193670541977 0
2.280157842873152 0.7763274041410131 0
1.812203313215162 0.4650364044553623 0
2.941756663930833 0.1501270700524894 0
1.000977208131973 0.2219207524981147 0
2.145317089467528 0.284227363503251 0
2.661352569513046 0.7034149900813395 0
2.388135589516346 0.797212979012063 0
1.847878196395404 0.6159252538024509 0
1.854092132735434 0.306020955699654 0
1.374340836635805 0.1120764354715033 0
2.413295976577228 0.4639621986391222 0
3.098894722774097 0.8431893391533735 0
1.74793816381908 0.1506215805628642 0
1.511935736466949 0.5407133106205981 0
2.515348211230269 0.7978198867292978 0
2.867936214543156 0.5957469996765394 0
2.642793725210699 0.8721318859426126 0
2.862387794581546 0.3566552187858357 0
2.8076896673865 0.8305327936319368 0
2.262292385946524 0.7246097483794075 0
1.409404015568852 0.936310554461086 0
2.776225497121203 0.4823825582497331 0
1.67055622317063 0.8783505417434334 0
0.9730585727038772 0.2172569307668201 0
2.278439990249941 0.4400006350261447 0
1.104072871068433 0.6260243651148141 0
2.140942527712449 0.7480903534351317 0
1.877490947605712 0.6922389525218394 0
1.651367560596287 0.6343871921238237 0
3.030195480821465 0.8008570539275263 0
2.505463506865392 0.2967438125989545 0
1.799878685593511 0.7527849438130726 0
1.192897554182484 0.1799741145834548 0
2.378527208356719 0.2992118712079411 0
2.334099064061848 0.5940017343696637 0
2.37265288792219 0.08383028781923874 0
2.379330388460043 0.6982193259401911 0
1.384118841435761 0.1383589717280166 0
2.428040380287691 0.09320673399482254 0
1.7629065476205 0.7234866142468499 0
1.627045231094488 0.7029252233590515 0
2.61569630186405 0.7191273855449315 0
0.9812422854641523 0.1692154503953547 0
2.975547103800215 0.3038710320123844 0
2.131097812119709 0.4482343589761157 0
1.758905554433161 0.8432519676021581 0
1.609930950839403 0.05475026045296555 0
0.6812783450771487 0.8226293426668954 0
3.23711580278906 0.7067784751851985 0
1.740946735259997 0.2710546765893882 0
2.137499164927202 0.3303438410439177 0
3.001629723760513 0.7944065377177908 0
2.585500788908933 0.5922715009691919 0
2.59729170612788 0.8138353164736289 0
3.128053470485374 0.6263586843918962 0
3.154175747519615 0.8532490984943968 0
2.36997534803832 0.8180320699384982 0
3.171124232666215 0.5040063274610647 0
1.419604268494494 0.09521404719580534 0
1.030981948223093 0.6393581556623329 0
1.914303757742065 0.7212886690158358 0
2.667119987662407 0.177328471772858 0
1.613219640089036 0.2015096755478937 0
1.103848928043084 0.2885532026289055 0
1.712740411746428 0.5955892885082238 0
1.622985819311641 0.8230358769710283 0
1.935268211847441 0.3908317818862312 0
1.891568798743664 0.598849783007151 0
2.378783869933096 0.8449086506436041 0
1.413153578300166 0.8167807465500364 0
1.687074332092093 0.2625660679187724 0
1.529561014380564 0.1142868087817567 0
2.404669980996153 0.5107338772213919 0
2.157709989263135 0.451445782246353 0
1.409816715312137 0.06961114457884915 0
2.52442687492152 0.8241261307490356 0
1.131584002532676 0.9741043440669388 0
1.147421417919374 0.1968966856869833 0
1.60702205536416 0.6518531018442688 0
2.279015319263226 0.5119479411441209 0
1.531290448165888 0.1877288471089626 0
3.022312931371749 0.378160476014212 0
3.059565287540387 0.4835037287997291 0
1.323096947143153 0.8522587116150259 0
2.904149472129339 0.4811973681631018 0
2.597094701313435 0.8876321622200671 0
3.069140509057688 0.5101535364520525 0
3.122723725813027 0.5971663862215496 0
3.004703242634318 0.4739087698163605 0
2.405796242738207 0.3039290363560863 0
2.624673267980083 0.8191996385333444 0
0.9752895306338121 0.6310015717572836 0
3.414269936765186 0.3573802689605067 0
3.095836469725109 0.4397045092271841 0
3.068032123938421 0.4351812917172754 0
2.880249844637884 0.3351710005307795 0
1.636924807541921 0.5337038599865048 0
2.752070809098484 0.3383102046783105 0
2.973723819260702 0.7135592242340073 0
1.617979650481788 0.9481622365571212 0
3.115173098791699 0.5692618941939472 0
2.927362898624157 0.7299335374536151 0
2.761018966821166 0.2912931139271756 0
0.9257174906698586 0.1599088613973242 0
0.6760951211368988 0.3898661163264839 0
1.385569331350859 0.8126702384203983 0
2.615332880329473 0.9398984019074077 0
2.694677846199645 0.1819834481600409 0
1.680743107573698 0.903899596739614 0
2.995356671622821 0.5937136079981365 0
1.925932560837914 0.365477737028163 0
1.701704082303636 0.7626613338404122 0
2.670587349008717 0.6559339645410646 0
2.406472159035761 0.7033958093591448 0
0.8699649817769775 0.1507547726094162 0
2.652058852608225 0.8245473361675189 0
2.42245984823182 0.4898184551362791 0
2.478726034309978 0.8399199621630561 0
0.8215591959134714 0.4907385530659601 0
0.8040907799689123 0.5150204690488066 0
2.269867643514548 0.4863059431707201 0
1.142101438450213 0.6560352239583953 0
2.72225463767196 0.1866148289396015 0
0.8916600341100664 0.4056928598453176 0
1.312872494516509 0.8263085159835972 0
3.641886225555975 0.2181648973029082 0
1.368201337015372 0.8345375321285815 0
1.458624253495875 0.199907547441591 0
1.634251435906249 0.6558818410047432 0
0.5777114299219792 0.437102851109162 0
0.4138426362502563 0.6617436917385819 0
1.723681422420092 0.2920819575303488 0
3.162380983165014 0.3993487819103207 0
1.240068380851254 0.8398728558575645 0
2.333569980099694 0.8601687679506623 0
1.860579013361055 0.7135154545846895 0
1.603496488659245 0.1756067753172178 0
1.350773465775874 0.8563947080230885 0
1.503822638547782 0.1830990925590215 0
3.127160861131522 0.1565884100103209 0
2.74006083933265 0.1650973031098106 0
2.396679117946629 0.3498545262378702 0
0.4511170619717726 0.6551185203865437 0
2.103219657014308 0.7898874950107045 0
0.963284929339242 0.1908878179917231 0
0.6550395001722296 0.1603780054648051 0
3.259167485926449 0.8473687386909936 0
3.61446419672141 0.596131990958506 0
1.229842519011232 0.8139635396317169 0
2.181608593841941 0.3140521040747038 0
2.323961384717177 0.4249255820884269 0
1.152710380746648 0.9494183492000775 0
1.448856355105828 0.1737890864245476 0
1.533745448665202 0.8587089804660263 0
1.8643902906192 0.4024625816444766 0
2.154797941896732 0.3095448389437495 0
1.691493102382377 0.9289184042995453 0
2.039864130647428 0.7555815568256281 0
0.9193768511434937 0.6224813045150501 0
2.816790394118207 0.8571097082753741 0
2.542404760265027 0.3274170838323173 0
1.124607278432086 0.6781901764655985 0
1.219564029289958 0.7879349225522048 0
3.232566829573587 0.3547455069954042 0
0.05725504758733391 0.08508650832785619 0
2.767666747194123 0.1697651446695107 0
0.05572602250252467 0.5680042714027987 0
3.269366116179039 0.1804895157874986 0
2.44012537789341 0.4689381390302892 0
1.61707318069443 0.6773370060032208 0
1.285232645586841 0.8221830172590449 0
1.824876886949021 0.4926075051622764 0
3.020525117574537 0.8498652631867745 0
1.127641023396922 0.144077212122837 0
3.402419292275527 0.5965044038264372 0
1.109826426262268 0.1657866165261616 0
1.267786937504117 0.8440186295351026 0
2.795327310468908 0.1743996014734266 0
2.761670267540832 0.9213173507474612 0
3.644173329027184 0.3258676773191385 0
2.198811597306667 0.2932124769756388 0
3.394957623438137 0.8494469498248624 0
0.8139112857494633 0.1416259658782449 0
2.144860554254392 0.2149328091092099 0
2.925037466876056 0.3186655878758892 0
0.5433984453820875 0.8311948566361917 0
1.23641748557569 0.08914758357058233 0
1.908630682090439 0.3863048236215494 0
3.143105811374838 0.4987285279171895 0
1.595661540490822 0.8189771193580219 0
0.7401566033895397 0.8348552867872624 0
0.1272952225908517 0.05342988985203756 0
1.526791979878933 0.9054105939746311 0
2.569745366678385 0.3320998717878871 0
2.822995662389371 0.179084327807661 0
0.09271462325836777 0.1593346756965189 0
3.731820824909087 0.9721918889323684 0
3.183499240404567 0.1660347771931018 0
1.214875118825183 0.3069857522644378 0
1.191844513997258 0.7837558716703706 0
2.840853954862846 0.1575405746754328 0
3.326713388620768 0.3711509438364671 0
1.891307741979675 0.4071006483378773 0
1.648664959193028 0.1585065167797645 0
2.606204474062451 0.913876013593051 0
1.85520759013533 0.3771467347522041 0
2.287515204550568 0.4655131758462638 0
1.174563651487988 0.8055161069297507 0
0.6851319063000796 0.7383689301839407 0
1.328309988329829 0.9264720005842675 0
2.868566791034256 0.1621159514314279 0
2.425099099353045 0.6819876913637963 0
3.440278890429544 0.42254644119057 0
0.9356050452821654 0.1861711188475964 0
2.206474350281653 0.2469615075693325 0
0.6604824735407886 0.9741791416809901 0
1.568261158945125 0.8150263859521955 0
3.327251671373979 0.8082986737607964 0
1.519841791152796 0.08852087231215311 0
2.597177289636622 0.3367525458071445 0
3.032142797860728 0.478875282169222 0
1.939365116929701 0.5339695105277008 0
3.619245737131196 0.9760590572350515 0
1.517346701600161 0.6865182615438363 0
0.9852081009856972 0.5169993150227203 0
0.7687291198009896 0.3101293243087614 0
2.87820821492425 0.1883179524294478 0
1.866255911282017 0.4740104250382654 0
3.930457197931276 0.8309799786786187 0
2.915973185655652 0.2193736111126582 0
2.624484407217467 0.3414160073946931 0
3.346425484786084 0.1692611529641933 0
1.802347541686645 0.3685075361974844 0
1.170651742714514 0.9272598675955748 0
0.4447901497586946 0.7910261632387723 0
3.899663796712979 0.6701932768257604 0
1.160466718531522 0.900961623285881 0
0.3371978349526352 0.3403248285763689 0
0.4236883743900897 0.5830154803400346 0
2.305501524703865 0.4449023166368979 0
3.494489069348778 0.3940978288988713 0
2.641121071649054 0.02398345825260789 0
2.474392156999867 0.0255650150558705 0
1.380262243848693 0.6662988572415837 0
1.370133781147482 0.6405857299456856 0
3.426266809207718 0.1562321103695142 0
2.888085188768232 0.2145949609518472 0
2.279956961601251 0.7040280632794838 0
3.452272244868232 0.9781501263782246 0
2.233510917485627 0.2513481715064958 0
1.881647561440565 0.1665111546715193 0
3.132851152046189 0.7956698629551733 0
2.933593579491185 0.1979231372849229 0
3.169369779209062 0.6650106009997669 0
1.543928254998153 0.8841338864469016 0
0.6528307149858645 0.7351798162766752 0
1.730213449495742 0.1719052844386681 0
1.550973355834319 0.8368258265043221 0
0.9961219790105824 0.9472051075507365 0
3.604630601958062 0.2132835809179611 0
1.828462864398098 0.3726543847114381 0
3.491846056138406 0.6744377464642675 0
1.42588116623584 0.04738024079110698 0
2.642365349035789 0.3199502560334134 0
0.5433260268922486 0.6918949524695093 0
0.5303009943892669 0.6607031995116709 0
3.240583269159468 0.174510300585846 0
2.95176924982513 0.1762313687868325 0
3.769162652365492 0.4115911885811401 0
1.177848890914362 0.8792434716732889 0
2.101382905194086 0.2274394123367539 0
0.532415843061897 0.4985513048180104 0
2.660222676371315 0.2984843005853267 0
0.7552716354608748 0.2051594168923511 0
3.568069914447209 0.6941542175142226 0
1.878290176907327 0.5008145606588563 0
0.5183432171911369 0.2772684393748506 0
1.589886359124513 0.6732989233653222 0
2.565613209942893 0.1117472522267277 0
2.687609401421087 0.3030197836599953 0
3.256887371311273 0.9754714441980126 0
1.507483047643239 0.6610410704293228 0
2.250792253267721 0.2304376487144881 0
3.347817787131517 0.7855937288611334 0
2.979710734645564 0.18058706862585 0
0.722061382219261 0.6073393938067014 0
0.5418495058773709 0.3395162110015228 0
2.705532766575713 0.2817294678301114 0
0.5834970207487151 0.6394972501629373 0
2.431840793135455 0.04759168872052677 0
3.161603644816744 0.4770364147388921 0
0.7216983535129744 0.5286622571990496 0
1.57249863042161 0.6947829635905696 0
2.920165653864766 0.02417367691176397 0
2.733159788074101 0.286425114235994 0
1.021753878947902 0.684840061534422 0
3.494041499024986 0.5802956749433168 0
2.500497311745735 0.07790425749145541 0
3.424034226364391 0.8553585076647003 0
0.907639225097379 0.1815202876603954 0
3.50388584743509 0.8451022596305058 0
1.101237691762254 0.8195177290490169 0
3.147139919544359 0.9755373497665378 0
1.167830855989227 0.8531131238716811 0
3.283933773635026 0.4184361277239477 0
1.544980820112259 0.6907225738710578 0
2.74148001447417 0.4531181916555282 0
2.782074367885511 0.975819425746121 0
0.02704558256636647 0.9527128457251607 0
3.972526390019345 0.04528397361304781 0
3.863356376698391 0.1724491377729758 0
3.918267756434211 0.1398689982705913 0
3.436531523039321 0.3281935496931628 0
0.4963469615959355 0.3925448600352984 0
2.487883917527405 0.05065544494369018 0
3.050325222296752 0.4572908352180483 0
0.04311238098036374 0.02391321619660453 0
0.05648803416609294 0.04567819426634145 0
3.956887619019636 0.9760867838033955 0
2.000469552749742 0.4966290359525458 0
2.997516944432912 0.1590232081828013 0
3.468092330487624 0.699152632495293 0
2.239333456095669 0.8669098371688124 0
0.450923195139818 0.9510377225720685 0
0.2644793497554403 0.02501764069536461 0
3.143077018970907 0.8246369963844639 0
2.277837412847509 0.2345403367409631 0
3.875375820546317 0.7721494734726235 0
3.57733252075254 0.3444599687268923 0
2.212179477318228 0.1298123486943982 0
0.4962361512277649 0.3044309884511988 0
3.393111881976964 0.6549005855664094 0
0.7470841174015797 0.1792302406329501 0
0.8626378973803139 0.6860901921781131 0
1.707389622984826 0.04751404318494939 0
1.844172527742558 0.125388441850454 0
3.845286816333523 0.3286207624248872 0
1.300200784086655 0.02480164400902762 0
2.769844341058534 0.3171584329737638 0
0.4965262934712411 0.4891574466904295 0
0.1912053325329557 0.7791237886093045 0
1.157591152873659 0.8271606047937219 0
3.532085490471344 0.8517465608240748 0
3.064530720357639 0.1938959526745315 0
0.5883549212625661 0.489417259599776 0
1.480173008174934 0.6567549033010912 0
1.918241371919624 0.7926402377980866 0
3.422471917160802 0.07696219039185614 0
3.659926610782682 0.4883057118794186 0
0.8796973388086355 0.1768214843885609 0
1.452778480900394 0.6526125082055314 0
3.92881221269982 0.4458507437979208 0
3.150526393709915 0.6967347609158081 0
1.885868885351952 0.8326020594238458 0
2.788100824714857 0.2955772396676941 0
2.285493724230888 0.1882943691583721 0
1.022726688154785 0.5493902275558993 0
0.1869939727409644 0.6356756776259553 0
0.488780085514988 0.02424151718118445 0
3.286907499426874 0.521367227064409 0
2.815224937361114 0.300442642802653 0
3.762436893841283 0.1883156824812188 0
0.7066014942028793 0.4769735280213015 0
0.6981126081553413 0.04813805247739855 0
1.435533938447211 0.6743014059900951 0
1.579418108295558 0.0239489139428895 0
2.56495302272562 0.03960919442422045 0
0.7398159406813531 0.3055358912512086 0
3.406655864879315 0.5096013921555916 0
0.6341262906490284 0.4385869455125861 0
3.191104714346963 0.4825939436109886 0
0.4590850915770044 0.4829351428072892 0
2.843012099640938 0.305031340949509 0
1.418114484212935 0.6959657519436357 0
3.35712297078654 0.1978430112683806 0
3.361017995669789 0.561450703855084 0
1.132584288531728 0.02310469096946605 0
2.043986455592135 0.4802659785598659 0
0.2027556974575602 0.2612282862118628 0
3.681542101535872 0.8890073679391356 0
3.943453632519358 0.9527178903870318 0
1.390343976447889 0.691802935640095 0
0.3140752755786156 0.2116134891466109 0
0.2757760940537437 0.5239586489652661 0
2.170089788318899 0.7504737155528451 0
2.302887309032613 0.1673243203751429 0
0.3144642290736526 0.9158521341165351 0
1.492183184995163 0.9495329560412312 0
2.699291621260856 0.02197284926816673 0
2.870552894600117 0.3097979707682659 0
3.040749415118057 0.4310479765210896 0
0.3375555345054908 0.8312758719291991 0
3.025300795104515 0.1632531084680927 0
1.342603542358392 0.6361950723499492 0
1.325035255828118 0.6576499894926738 0
3.704916825865069 0.4960975464942255 0
1.129605955624377 0.8232740407035605 0
0.05031943178437159 0.3545255817482596 0
2.810266533819614 0.9773997990680381 0
1.665456219680649 0.9765043852729571 0
3.706759608572156 0.02248602930555832 0
3.688337091713897 0.4533677299825074 0
0.8516204786084112 0.1721180780417805 0
0.7637406860455249 0.9611354936994136 0
2.330197800876484 0.171575480266875 0
3.159937988005919 0.7220611718041217 0
0.764114630841962 0.4838792354418811 0
0.4537515618706263 0.1753628556339657 0
1.297709150117367 0.6534886669090559 0
2.466591095137849 0.4747719189798707 0
2.412292482480637 0.1858645467429619 0
2.898354620424578 0.3143631522006323 0
1.962923595796216 0.7718808960101087 0
0.8448648661389369 0.4220465747750273 0
0.8242257581894747 0.6531287943684603 0
3.779384482624549 0.7157422095515883 0
1.270131406294622 0.6495176537369977 0
3.818888221131042 0.9758973848893587 0
2.193859935399847 0.1520166746015969 0
3.035610976638777 0.1894510067641495 0
0.2783206470460184 0.7160967501799063 0
0.6782188288520024 0.9505192404942139 0
3.63241946230782 0.7299577494354326 0
2.481604281939587 0.436690441845842 0
3.058983165091846 0.4089028888245133 0
3.009379693212082 0.9769738244414317 0
3.662541988168674 0.1887370015262736 0
1.25207992184972 0.6714781900202305 0
2.35750244833483 0.1761275804500741 0
3.711749168806941 0.7411321796798505 0
3.593558794632961 0.8642934242163162 0
0.6168563631160136 0.2951898272019403 0
0.6905854282584067 0.6011394155933837 0
1.766428824035356 0.339045102006796 0
1.234459520649751 0.6930912672596967 0
0.6369187506509026 0.9213149486107841 0
0.8238842052617159 0.167466222289766 0
1.206862751146409 0.6895159185207953 0
0.4202552722990021 0.47611690330385 0
3.049645716206654 0.3825106856055316 0
2.783569394242703 0.02362253599774267 0
3.646528484770029 0.02477653806434182 0
1.189276265223948 0.7108728073429132 0
2.059677427070691 0.2450023417497147 0
0.2262231561567354 0.5171170474743333 0
1.162306294226005 0.7067575976834377 0
2.476270052202874 0.4107912976991178 0
1.084961757620935 0.8411247507632567 0
2.191411795970577 0.4077636077349594 0
3.945816222883201 0.08502223892647842 0
3.476595859826072 0.1376610354071344 0
2.384930611453212 0.1809637027084895 0
0.0698517471242357 0.9761603884477674 0
3.817645101253412 0.5555926729558313 0
3.792529970171838 0.7576066196738784 0
0.8287389108620318 0.92252147387306 0
3.366786713540213 0.2292065160414316 0
0.5439653943829839 0.541870165325169 0
0.7879960341591383 0.5634341344178968 0
2.065777918767637 0.5321512325971544 0
0.9430011261690383 0.8210694578593303 0
0.5506142768337403 0.6340491719936047 0
0.182509071105827 0.2164452150018207 0
1.268688614333341 0.5150788016645331 0
0.378441310481779 0.02235329750719928 0
3.484356130989021 0.03662791624506401 0
1.134884034951821 0.7026321427690142 0
0.5130862232391622 0.8272367035543441 0
0.8504557222339397 0.5895561193158652 0
2.437427543093106 0.3975887308548604 0
0.05614859597564248 0.9532294564534871 0
0.4831497273701677 0.9516751120321936 0
1.791982580507049 0.206132781218814 0
0.509978712456101 0.6866829880430217 0
0.1108016017305635 0.9528158651770722 0
3.491723103280975 0.1683360966888665 0
1.057073052748654 0.8368002496886864 0
1.441125346994705 0.02423187371110924 0
3.315411179806897 0.4272136759376336 0
2.422282386130894 0.210829220066207 0
1.472482146960914 0.9753252157112196 0
1.826807579968471 0.2330546614657214 0
2.196329040560046 0.688607146915162 0
3.0865899290075 0.3375669106073846 0
3.380387135144667 0.04821492422250212 0
2.313142981462084 0.3996261145308991 0
3.41433466801664 0.6286586269717713 0
0.8322572902365242 0.3952814183395186 0
2.450436459237848 0.215290165520917 0
1.191738960611044 0.9776018434374212 0
2.668116479782851 0.9509858085718916 0
2.261475448807852 0.6031830580947051 0
1.107067627949075 0.6986037892438117 0
0.885906843961549 0.9296903522386386 0
1.948557427178188 0.269108797312696 0
3.51489358292301 0.4332366410273997 0
2.036286618075547 0.2355284066178824 0
0.09499141363328967 0.3180962427914246 0
2.09215872066177 0.5360094236236428 0
1.079394442549803 0.6943501750339159 0
2.468124604536373 0.1940663156021981 0
1.686815629637789 0.3364266288475979 0
1.81018464801965 0.2587711710093527 0
2.166508313685608 0.4754991632301616 0
3.081732158218362 0.1725137837666521 0
0.8053748529847029 0.1897037757020105 0
3.952291081478351 0.3533612675870726 0
0.08253514503650106 0.2689467816022478 0
2.054569823563375 0.5058311744444497 0
3.448094367008005 0.3603204974493112 0
0.1245830560539833 0.9768761000117825 0
3.501411379549529 0.7062090404737856 0
2.306149677653699 0.3767584135815493 0
3.507115299547185 0.9773711822511957 0
1.820040641463528 0.2824517860655621 0
3.890078150253599 0.8553117584133569 0
1.903932966311848 0.5037735743183716 0
0.8466190609855966 0.9004056495009947 0
3.067965592615093 0.3602926813732502 0
2.485329342058794 0.1734493404967596 0
1.676201410921291 0.3827208845453647 0
0.4339519815317807 0.8412426638429997 0
1.310575371888975 0.5481024454299777 0
0.155285858487836 0.9772492331031684 0
1.051013268935011 0.6899580334805365 0
0.2381721326330948 0.9779387528258677 0
2.299428489582972 0.9064913736353988 0
0.4186136771788975 0.169414393071494 0
0.6727113474232451 0.3581529380854794 0
2.165550017779157 0.1497256476926567 0
0.7107513210456058 0.3023738796406713 0
3.847553688447873 0.9769501020940135 0
0.6797771985390051 0.5699840901340283 0
2.513354386745052 0.1772437479962975 0
1.029368863042085 0.8328445612456437 0
0.1500079074405558 0.02049990494234971 0
0.8438443390595114 0.2977112594543271 0
2.960979006060722 0.6332670015221199 0
0.7758418245731611 0.7474824509664111 0
0.5881375427064137 0.1056178888282028 0
1.813421316565259 0.9258659185400919 0
3.546439965340525 0.234732387848212 0
3.657735381273244 0.8793589912918041 0
2.1330679516366 0.5180901747115942 0
2.037411244687879 0.2647175696514489 0
1.625886088074301 0.5069341319636504 0
0.05184644002106209 0.9079089474151655 0
2.531210518264862 0.1557584449643317 0
0.7871912990332521 0.212048419925603 0
1.013347669584624 0.6596042327200238 0
2.824869248786556 0.6656245018171574 0
1.913806396899368 0.5294796856726944 0
2.913665846931695 0.5813881047717908 0
3.407520858033479 0.9531117900704675 0
0.7556540867184798 0.7712676327585066 0
2.548047073843061 0.1338626202489563 0
3.378521207690142 0.7928673366194084 0
1.001157090253479 0.8284673222304915 0
2.805833560970303 0.6302320996390592 0
3.788315845356177 0.02174166932268612 0
2.423311887049632 0.6309098066568581 0
0.5089212307972091 0.3347897967459474 0
0.7879065946480148 0.412536540791601 0
3.301422436031516 0.9555589982756582 0
0.7410980427241229 0.792745079848205 0
0.1529962942690937 0.7768933581818468 0
2.397775416686341 0.6280049628133949 0
1.399664727907042 0.04536972817212975 0
2.195327976177202 0.8070442291450872 0
2.770135151220995 0.6015290159240572 0
1.402883307525024 0.5262589986695618 0
0.09604996236008811 0.4560165449738076 0
2.571650160084674 0.9536587578045981 0
0.9853190924725257 0.6553400266088829 0
3.800845630161906 0.3187022435987922 0
2.369923755135257 0.6225938526439352 0
2.345658784734294 0.6187639957285057 0
2.651707514274062 0.6086148492749982 0
1.026580480561505 0.9779575874168271 0
2.434210133260748 0.923893317444116 0
2.732519334028404 0.5690479129253897 0
1.246875244313328 0.3837800844809637 0
2.610244766604419 0.02316498532390299 0
0.9680587116075015 0.07034552979336461 0
0.3034095866442019 0.6826676143423427 0
2.627831097846072 0.5750323135173051 0
3.109853324727168 0.1770013584470759 0
3.057298410820388 0.05113713104932027 0
1.237037924378513 0.3585061794346968 0
3.228554770987887 0.5146520631249684 0
2.697679472946873 0.5923626475349051 0
2.55906056404913 0.6365753587414147 0
0.9573949948857172 0.6510523678095113 0
2.904439242929286 0.04676123735904175 0
3.549953391070805 0.04560958939324344 0
0.09189889315616906 0.1214532161947058 0
3.62957596162758 0.04751049155548415 0
2.302338821201639 0.9776319151898312 0
2.531665498515818 0.6313809375502974 0
0.9723467310309486 0.8247055367368841 0
3.58626200069669 0.07055356843022687 0
3.736256824056568 0.4567557448665343 0
3.371246346232792 0.5920210214972624 0
0.4949495786884488 0.6552729709451989 0
2.416007658214253 0.06839328666874023 0
2.506445581137762 0.5768768418410469 0
2.330972610641088 0.02252063681556354 0
1.704473259180834 0.9531801400023718 0
3.654077372891266 0.9484214579941621 0
2.933536021261812 0.3428508736632351 0
0.5005943180842971 0.7980533646963818 0
1.680382567853816 0.04554838178462001 0
3.172195517289121 0.02205435694940261 0
3.889308762963732 0.4817514352577026 0
0.7434982178251366 0.5066459007071811 0
0.8510570625429468 0.02313748011288308 0
0.4332157798682488 0.08124489510361732 0
1.273163391354202 0.01884419228392553 0
1.978047183891058 0.751619761402529 0
3.138120161250182 0.1815754862527981 0
0.9264639110827861 0.8412618620460778 0
0.9297064444015524 0.6469429111650112 0
1.105956155309675 0.02096945161025948 0
3.162689550605606 0.953721963648308 0
3.552413888400717 0.1147562889663858 0
2.927992469313347 0.949106941662456 0
2.291442984219978 0.07288355884853837 0
2.925462022873414 0.3898906197723726 0
0.3941554575423634 0.1922715684923013 0
1.556700115169375 0.04741563440201607 0
0.2221427209978504 0.09410578515703699 0
0.03394037721803578 0.2447072420257598 0
0.66985827366893 0.04527503610321426 0
3.020350499836265 0.5982155295443361 0
0.7178242608772321 0.9770750121250185 0
2.827590391783662 0.9567820969419206 0
0.5372387277301083 0.6013785329875962 0
1.786946102966366 0.06195650673334407 0
0.9643214939417655 0.3916482309305941 0
3.051589056949079 0.6293989772450227 0
3.166440980131168 0.1861352364762445 0
3.41565738334149 0.8281575720869421 0
3.078602603800647 0.6353048953708765 0
0.8297924784898811 0.04812949596826344 0
1.857286997763748 0.8279338201322225 0
2.149431364171059 0.1708869705599336 0
0.8991981635657713 0.8365791891149419 0
3.711283848582678 0.1083484638849213 0
0.097143674633688 0.02127811023638304 0
3.695487036404224 0.1906693399206419 0
3.822949557230066 0.7267693489571742 0
3.220312896696986 0.04662103945025231 0
0.3371567270666977 0.0450805359593362 0
0.7390792137372562 0.1520519259202079 0
0.7726516768721665 0.3841529141090186 0
0.9799790521050609 0.3680605764095805 0
1.506089685022306 0.5172657747343442 0
3.290448232391146 0.03527085075540937 0
0.9101168292263695 0.669394465718527 0
0.1685824848788668 0.9555568610311544 0
2.743452379841735 0.04542913614477612 0
1.059913925428527 0.0369947279656786 0
0.272839617113684 0.3564706293933069 0
2.381023747231081 0.9551153052241013 0
3.352725871703879 0.04526010370835465 0
1.357745147018125 0.9790051901321128 0
0.9442192341170565 0.3386367600589258 0
1.218755872158165 0.9787606167020309 0
0.1842327006015849 0.9334495722499985 0
3.250232618584969 0.4911024814912501 0
1.839059674292355 0.8506403258595879 0
3.870380312081381 0.2948607787574172 0
3.523971769353598 0.6808588089242348 0
0.3008812746420615 0.886637183184237 0
0.8911162745333203 0.690650900054367 0
0.8890989059898653 0.8120242797119345 0
3.852164802888073 0.517861844411826 0
1.342411517528402 0.9527329123205462 0
3.034240297416154 0.9817651776378482 0
2.006232293380123 0.7544088567686765 0
1.358471490109322 0.02121291989970731 0
1.825261697487076 0.1613916716495851 0
0.9603128213659788 0.3141985751966602 0
1.518340716720445 0.9518158414147337 0
3.461135841999349 0.3919203999176334 0
0.4873794174293169 0.7683683040029813 0
2.85612676770894 0.961693369049312 0
1.808978459844218 0.1831157002378633 0
0.4727803642596817 0.04875405913193237 0
1.535784647881722 0.9302872812022502 0
3.195066155210255 0.1908116887017476 0
1.803125549558851 0.1147767737816405 0
3.751519219785055 0.9486864082763595 0
0.8534231338775307 0.660469617843682 0
2.159805041519393 0.5201129029893372 0
1.385938091499094 0.02205514811435511 0
0.2878922773099291 0.642805460735314 0
0.8610219205172911 0.8076112907818255 0
3.738083054019629 0.3788749453727255 0
0.7079695794342846 0.1481161616037872 0
3.760952127337791 0.02089644582056222 0
2.275972116593154 0.9792560522853083 0
3.821522534996789 0.04738752549923814 0
0.195531762707164 0.9564482928209693 0
1.799257869365771 0.9779173719088912 0
0.92528694096494 0.9588605642361941 0
3.554953808533301 0.4405806096439754 0
2.700883998844265 0.9801175648861626 0
3.877451332513882 0.2048905886934621 0
3.544611013877907 0.9530720328902081 0
3.811286232661522 0.3749702124934468 0
3.467116812626562 0.7802417197467657 0
0.2523190833683955 0.9576665873747413 0
3.39295412748192 0.5658832682337142 0
0.2386339952673817 0.01783319748051326 0
2.87760888858338 0.04391383236983248 0
0.8979756155520664 0.9545388549020188 0
0.5232384854741801 0.5663760857462675 0
0.09455891175038778 0.5368466474817253 0
0.4863513282156879 0.3625657868750375 0
1.801474780494087 0.9003140615737926 0
2.180921989272009 0.5963227340192738 0
1.051334512509311 0.982196347009675 0
3.491274678015609 0.2538099337982986 0
2.894945823563706 0.4577653149012519 0
3.223754128477244 0.1954161336556163 0
3.525278635619834 0.04359243614975911 0
3.863917655627005 0.9563106050957154 0
1.732021276701591 0.9549854594286641 0
3.330560136253608 0.9609747100593286 0
2.866470031748042 0.4540378270524809 0
3.840431413325409 0.02246241462772564 0
0.7337579451467242 0.4085289407860236 0
2.933762028929235 0.4141351736433454 0
1.850591609511032 0.1662433996041677 0
2.942140329831054 0.3674592403356393 0
2.38861647865378 0.06439102353962511 0
0.8330908167998965 0.8026431070726388 0
0.5185073153676756 0.9822356989264212 0
0.454694460292187 0.765876672981372 0
1.088139669761349 0.04144901336669815 0
3.20543122492357 0.02176413885105044 0
0.9554617516739068 0.04596782445216285 0
3.602966498528316 0.04658372088512908 0
3.158748929360353 0.04179373566553468 0
0.6478865399976301 0.3832403590605138 0
3.951704209720778 0.9050337256051086 0
2.591840038775746 0.04396560378514769 0
2.839756796077847 0.4488640657551493 0
3.033726988463004 0.01782473560278619 0
2.314153207849045 0.04627995197189261 0
0.2399646977335839 0.6379763863078896 0
2.914678282517158 0.4359438483900951 0
0.03852806493966288 0.1948134385404626 0
0.2019760678659632 0.04379530491667105 0
0.2086733404109671 0.9784138729935141 0
1.830418384340967 0.3045285927681494 0
1.798025126877055 0.09172349559666704 0
0.9719608949997354 0.9795035010554761 0
2.194778608138342 0.5446518860596712 0
2.34007209316922 0.9544037042212652 0
0.08270595744890663 0.7357326901593702 0
0.3151866987409191 0.2541003898199956 0
2.461218794619031 0.9570389369931658 0
0.6857181626087629 0.1688686907459792 0
2.59987451394817 0.9568585210236716 0
2.283789280448823 0.6055208414755797 0
1.652772151996284 0.04318695293839236 0
0.8222072732182502 0.7767402939663179 0
1.235507664318732 0.9566014478579443 0
0.7356055819606371 0.9566199825012615 0
2.794194794956498 0.4648741914360459 0
2.263250158748028 0.04150694357553786 0
2.321168203130719 0.6147990378682618 0
3.49878514695802 0.7878088405055885 0
0.2467400620932532 0.3838636144049904 0
3.564471140104112 0.7263325439136621 0
1.801803846695892 0.02049510074962968 0
3.424646905297968 0.9784593318100967 0
2.767219016970715 0.4597558299208679 0
1.813355028666631 0.3254029180713077 0
3.190050146179997 0.9567764081367902 0
1.24368463819252 0.04789062034543717 0
2.199832337608603 0.02188422216222663 0
2.736297121854259 0.4278769360367677 0
3.740020360325175 0.926420375926817 0
3.415287612184995 0.5405562087127695 0
3.101555278682385 0.6170237741749638 0
3.651743279943562 0.6986783442020649 0
3.439608050519981 0.8046273979996199 0
2.199841847039492 0.9777682751583229 0
2.2132295982648 0.9377037681357867 0
3.859109615892336 0.7374931382474035 0
2.81456384621569 0.444348016287308 0
0.4234830636599802 0.8089193102692573 0
0.6917728504147456 0.3282926354156888 0
0.7159748393976904 0.5034481009903355 0
3.804009405206792 0.06733968158136788 0
2.311997833041228 0.9257943953298735 0
2.204990039384057 0.566143459864379 0
3.375103343136594 0.9789153905077184 0
0.254175095477456 0.2257986837277128 0
1.569756691598463 0.9572075577580607 0
0.6429274075601898 0.04254355381304276 0
3.581164201469231 0.3787719136949169 0
0.8129454789554864 0.7505339922331759 0
2.70654693647928 0.4250438477414831 0
3.08420274328992 0.02105503275837961 0
1.396519520409268 0.9553884726768481 0
0.1158475252145919 0.7749624288036384 0
0.7965459170432534 0.01858545445593496 0
0.6524967676634077 0.1361835362864349 0
0.5444356028922732 0.9531780167401036 0
2.518822243674058 0.6041889780804843 0
2.974116759999263 0.3282822926868053 0
2.296758989385696 0.3537069696098352 0
3.594998252085144 0.09737610486429532 0
2.687606771591837 0.4438425043584527 0
1.794653644140955 0.3447602967992525 0
3.953595776284848 0.06246382102214543 0
3.052122204365182 0.313270996635973 0
3.002270629452214 0.3002723671141234 0
0.3085824753876429 0.04175341347521955 0
3.253392807409449 0.201969538583237 0
0.8321814908715093 0.5103486113077534 0
0.6265927243703535 0.4089726436305186 0
3.469450106220691 0.2727241260571948 0
0.173930101668732 0.5092648102525852 0
0.3255588819323563 0.2951274446221653 0
3.328648068374067 0.04223201600104376 0
2.267805987630337 0.3493375100543714 0
3.277477002827319 0.4949135092435382 0
3.129833497427232 0.03700009425762019 0
2.726948326843914 0.02089476373800692 0
0.9182382500446316 0.5513476386862495 0
0.8761923650415235 0.4973337202236454 0
1.760641675135202 0.3159666482984742 0
2.783151904660541 0.6317263531597718 0
2.31204405509065 0.636986106537995 0
2.250026927510236 0.3696374172516674 0
2.745861154068972 0.5981026770860749 0
2.180317228437703 0.7702331214731197 0
0.802764320451459 0.5388224432399711 0
3.677541551247079 0.9826580471057951 0
2.624407736991956 0.4814041979417245 0
2.201532084891163 0.4300303897404626 0
2.21328240458023 0.06213638496634794 0
0.2822324137311734 0.9577820821235017 0
0.1984004011938345 0.9141435635335853 0
2.402834368561385 0.3723819442938066 0
2.662217172123153 0.4401322783456197 0
1.815842603646582 0.8795844336218286 0
3.727767499987262 0.8707596251624699 0
3.943387966206069 0.0420259263314714 0
3.947102940372406 0.1335133440531315 0
3.938201639097905 0.1662137352880959 0
3.744869176172213 0.04128819810698708 0
0.600676404252324 0.1846741862148194 0
2.23375671657748 0.3888089134467093 0
2.208353415934071 0.3869764737299449 0
2.434844837621029 0.3756300956985539 0
2.385975874685251 0.3927678164724325 0
2.175353017531563 0.4978488384726382 0
3.473777774880308 0.3261191948738443 0
3.894640990264802 0.5299980616196993 0
2.643429922944667 0.4609498643723806 0
3.760227325774231 0.8832225522722659 0
2.951418711831169 0.3221044205938609 0
1.732176083383803 0.3124054586846102 0
0.7148744752088578 0.3710921890817377 0
0.5729903893521811 0.0462544327370164 0
3.522455307384508 0.8290435289718233 0
0.9584183181907884 0.5121309519876449 0
2.57573640140519 0.499720695310656 0
2.369884755135091 0.4111593754905303 0
3.979294443754746 0.9788318495089929 0
0.02070555624525405 0.02116815049100707 0
3.025189006119647 0.3072571827929802 0
0.06548727225324247 0.108577922158784 0
0.9933857430287016 0.5418951770044408 0
0.9272199997383299 0.04375730398303229 0
3.615286790881798 0.8439450496185296 0
1.840086539034479 0.1466024426029208 0
2.184268405063098 0.4518786855254158 0
3.063753525996037 0.9538890893131367 0
2.939217193507565 0.635967001792225 0
2.34245231625153 0.4065952937575922 0
2.547779381566864 0.4956135043204661 0
0.2864092582663929 0.8607388861426303 0
0.3854892799343039 0.09593233355431524 0
2.900202628860247 0.979465957739819 0
2.596848908557612 0.4788661240607657 0
1.028114323018296 0.5719392338853224 0
3.693053624063124 0.1289550878048281 0
0.0203910878901894 0.9791294992660329 0
3.979888680179571 0.02022527786891437 0
0.6051820074453329 0.4367168718194156 0
2.520564327480094 0.4907669367422151 0
2.131850645243232 0.7874256389502159 0
0.932926442221738 0.9806166342690809 0
3.920597970098924 0.04208363620721867 0
0.0426478880357255 0.6587401577008914 0
2.23471484594217 0.930198303415948 0
0.8551645527956386 0.5163113372802183 0
1.945979002631611 0.7876882406793857 0
2.849925514202536 0.04159938801991303 0
1.534772267533766 0.04306400527910453 0
2.493874177683409 0.485324970532841 0
1.080898425206599 0.9543035209327848 0
2.257900206577261 0.9566960543641956 0
0.1769093856786053 0.6716845942443318 0
0.9382524571886108 0.5317156941243837 0
3.266937930330063 0.2288854751632848 0
2.076331036095312 0.229923786601741 0
0.8264841285610676 0.5779215693154599 0
2.929308256945938 0.6078907551923198 0
0.577794967264263 0.06648812772119883 0
0.04450209243137682 0.444504749196545 0
1.755741900286308 0.9557039749210139 0
2.160618283616627 0.5887556263240449 0
1.708100220395818 0.3064477648284982 0
1.342724390566168 0.04013434757872625 0
3.074878671627707 0.31865793047545 0
1.50913965513794 0.06828530227028995 0
1.055059944454234 0.5765837726555354 0
3.449946432633712 0.5478474366427473 0
2.560058567160667 0.01757694482075189 0
0.6321143328966126 0.15689280888451 0
1.699092766866226 0.352484892752866 0
2.86220607538261 0.9822316378968259 0
3.885268658916373 0.03407981622981304 0
2.378805272749173 0.04027126279830862 0
3.609210785811516 0.6947208994487611 0
2.725832901856412 0.9837824598107632 0
2.964664537407764 0.9578441676731251 0
0.4640585527830445 0.3906529945855483 0
0.3348034712004817 0.9582964564912293 0
3.003500390188522 0.04390082760740421 0
2.143716515760456 0.6104759328289612 0
3.461046912288016 0.9584466150309112 0
1.687074516996646 0.4010955044095589 0
0.7698616021198106 0.9836223525580693 0
3.000085782634658 0.6196007334128534 0
3.547613418078397 0.8292086390434267 0
2.980578319774322 0.6421845490251163 0
0.1195431137516012 0.5022580486401187 0
2.261702988164294 0.8667651647342985 0
3.573569161223792 0.9560996755164204 0
0.1907804605731083 0.02022009659721052 0
0.3641641149431774 0.1861400461059117 0
1.073120214700673 0.5552450314635208 0
1.262652828778797 0.9540513278092251 0
0.3108556025807965 0.9577136730778913 0
3.579990634489495 0.835160300979042 0
1.051761886870618 0.01631813571934604 0
1.627120648719321 0.04150893461463501 0
0.5841958128162301 0.4621878386091272 0
3.290838287751683 0.2288405785186614 0
0.5683164079248328 0.1193315065295777 0
0.5784118183993647 0.146269301755273 0
0.1016936762066776 0.8130933754324604 0
0.692836743806311 0.3723892277761249 0
0.6972412359315401 0.5263155104644189 0
1.666913500525544 0.4234083026933659 0
1.118235584691339 0.5078828136874372 0
2.235664591511226 0.06965411537089394 0
0.7273178194698326 0.8132743905796824 0
1.595262687494712 0.9597802898639218 0
1.090575116214705 0.5349812756803461 0
3.336935118376651 0.9817542885162351 0
2.126357665165191 0.6314679033966388 0
1.63900662740166 0.4200657682585536 0
1.420583575970551 0.955868136635841 0
0.07788660945678649 0.04296794600827525 0
2.889386732305394 0.5957856856257359 0
1.015317908632055 0.01994447611366273 0
1.613164270240211 0.4149050931160796 0
1.89490192174916 0.8089125359077549 0
3.958282023888005 0.4097694270783375 0
3.129099695633126 0.6486923656882734 0
3.482082795254002 0.0163030221600734 0
1.140552012902367 0.5146629769991741 0
2.62470273936218 0.9588931830877546 0
2.123359183578536 0.2136723003229074 0
2.011619482051533 0.2689158284504139 0
3.606864827545375 0.960232306568047 0
2.87132381638306 0.6176463370829012 0
0.4431996323093241 0.6822950785328468 0
0.2032214432309638 0.1125021860358662 0
2.487261485357104 0.9600206833637756 0
1.218483634666468 0.01615434454311349 0
3.311208682595662 0.2641570226201626 0
0.3703717928811099 0.9571353361637021 0
2.108900302552146 0.6520315589359571 0
1.975351848387607 0.2624756879223427 0
0.7703213425838247 0.01522503198989794 0
0.8410938837889872 0.6145336309260488 0
3.297762943443782 0.4708778981994002 0
1.591110125788193 0.4086652063327009 0
2.680095505092262 0.5813553687274234 0
3.652050460183833 0.8519121908239728 0
2.85296920104617 0.6380085452659523 0
3.215287487863808 0.9602903840440514 0
2.690524347407846 0.04273161451633595 0
1.163233484599667 0.5215347448934075 0
3.479638089403316 0.5553213769732791 0
0.6170520962417392 0.03982394455397276 0
3.955318066589117 0.9341569151640299 0
1.191206756303834 0.4956559309290229 0
3.887320424766699 0.9600386710696518 0
2.388339515561604 0.9362426555347516 0
1.567061684363825 0.4046618964407954 0
3.947638489716384 0.8663790878476177 0
0.04594093933487575 0.9331885035445023 0
3.678994160228596 0.05481681778769837 0
2.201051122516019 0.8248183681607566 0
0.1441109067715032 0.04071544879597 0
1.530324952211335 0.4013462522459632 0
0.3131463940246744 0.818330005132498 0
0.4584717853434124 0.07179335974821693 0
2.091779139198228 0.6731445914311756 0
3.688509684424323 0.8651648316309821 0
1.214510268118191 0.5019513450581886 0
0.04711818402989665 0.06574141481796519 0
0.05998529654804652 0.1646212085471733 0
0.4423207869868286 0.4193738283311003 0
1.900133964027111 0.1726977238852281 0
3.59657784643001 0.4051113933253588 0
1.491666072864283 0.5039346518918613 0
1.51668759292722 0.4189384384908678 0
0.7006031826129397 0.8111359541983307 0
3.576391662916915 0.1240080267618525 0
1.316859831440862 0.03847112316045204 0
1.272230322796912 0.5375450500991582 0
1.492571633686051 0.4159728268494913 0
3.287996937282392 0.01667841175213769 0
2.940370949603674 0.9251071543433509 0
1.241508814724521 0.508171603803131 0
1.465360876067321 0.4116010004242315 0
2.607208396731827 0.5946261884759488 0
3.250958970144504 0.01946309619439984 0
0.9019393503083195 0.042492127973694 0
2.074445676421075 0.6937562633643045 0
2.370575012707495 0.01925834626917022 0
1.376350176983393 0.4026132696209788 0
0.9784344066418202 0.9617425762049187 0
0.2824562518335547 0.04027676840513111 0
1.43797694605323 0.4069651061171476 0
2.95873516463389 0.9037957956909574 0
3.495949846479917 0.9626422709288233 0
2.589238743471706 0.6121120244168961 0
3.709448161013137 0.9581883533164142 0
1.310176905442 0.5680807136204479 0
3.977290223857108 0.196252291948438 0
1.411048886514937 0.4018524492243719 0
3.719967284122704 0.03796869127488389 0
3.966364831305473 0.5700115589198875 0
3.121686514346688 0.01698842282597079 0
0.6641071561751313 0.7992498929262394 0
2.216096694375809 0.04244245840966793 0
0.3399503883154884 0.2081076118986889 0
2.216094298467502 0.9574798051117961 0
2.974726986590081 0.8831262999287881 0
2.057108401687456 0.7141648795382801 0
2.439194866108549 0.641089608017359 0
2.287039092860984 0.6663395194749958 0
1.105846202930682 0.9844323581191573 0
2.106814899303877 0.810229157468308 0
3.107003934865384 0.2911299616226025 0
2.823802909881922 0.0382810760177002 0
3.120326391277759 0.3223407331769086 0
2.522093362906094 0.01985312712661502 0
1.39457574409823 0.5078618167350422 0
$EndNodes
$Elements
9 10568 1 10568
1 1 1 21
1 1 9 
2 9 10 
3 10 11 
4 11 12 
5 12 13 
6 13 14 
7 14 15 
8 15 16 
9 16 17 
10 17 18 
11 18 19 
12 19 20 
13 20 21 
14 21 22 
15 22 23 
16 23 24 
17 24 25 
18 25 26 
19 26 27 
20 27 28 
21 28 2 
1 2 1 65
22 3 29 
23 29 30 
24 30 31 
25 31 32 
26 32 33 
27 33 34 
28 34 35 
29 35 36 
30 36 37 
31 37 38 
32 38 39 
33 39 40 
34 40 41 
35 41 42 
36 42 43 
37 43 44 
38 44 45 
39 45 46 
40 46 47 
41 47 48 
42 48 49 
43 49 50 
44 50 51 
45 51 52 
46 52 53 
47 53 54 
48 54 55 
49 55 56 
50 56 57 
51 57 58 
52 58 59 
53 59 60 
54 60 61 
55 61 62 
56 62 63 
57 63 64 
58 64 65 
59 65 66 
60 66 67 
61 67 68 
62 68 69 
63 69 70 
64 70 71 
65 71 72 
66 72 73 
67 73 74 
68 74 75 
69 75 76 
70 76 77 
71 77 78 
72 78 79 
73 79 80 
74 80 81 
75 81 82 
76 82 83 
77 83 84 
78 84 85 
79 85 86 
80 86 87 
81 87 88 
82 88 89 
83 89 90 
84 90 91 
85 91 92 
86 92 2 
1 3 1 21
87 4 93 
88 93 94 
89 94 95 
90 95 96 
91 96 97 
92 97 98 
93 98 99 
94 99 100 
95 100 101 
96 101 102 
97 102 103 
98 103 104 
99 104 105 
100 105 106 
101 106 107 
102 107 108 
103 108 109 
104 109 110 
105 110 111 
106 111 112 
107 112 3 
1 4 1 65
108 5 113 
109 113 114 
110 114 115 
111 115 116 
112 116 117 
113 117 118 
114 118 119 
115 119 120 
116 120 121 
117 121 122 
118 122 123 
119 123 124 
120 124 125 
121 125 126 
122 126 127 
123 127 128 
124 128 129 
125 129 130 
126 130 131 
127 131 132 
128 132 133 
129 133 134 
130 134 135 
131 135 136 
132 136 137 
133 137 138 
134 138 139 
135 139 140 
136 140 141 
137 141 142 
138 142 143 
139 143 144 
140 144 145 
141 145 146 
142 146 147 
143 147 148 
144 148 149 
145 149 150 
146 150 151 
147 151 152 
148 152 153 
149 153 154 
150 154 155 
151 155 156 
152 156 157 
153 157 158 
154 158 159 
155 159 160 
156 160 161 
157 161 162 
158 162 163 
159 163 164 
160 164 165 
161 165 166 
162 166 167 
163 167 168 
164 168 169 
165 169 170 
166 170 171 
167 171 172 
168 172 173 
169 173 174 
170 174 175 
171 175 176 
172 176 4 
1 5 1 21
173 5 177 
174 177 178 
175 178 179 
176 179 180 
177 180 181 
178 181 182 
179 182 183 
180 183 184 
181 184 185 
182 185 186 
183 186 187 
184 187 188 
185 188 189 
186 189 190 
187 190 191 
188 191 192 
189 192 193 
190 193 194 
191 194 195 
192 195 196 
193 196 6 
1 6 1 65
194 7 197 
195 197 198 
196 198 199 
197 199 200 
198 200 201 
199 201 202 
200 202 203 
201 203 204 
202 204 205 
203 205 206 
204 206 207 
205 207 208 
206 208 209 
207 209 210 
208 210 211 
209 211 212 
210 212 213 
211 213 214 
212 214 215 
213 215 216 
214 216 217 
215 217 218 
216 218 219 
217 219 220 
218 220 221 
219 221 222 
220 222 223 
221 223 224 
222 224 225 
223 225 226 
224 226 227 
225 227 228 
226 228 229 
227 229 230 
228 230 231 
229 231 232 
230 232 233 
231 233 234 
232 234 235 
233 235 236 
234 236 237 
235 237 238 
236 238 239 
237 239 240 
238 240 241 
239 241 242 
240 242 243 
241 243 244 
242 244 245 
243 245 246 
244 246 247 
245 247 248 
246 248 249 
247 249 250 
248 250 251 
249 251 252 
250 252 253 
251 253 254 
252 254 255 
253 255 256 
254 256 257 
255 257 258 
256 258 259 
257 259 260 
258 260 6 
1 7 1 21
259 8 261 
260 261 262 
261 262 263 
262 263 264 
263 264 265 
264 265 266 
265 266 267 
266 267 268 
267 268 269 
268 269 270 
269 270 271 
270 271 272 
271 272 273 
272 273 274 
273 274 275 
274 275 276 
275 276 277 
276 277 278 
277 278 279 
278 279 280 
279 280 7 
1 8 1 65
280 1 281 
281 281 282 
282 282 283 
283 283 284 
284 284 285 
285 285 286 
286 286 287 
287 287 288 
288 288 289 
289 289 290 
290 290 291 
291 291 292 
292 292 293 
293 293 294 
294 294 295 
295 295 296 
296 296 297 
297 297 298 
298 298 299 
299 299 300 
300 300 301 
301 301 302 
302 302 303 
303 303 304 
304 304 305 
305 305 306 
306 306 307 
307 307 308 
308 308 309 
309 309 310 
310 310 311 
311 311 312 
312 312 313 
313 313 314 
314 314 315 
315 315 316 
316 316 317 
317 317 318 
318 318 319 
319 319 320 
320 320 321 
321 321 322 
322 322 323 
323 323 324 
324 324 325 
325 325 326 
326 326 327 
327 327 328 
328 328 329 
329 329 330 
330 330 331 
331 331 332 
332 332 333 
333 333 334 
334 334 335 
335 335 336 
336 336 337 
337 337 338 
338 338 339 
339 339 340 
340 340 341 
341 341 342 
342 342 343 
343 343 344 
344 344 8 
2 1 2 10224
345 148 3504 373 
346 1647 3202 2028 
347 3015 4557 913 
348 48 3591 47 
349 472 3061 3037 
350 3998 5164 4074 
351 3221 3801 2027 
352 2699 3309 3272 
353 1345 3432 3114 
354 3430 3985 3429 
355 423 3119 2899 
356 4450 5041 1225 
357 839 3152 837 
358 891 3608 3459 
359 3152 5257 837 
360 2028 3202 3057 
361 425 4548 3014 
362 3286 4355 4343 
363 901 3865 3063 
364 325 3260 452 
365 3041 3152 839 
366 3458 4642 1177 
367 859 3865 901 
368 3002 3634 1581 
369 2831 4448 3212 
370 1581 4370 3002 
371 1993 5014 3024 
372 3459 3608 3008 
373 157 3300 156 
374 3992 4838 3752 
375 3014 4904 425 
376 2961 3775 3665 
377 149 3504 148 
378 3075 3077 404 
379 1649 3202 1647 
380 493 4695 491 
381 3212 4448 398 
382 3114 3433 1345 
383 3045 3910 1459 
384 913 4484 3015 
385 385 4312 3769 
386 832 3304 834 
387 2967 3046 1970 
388 3430 5204 3985 
389 3098 3111 3096 
390 2942 4703 4004 
391 2975 4816 4355 
392 451 3751 3066 
393 229 3572 228 
394 3403 3585 2458 
395 2965 3185 2887 
396 3286 4343 1519 
397 3221 3803 3801 
398 1078 3379 1076 
399 2331 3672 2332 
400 3457 4642 3458 
401 3713 3991 3712 
402 1356 4691 3414 
403 341 5143 3415 
404 3393 5102 1679 
405 602 3177 3175 
406 2301 3180 2300 
407 4004 4703 418 
408 2301 3181 3180 
409 3057 3203 2028 
410 3037 4753 472 
411 474 4850 3666 
412 3024 4591 1993 
413 3639 3683 2672 
414 488 3739 752 
415 3236 3549 2031 
416 4074 5164 3960 
417 2672 4792 3639 
418 913 4670 4484 
419 2814 4242 3226 
420 3998 4074 2297 
421 1983 3393 1679 
422 3169 3543 2029 
423 752 3739 3738 
424 3066 4638 451 
425 1076 3379 1383 
426 441 4259 3040 
427 2906 3403 2458 
428 3143 3575 3144 
429 3413 4841 4740 
430 415 3213 126 
431 2734 3575 3143 
432 1198 3433 1352 
433 491 3739 488 
434 3752 5147 3992 
435 3148 4973 397 
436 839 3472 3041 
437 3074 3305 2653 
438 3190 4691 1356 
439 4447 5007 1145 
440 326 3260 325 
441 3985 5204 3004 
442 3224 3327 2389 
443 1917 3455 3209 
444 3069 3180 2460 
445 4569 5092 2996 
446 4300 4313 1497 
447 2934 3574 3192 
448 2301 3193 3181 
449 3095 3098 3096 
450 2846 4966 3267 
451 126 3213 125 
452 3318 3319 1950 
453 341 3415 340 
454 1438 4707 1436 
455 3064 3188 1709 
456 1970 3046 1557 
457 1459 3911 3045 
458 3666 4850 3665 
459 491 4695 3739 
460 3140 3206 400 
461 3005 4682 1734 
462 3440 4829 1678 
463 1217 3266 1339 
464 837 5257 902 
465 1734 4659 3005 
466 3026 5041 4450 
467 3169 5271 3543 
468 2300 3180 3069 
469 2764 4777 2765 
470 1145 5007 3327 
471 1383 3379 3372 
472 368 4471 3763 
473 3225 4678 372 
474 3420 3421 369 
475 3040 4842 4578 
476 2887 3185 1923 
477 2891 4892 4370 
478 4484 4670 3047 
479 4441 4728 2317 
480 3378 4300 1497 
481 3040 4578 441 
482 824 3358 826 
483 3769 4312 2753 
484 4578 4842 375 
485 3236 3550 3549 
486 2765 4777 4767 
487 3763 4791 368 
488 404 3300 3075 
489 1463 4041 3058 
490 2313 5092 4569 
491 3171 4001 405 
492 3390 4745 3389 
493 3272 3309 432 
494 3209 3455 3210 
495 2957 4745 3390 
496 458 3591 48 
497 372 4939 3225 
498 1028 4952 1145 
499 359 3616 60 
500 4355 4816 1560 
501 4047 4798 595 
502 4766 4991 408 
503 1497 3545 3378 
504 3003 4991 4766 
505 595 4790 4047 
506 1678 4829 1665 
507 2523 4771 3129 
508 2316 3585 3269 
509 3129 4763 2523 
510 1509 3266 1217 
511 4740 4841 1981 
512 2514 3550 2341 
513 3138 3266 1509 
514 3103 3218 3097 
515 3005 4636 3006 
516 2460 3301 3069 
517 1709 3359 3064 
518 3005 4659 4636 
519 3146 4550 3147 
520 3084 3301 1338 
521 2606 4087 4042 
522 4656 4757 4709 
523 3975 4973 3148 
524 602 3474 3177 
525 373 3504 3503 
526 3872 3993 2607 
527 3146 4830 4550 
528 579 3460 577 
529 905 4794 3911 
530 2428 3359 2426 
531 3334 3335 3235 
532 2765 4767 3050 
533 3058 4042 1463 
534 4525 5076 4722 
535 3023 5127 1685 
536 4709 4757 3094 
537 357 3165 3125 
538 3349 3350 3348 
539 461 4435 3012 
540 3201 4025 387 
541 888 3264 3263 
542 861 3865 859 
543 452 3260 3191 
544 3802 3803 1474 
545 3050 4767 4751 
546 1685 4671 3023 
547 3331 4441 2317 
548 3378 3545 3376 
549 3012 4821 461 
550 3097 3218 426 
551 3338 3865 861 
552 3255 3576 1346 
553 4466 4565 2494 
554 3168 5271 3169 
555 2891 4370 479 
556 3100 5228 3111 
557 2685 3576 3255 
558 3183 4651 1349 
559 4370 4892 3002 
560 480 4356 3120 
561 346 4858 3124 
562 114 3343 113 
563 367 4170 3133 
564 3100 3111 3098 
565 3421 3422 369 
566 3377 4466 2494 
567 1145 4952 4447 
568 3028 4967 3889 
569 1595 4239 3113 
570 1261 3302 1259 
571 3335 4684 3235 
572 2342 3550 3145 
573 3373 4565 4466 
574 3319 4862 1950 
575 2494 5192 3377 
576 3418 4451 1519 
577 3145 4042 2342 
578 4536 4684 4008 
579 888 3284 3264 
580 1451 3337 3336 
581 4974 5022 3273 
582 3130 4766 408 
583 2329 4089 3681 
584 3575 5114 3144 
585 3665 3775 3664 
586 382 3991 3713 
587 3063 3866 901 
588 633 3447 617 
589 4775 4867 3622 
590 4626 4700 3193 
591 480 3120 380 
592 3226 4242 1155 
593 3087 4709 3121 
594 3121 4709 3092 
595 3087 3121 378 
596 424 3121 3092 
597 942 5018 4751 
598 3134 5129 2360 
599 4631 4742 3118 
600 186 3119 423 
601 3085 3124 3088 
602 4874 4953 3768 
603 4839 4963 2659 
604 3122 4800 360 
605 3095 3096 426 
606 3006 4636 3987 
607 3889 4967 420 
608 366 4527 4455 
609 3116 4714 2489 
610 388 3441 3439 
611 3987 4622 3006 
612 193 3095 426 
613 4627 4906 1040 
614 1459 3910 3472 
615 3119 4625 2899 
616 3359 4385 2468 
617 181 3123 345 
618 353 4953 4874 
619 444 4171 3912 
620 360 5020 3122 
621 388 3443 3441 
622 3764 4791 3763 
623 1349 4651 3324 
624 2489 5133 3116 
625 3052 4852 3170 
626 3908 4653 4006 
627 861 3867 3338 
628 4595 4975 3699 
629 381 3572 229 
630 3665 4850 2961 
631 1989 4595 3699 
632 3465 5083 4010 
633 3764 4935 4791 
634 408 5013 3130 
635 3192 3574 428 
636 3144 5114 101 
637 3091 3141 3090 
638 1369 3547 1585 
639 834 3304 1468 
640 1513 4867 4775 
641 3052 4855 4852 
642 156 3300 404 
643 449 3300 157 
644 3125 3423 357 
645 2694 5008 4741 
646 3357 4493 447 
647 4844 4966 2846 
648 3738 4597 752 
649 1670 3977 1571 
650 3179 3474 1575 
651 4694 4715 1504 
652 3030 4715 4694 
653 3137 3226 1155 
654 3253 4919 4708 
655 1519 4451 3286 
656 4751 5018 3050 
657 2896 4876 3630 
658 3547 5079 1585 
659 4286 5096 4716 
660 3581 4963 4839 
661 3124 4858 3323 
662 1874 3586 1502 
663 4010 5083 458 
664 3630 4973 2896 
665 1451 3710 3337 
666 2098 3557 3556 
667 2460 4749 3301 
668 3455 5001 3210 
669 4698 4725 2936 
670 3272 3881 2699 
671 3463 3646 1407 
672 2702 3672 2331 
673 2936 4725 2528 
674 2753 4612 3769 
675 2646 4964 4570 
676 3026 4450 3383 
677 2979 4728 4441 
678 77 4908 4893 
679 4453 4708 1609 
680 2754 4733 3823 
681 3319 4574 2625 
682 3407 4975 3409 
683 3143 5123 2734 
684 609 5128 4765 
685 1155 3332 3137 
686 3355 3393 1983 
687 2465 3468 2473 
688 3124 3323 3088 
689 3222 4332 2600 
690 1983 3583 3355 
691 888 3304 832 
692 3372 4261 1383 
693 3070 3173 2309 
694 3405 4754 3246 
695 3244 4392 1510 
696 3233 4025 3201 
697 4591 4675 1993 
698 3823 5141 2754 
699 3058 4041 3866 
700 3084 3646 3463 
701 1338 3646 3084 
702 4741 5008 2954 
703 3060 4627 2650 
704 4646 5031 2321 
705 2473 3468 3400 
706 2242 3235 3234 
707 3232 4662 3321 
708 2927 5027 4256 
709 47 3591 356 
710 4570 4964 3016 
711 4765 5128 3071 
712 316 4954 4825 
713 3997 3998 2297 
714 3127 4970 4850 
715 154 4428 153 
716 4256 5034 2927 
717 2597 3199 2245 
718 4309 4758 3860 
719 1379 3682 3316 
720 400 4719 3140 
721 3586 4707 1438 
722 3113 5111 1595 
723 3909 4653 3908 
724 1339 4875 3383 
725 1352 3433 1521 
726 3157 3214 1469 
727 228 3572 450 
728 478 2891 479 
729 3172 4001 3171 
730 3133 4454 367 
731 3620 4638 3066 
732 4716 5096 2135 
733 3681 4758 4309 
734 3131 4748 34 
735 3672 5136 2332 
736 44 3443 43 
737 1521 3217 1520 
738 3089 3091 3090 
739 1188 4754 3405 
740 3369 3461 3366 
741 885 4332 3222 
742 3305 4448 2653 
743 2360 4752 3134 
744 3309 3310 432 
745 2782 4675 4591 
746 4698 5099 4363 
747 1345 3433 1198 
748 647 3374 640 
749 4850 4970 2961 
750 466 4377 3312 
751 4720 4844 2846 
752 2651 4364 4289 
753 3277 4527 366 
754 4873 5046 413 
755 3327 3328 2389 
756 3111 3217 3101 
757 4549 4923 4787 
758 3077 3186 404 
759 434 4404 3132 
760 3112 5054 3692 
761 4982 5164 409 
762 903 4700 4626 
763 1921 4706 3508 
764 2952 4899 4848 
765 3074 5269 3305 
766 4600 4693 2720 
767 4893 4908 3055 
768 3253 4708 4453 
769 3960 5164 4982 
770 3251 4897 4722 
771 3336 3867 1451 
772 3373 4618 4565 
773 34 5161 3131 
774 351 5103 3062 
775 3279 4612 2753 
776 3096 3111 3101 
777 3503 3505 373 
778 2597 3201 3199 
779 370 4684 3733 
780 617 3447 1358 
781 2424 4224 3333 
782 826 3358 829 
783 4722 5076 3251 
784 3034 5046 4873 
785 4924 4987 3079 
786 3620 4891 4638 
787 497 3474 495 
788 412 3993 3872 
789 3012 3262 2445 
790 3320 4919 3253 
791 3238 3243 2625 
792 435 5143 341 
793 3379 4618 3373 
794 3301 4749 3302 
795 4781 5228 3100 
796 97 3271 432 
797 3407 5041 4975 
798 3028 3889 3888 
799 2468 4385 3226 
800 3991 5150 3712 
801 3186 4428 154 
802 2650 5209 3060 
803 2020 3968 3285 
804 3860 4118 2569 
805 3801 3803 3802 
806 3079 4987 3219 
807 2751 5050 4782 
808 169 4968 4738 
809 60 3616 59 
810 3042 4870 457 
811 2029 4468 3169 
812 399 4844 4720 
813 3411 3413 1233 
814 101 4379 3144 
815 1465 5053 4793 
816 366 5284 3277 
817 3429 3985 1667 
818 3256 4809 4654 
819 3204 4974 3273 
820 1379 3316 3315 
821 2098 3556 3555 
822 4635 5145 5001 
823 3458 5001 3455 
824 2662 4082 3203 
825 3280 4945 915 
826 397 4810 3148 
827 2683 4883 3123 
828 4787 4923 1526 
829 3215 4523 2299 
830 2246 3328 2244 
831 3123 5064 2683 
832 5036 5125 3510 
833 1520 3217 1680 
834 155 3186 154 
835 813 3858 3855 
836 2470 4769 2436 
837 658 3428 660 
838 1526 4923 4481 
839 2625 4574 1570 
840 461 4821 3471 
841 3383 4875 3026 
842 2180 3195 2703 
843 3399 3400 1046 
844 401 5114 3575 
845 4481 4911 1526 
846 2341 3550 2342 
847 1878 3334 1880 
848 3549 3550 2514 
849 1469 3358 824 
850 351 4838 3992 
851 1575 3475 3179 
852 2257 3185 2752 
853 3508 4706 3507 
854 3496 4648 1934 
855 3043 5031 4646 
856 457 5042 3042 
857 843 3472 840 
858 3062 4838 351 
859 4825 4954 3558 
860 3064 3359 2428 
861 4042 4087 1463 
862 1509 4657 3138 
863 2936 5099 4698 
864 2606 4042 3145 
865 2729 4313 4300 
866 2570 4192 3803 
867 2607 3993 3589 
868 4851 4868 3337 
869 4879 4895 3939 
870 1692 4434 2403 
871 2773 5225 4959 
872 99 3204 98 
873 3226 4385 2814 
874 3347 3349 3348 
875 3243 4862 2625 
876 3296 4942 4776 
877 3351 3583 3348 
878 810 3858 813 
879 2905 4960 4795 
880 2303 4868 4851 
881 1245 3317 1243 
882 601 3460 579 
883 470 4030 3223 
884 3203 4082 2028 
885 2426 3359 2468 
886 3333 4224 3332 
887 3083 5234 5065 
888 2948 5125 5036 
889 3191 3261 452 
890 3463 4895 4879 
891 3195 3196 2703 
892 3423 4391 2717 
893 4804 4811 2998 
894 3321 4662 468 
895 3194 4804 2998 
896 3439 4677 388 
897 3270 3276 2852 
898 1469 3680 3157 
899 466 3312 110 
900 467 3314 278 
901 3614 4856 4828 
902 2625 4862 3319 
903 3030 4727 4715 
904 267 3205 266 
905 2775 4493 3357 
906 3060 4906 4627 
907 3866 4041 901 
908 3445 3446 2746 
909 472 3343 3061 
910 2458 3585 2316 
911 2218 3276 3270 
912 2797 4727 3030 
913 2259 3334 1878 
914 4455 4527 3281 
915 3148 4810 3115 
916 1923 3185 1922 
917 3205 5266 266 
918 3193 4336 2854 
919 811 5176 5153 
920 601 3461 3375 
921 3281 4502 445 
922 3235 4684 4536 
923 3496 4634 3187 
924 644 3303 747 
925 98 3271 97 
926 3681 4309 2329 
927 847 3911 845 
928 1339 4988 4875 
929 5153 5176 3142 
930 915 5082 3280 
931 2301 4336 3193 
932 3460 3545 577 
933 3338 3867 3336 
934 3367 4261 3368 
935 3163 3164 2718 
936 1557 3046 1559 
937 3187 4648 3496 
938 3302 3490 1259 
939 3233 4536 460 
940 2127 3163 2718 
941 3204 3271 98 
942 4453 4897 3251 
943 3118 4742 3117 
944 2727 4814 4481 
945 1668 4763 3129 
946 3220 3381 422 
947 4793 5053 3139 
948 3339 4900 4685 
949 439 3343 114 
950 4121 5177 3852 
951 3889 4537 3353 
952 3199 3201 3200 
953 3196 4922 456 
954 4782 5050 4012 
955 205 3382 204 
956 3852 5181 4121 
957 3445 3447 633 
958 360 4800 3707 
959 582 4583 3295 
960 3295 4583 3290 
961 3268 4458 2409 
962 3497 4983 4847 
963 4663 4688 3268 
964 3472 3910 3041 
965 1667 4669 3303 
966 2389 3328 2246 
967 2297 4422 3997 
968 4810 4914 3115 
969 3132 4861 434 
970 2746 3447 3445 
971 3450 4977 4912 
972 2025 4789 4788 
973 443 3673 81 
974 3984 4789 2025 
975 4795 4960 417 
976 3297 3298 356 
977 363 4890 4878 
978 2133 3289 1677 
979 1528 3367 3365 
980 2084 3555 2086 
981 2776 3290 2133 
982 3375 3460 601 
983 2774 4779 4773 
984 2026 4779 2774 
985 429 3330 276 
986 2242 3234 2243 
987 2026 4788 4779 
988 4564 5191 270 
989 2025 4788 2026 
990 3855 3859 813 
991 2403 4434 3282 
992 3018 5030 5019 
993 3187 4634 4428 
994 5019 5030 1735 
995 2967 5061 3046 
996 3471 5056 461 
997 3208 5266 3205 
998 4848 4899 406 
999 348 3513 3099 
1000 3123 4883 345 
1001 3209 4360 1917 
1002 3713 3716 382 
1003 3299 3548 2390 
1004 4654 4809 391 
1005 3355 3583 3351 
1006 3912 4171 2770 
1007 1527 5145 4635 
1008 3261 4560 3523 
1009 3282 3905 2403 
1010 602 4695 493 
1011 2552 4090 3512 
1012 3707 4962 360 
1013 3326 3327 3224 
1014 3681 4089 3342 
1015 3259 4458 3268 
1016 1338 3302 1261 
1017 422 3382 3220 
1018 2309 3173 2240 
1019 814 3859 817 
1020 450 3571 3570 
1021 1510 4392 1157 
1022 3044 3468 2465 
1023 647 3565 3374 
1024 1521 4535 3217 
1025 596 5026 4818 
1026 3271 3272 432 
1027 3590 5170 3004 
1028 2316 3586 1874 
1029 3664 3775 2457 
1030 404 3186 155 
1031 3376 3545 3460 
1032 1227 3412 1229 
1033 1063 3258 3257 
1034 2696 4794 905 
1035 1502 3586 1438 
1036 1945 2240 1944 
1037 2630 4902 4896 
1038 1233 3412 3411 
1039 4776 4942 371 
1040 3075 3300 3076 
1041 3523 4697 3261 
1042 2791 3489 3266 
1043 2473 3400 3398 
1044 405 5188 3171 
1045 2133 3290 3289 
1046 1523 3238 2625 
1047 3255 4688 4663 
1048 3196 3437 2703 
1049 2696 4801 4794 
1050 3170 4852 2848 
1051 1677 3289 3237 
1052 4481 4814 1367 
1053 3236 4801 2696 
1054 2848 4846 3170 
1055 3332 4224 3137 
1056 3277 5284 3278 
1057 3733 4684 3335 
1058 2604 3905 3282 
1059 886 5221 3161 
1060 3558 4954 4864 
1061 3848 5224 899 
1062 3237 4345 3398 
1063 539 4793 3139 
1064 392 4379 102 
1065 3139 4803 539 
1066 899 5230 3848 
1067 2677 3225 2413 
1068 2715 4532 3362 
1069 3174 4940 4744 
1070 146 4148 145 
1071 3093 3141 3091 
1072 4239 4597 3113 
1073 3985 4669 1667 
1074 3047 4930 2713 
1075 3425 3636 2397 
1076 3375 3461 3369 
1077 2299 4524 3215 
1078 3004 5204 3590 
1079 3161 5217 886 
1080 499 4934 3275 
1081 2510 3155 2968 
1082 4738 4968 3029 
1083 4268 4538 3538 
1084 3333 4538 2424 
1085 3342 3680 887 
1086 1667 3303 644 
1087 3300 5025 3076 
1088 3129 5214 1668 
1089 1061 3259 1181 
1090 3231 4524 2299 
1091 2965 5010 3185 
1092 3692 4781 3112 
1093 2746 3446 2745 
1094 2106 2689 2105 
1095 3330 4441 3331 
1096 3438 4677 3439 
1097 3261 4697 3587 
1098 1971 2510 1970 
1099 456 4726 3196 
1100 4408 4808 2104 
1101 1161 3418 1519 
1102 2975 4355 3286 
1103 2888 3416 3059 
1104 3275 5012 499 
1105 276 3330 275 
1106 2944 5101 3311 
1107 4289 4364 364 
1108 3428 3468 1385 
1109 393 5269 3074 
1110 3177 3474 3179 
1111 1077 3539 1079 
1112 3027 3546 2690 
1113 4847 4983 455 
1114 1971 2511 2510 
1115 4912 4977 2434 
1116 3184 4790 595 
1117 3154 4735 2396 
1118 3350 3351 3348 
1119 4486 4545 2926 
1120 3557 3734 3035 
1121 1078 4618 3379 
1122 2445 3262 2443 
1123 640 3374 1528 
1124 3237 3289 2709 
1125 3263 3304 888 
1126 3409 4975 4595 
1127 449 4951 3733 
1128 2127 2718 2145 
1129 654 3401 656 
1130 2248 3163 2127 
1131 3889 4927 4537 
1132 5062 5073 2922 
1133 4356 5280 3120 
1134 3257 3259 1063 
1135 3742 5073 5062 
1136 2098 3734 3557 
1137 43 3443 388 
1138 459 3443 44 
1139 3477 4979 4191 
1140 3400 3428 1046 
1141 110 3312 109 
1142 278 3314 277 
1143 3525 4769 2470 
1144 1922 3185 2257 
1145 3398 4345 2473 
1146 3446 4360 2748 
1147 3364 4113 3363 
1148 3444 4829 3441 
1149 2240 2626 2241 
1150 2034 4730 4668 
1151 2926 4545 2575 
1152 1527 4989 4487 
1153 1945 2309 2240 
1154 3911 4794 3045 
1155 4487 4885 2747 
1156 2886 2888 2887 
1157 3291 5079 2986 
1158 4915 4944 2994 
1159 4191 4986 3477 
1160 3733 5025 449 
1161 359 5254 3616 
1162 1046 3401 3399 
1163 3366 3461 3364 
1164 1571 3977 2150 
1165 2106 2691 2689 
1166 204 3382 422 
1167 2888 2964 2887 
1168 104 4610 3197 
1169 660 3428 1385 
1170 4924 5002 1059 
1171 1922 2257 1924 
1172 1436 4707 1935 
1173 2709 4345 3237 
1174 809 3858 810 
1175 2291 2771 2289 
1176 2677 4678 3225 
1177 3285 4226 2020 
1178 2104 2106 2105 
1179 1504 4685 3166 
1180 5086 5104 581 
1181 2776 3295 3290 
1182 362 4693 4600 
1183 1955 2127 1956 
1184 1943 1944 1556 
1185 3232 4524 3231 
1186 495 3474 602 
1187 3558 4864 3556 
1188 2745 3446 2748 
1189 3365 3380 1528 
1190 1178 3287 1529 
1191 1145 3326 1030 
1192 3489 4988 3266 
1193 5071 5072 3887 
1194 1575 3474 497 
1195 2985 3547 2241 
1196 3274 4907 1612 
1197 2886 2887 1923 
1198 2888 4860 3416 
1199 3506 4148 146 
1200 2928 4947 4463 
1201 3523 4560 2394 
1202 1955 2248 2127 
1203 2510 2968 2967 
1204 478 479 380 
1205 4421 4468 2475 
1206 423 2891 478 
1207 2569 4309 3860 
1208 1943 1945 1944 
1209 424 3091 3089 
1210 3166 4694 1504 
1211 813 3859 814 
1212 3089 3090 377 
1213 3085 3086 378 
1214 3804 4644 1796 
1215 3285 3968 3264 
1216 3182 3416 2290 
1217 1379 3317 1245 
1218 3269 3585 3090 
1219 3411 4841 3413 
1220 2933 5072 5071 
1221 3859 4118 3860 
1222 2879 3423 2717 
1223 5057 5078 3935 
1224 3856 3858 809 
1225 5047 5124 2298 
1226 432 3310 96 
1227 3259 3268 1181 
1228 2247 3199 2914 
1229 3228 5143 435 
1230 3546 5201 1994 
1231 4959 5225 3314 
1232 1046 3428 658 
1233 3950 5104 5086 
1234 4487 5145 1527 
1235 3343 4917 113 
1236 2257 2293 2258 
1237 4855 5000 2496 
1238 2241 3547 1944 
1239 354 4830 3146 
1240 3651 4985 2912 
1241 3208 5068 431 
1242 418 4703 3198 
1243 324 3587 323 
1244 4332 5037 3011 
1245 2913 4886 2944 
1246 2651 4289 3863 
1247 4685 4900 3166 
1248 2257 2752 2293 
1249 2697 4502 3281 
1250 3069 3301 3084 
1251 3175 4695 602 
1252 4828 4856 414 
1253 4878 4890 2977 
1254 2986 5079 2985 
1255 2098 3555 2084 
1256 840 3472 839 
1257 2340 3866 2338 
1258 428 3118 3117 
1259 2511 3155 2510 
1260 1459 3472 843 
1261 3362 4532 1498 
1262 153 4428 352 
1263 3193 4700 3181 
1264 4818 5026 3802 
1265 3374 4261 3367 
1266 5028 5043 757 
1267 3461 4113 3364 
1268 3206 3207 3205 
1269 3893 5207 3093 
1270 3803 4192 1474 
1271 401 3204 99 
1272 1349 3324 1219 
1273 2276 4804 3194 
1274 450 3572 3571 
1275 2293 3227 2304 
1276 2570 3803 3221 
1277 3157 3680 3342 
1278 3292 3538 1167 
1279 3266 4988 1339 
1280 3406 3412 1227 
1281 3011 5055 4332 
1282 3125 4391 3423 
1283 2289 3182 2290 
1284 1528 3374 3367 
1285 3943 5078 5057 
1286 2905 4454 3133 
1287 752 4597 4239 
1288 111 3293 466 
1289 279 3294 467 
1290 2245 3199 2247 
1291 3444 5232 4829 
1292 3207 3215 3208 
1293 435 5113 3228 
1294 1194 4885 4487 
1295 3692 5054 2308 
1296 3608 5124 5047 
1297 1229 3412 1233 
1298 4896 4902 3875 
1299 3082 4905 4409 
1300 1510 4541 3244 
1301 2971 4948 4840 
1302 400 3205 267 
1303 2240 2241 1944 
1304 2127 2145 1956 
1305 3052 5000 4855 
1306 3074 5077 393 
1307 3565 4261 3374 
1308 3639 4792 2955 
1309 1231 3451 1234 
1310 1030 3326 1032 
1311 3311 5231 2944 
1312 398 4448 3305 
1313 3217 4535 3101 
1314 902 5257 3592 
1315 2912 5178 3651 
1316 2690 3546 2105 
1317 3099 3513 3110 
1318 845 3911 1459 
1319 4610 4710 2789 
1320 747 3303 1063 
1321 381 4891 3620 
1322 2396 5246 3154 
1323 905 3911 847 
1324 3859 3860 817 
1325 3140 4884 3206 
1326 3072 5075 4907 
1327 3199 3200 2914 
1328 460 4025 3233 
1329 3223 4593 470 
1330 1225 5041 3407 
1331 4008 4684 370 
1332 4486 4761 1252 
1333 412 3872 3306 
1334 2104 2105 1996 
1335 3051 5043 5028 
1336 3269 3586 2316 
1337 4475 4690 2702 
1338 829 3284 830 
1339 369 5208 3420 
1340 830 3284 888 
1341 2718 2719 2145 
1342 3421 3485 3422 
1343 2689 2778 2690 
1344 2722 4742 4631 
1345 3212 5005 2831 
1346 3207 3208 3205 
1347 4723 4736 172 
1348 809 4072 3856 
1349 2830 3456 2252 
1350 656 3401 1046 
1351 3211 3212 398 
1352 3313 4808 4408 
1353 2510 2967 1970 
1354 3672 3673 443 
1355 1997 3349 3347 
1356 3079 5002 4924 
1357 3274 4972 3275 
1358 2443 2915 2254 
1359 3035 5045 4957 
1360 3070 4940 3173 
1361 1672 1923 1922 
1362 2259 3335 3334 
1363 1340 5070 3160 
1364 2390 3548 1593 
1365 3457 3458 3454 
1366 3012 5198 3262 
1367 444 5202 4171 
1368 81 3673 80 
1369 3213 4693 125 
1370 2627 3381 3220 
1371 3349 3888 3350 
1372 4120 4764 2173 
1373 1063 3259 1061 
1374 4508 4737 1403 
1375 1150 3322 1351 
1376 4972 5012 3275 
1377 3146 4995 354 
1378 595 5212 3184 
1379 1063 3303 3258 
1380 2291 2772 2771 
1381 147 3506 146 
1382 3227 3228 2304 
1383 2308 4597 3738 
1384 3678 4971 143 
1385 3173 4940 3174 
1386 2748 4360 3209 
1387 2447 3329 2449 
1388 270 5191 269 
1389 1474 4818 3802 
1390 2702 4690 3673 
1391 3169 4468 4421 
1392 3424 3636 3425 
1393 2293 2304 2258 
1394 865 3867 862 
1395 2378 2478 2309 
1396 3093 5197 3893 
1397 3214 3358 1469 
1398 1219 3324 1216 
1399 3512 4090 1468 
1400 3368 4261 3372 
1401 3347 3348 1987 
1402 3622 4700 903 
1403 3436 3437 2865 
1404 3198 4920 418 
1405 3620 5097 381 
1406 2478 3070 2309 
1407 1145 3327 3326 
1408 2689 2690 2105 
1409 3414 4691 2476 
1410 2626 2627 2241 
1411 2086 3555 3554 
1412 2240 3173 2626 
1413 2552 3512 3057 
1414 820 3680 822 
1415 3592 5267 902 
1416 3191 4560 3261 
1417 1673 4376 3792 
1418 3350 3352 3351 
1419 1484 3896 3857 
1420 3219 4987 1180 
1421 415 5185 3213 
1422 3317 3804 1243 
1423 1880 3334 2242 
1424 3601 4812 4673 
1425 2752 2994 2293 
1426 3716 4506 382 
1427 2478 3223 3070 
1428 1672 1922 1671 
1429 2955 4976 3639 
1430 2173 4434 1692 
1431 3148 5011 3975 
1432 1988 3347 1987 
1433 421 4944 4915 
1434 2243 3234 2597 
1435 1794 3564 3397 
1436 3234 4536 3233 
1437 377 3585 3403 
1438 188 478 380 
1439 423 478 187 
1440 424 3089 19 
1441 20 3089 377 
1442 3422 3485 2641 
1443 2095 3554 3385 
1444 3145 3550 3236 
1445 3539 4464 1079 
1446 380 3120 189 
1447 3156 4599 3431 
1448 185 3119 186 
1449 18 3121 424 
1450 378 3121 17 
1451 3432 4739 3114 
1452 16 3085 378 
1453 3160 5140 1340 
1454 21 3403 22 
1455 3120 3513 190 
1456 3644 4632 4556 
1457 1603 3325 1866 
1458 3298 4571 356 
1459 2102 4408 2104 
1460 184 3126 379 
1461 3537 3632 2767 
1462 2390 5232 3299 
1463 1558 1971 1970 
1464 191 3513 348 
1465 15 3124 3085 
1466 420 4927 3889 
1467 3389 4745 1669 
1468 192 3095 193 
1469 1484 4214 3896 
1470 180 3123 181 
1471 1383 4261 3565 
1472 3164 4687 2718 
1473 1373 3311 1374 
1474 3276 4510 3277 
1475 346 3124 14 
1476 4670 4930 3047 
1477 4630 4744 202 
1478 3127 4850 474 
1479 345 4857 4566 
1480 3185 5010 2752 
1481 2342 4042 3058 
1482 654 3792 3401 
1483 3857 4072 1484 
1484 4214 4384 3896 
1485 2888 3059 2964 
1486 3192 5059 2934 
1487 4510 4527 3277 
1488 385 5180 4312 
1489 356 3591 3297 
1490 2257 2258 1924 
1491 13 3117 346 
1492 3457 4628 1532 
1493 3454 3455 3453 
1494 1234 3451 1382 
1495 3454 3458 3455 
1496 392 4931 4379 
1497 900 4384 4214 
1498 2444 2445 2443 
1499 3164 4723 4687 
1500 2254 3195 2180 
1501 4984 5006 2991 
1502 2389 4604 3224 
1503 4440 4488 3926 
1504 903 4775 3622 
1505 426 3218 194 
1506 5213 5234 4755 
1507 1334 3341 1341 
1508 2905 4795 4454 
1509 3385 3554 3387 
1510 205 4409 3382 
1511 2247 2914 2913 
1512 1994 5201 1997 
1513 428 3117 12 
1514 869 3710 867 
1515 3278 5284 293 
1516 1167 3537 3292 
1517 2413 3225 2442 
1518 2626 3381 2627 
1519 11 3192 428 
1520 3856 4072 3857 
1521 4377 5091 3312 
1522 3317 4644 3804 
1523 2689 4404 2778 
1524 425 3127 26 
1525 449 5025 3300 
1526 1191 3418 1161 
1527 3196 5262 3437 
1528 393 4564 270 
1529 1490 4488 4440 
1530 2327 4949 4817 
1531 5065 5234 3287 
1532 22 4463 23 
1533 2985 5079 3547 
1534 3044 4696 3469 
1535 2442 2867 2686 
1536 3201 5205 3200 
1537 2424 4538 4268 
1538 1852 2291 2289 
1539 1167 3539 1077 
1540 1355 3238 1523 
1541 195 3218 475 
1542 145 4148 416 
1543 473 3192 10 
1544 1709 4385 3359 
1545 3570 4515 450 
1546 4260 5271 3168 
1547 1955 1956 1953 
1548 4604 5231 3224 
1549 3204 3273 3271 
1550 403 4612 3279 
1551 3749 4472 3241 
1552 3315 3317 1379 
1553 27 3127 474 
1554 3557 3558 3556 
1555 263 3321 468 
1556 1508 3390 907 
1557 2928 4463 2906 
1558 1370 3340 3339 
1559 4027 4956 4813 
1560 2671 4699 4387 
1561 4907 5075 1612 
1562 3057 3512 3203 
1563 4668 4730 3508 
1564 3200 5205 4022 
1565 1559 1955 1953 
1566 1356 3414 604 
1567 1917 4360 1512 
1568 399 4710 4610 
1569 2852 4491 3270 
1570 3024 3025 2939 
1571 750 3392 1180 
1572 4886 5101 2944 
1573 1559 3046 1955 
1574 274 3211 398 
1575 3168 5243 4260 
1576 638 3380 627 
1577 3384 4244 2756 
1578 3254 4936 3405 
1579 3126 4559 379 
1580 3416 3417 3059 
1581 2031 4801 3236 
1582 3331 4540 3212 
1583 347 4548 24 
1584 892 4575 894 
1585 3305 5269 272 
1586 918 3389 1669 
1587 1523 2625 1570 
1588 3871 4244 3384 
1589 2771 3182 2289 
1590 400 3206 3205 
1591 3926 4384 900 
1592 2968 2969 2967 
1593 4813 4956 2772 
1594 2243 2597 2245 
1595 2695 3325 3296 
1596 588 4572 590 
1597 94 4521 93 
1598 262 4522 261 
1599 3659 4469 4210 
1600 2791 3266 3138 
1601 4918 4929 3679 
1602 3453 3455 1917 
1603 183 4566 3126 
1604 2964 2965 2887 
1605 25 4548 425 
1606 1866 3325 2695 
1607 1533 3391 1534 
1608 4022 5149 3200 
1609 3254 5076 1195 
1610 345 4566 182 
1611 293 5139 3278 
1612 1085 3332 1155 
1613 2218 4510 3276 
1614 4387 4699 1506 
1615 3651 5178 5059 
1616 1882 3453 1917 
1617 1510 5240 5017 
1618 143 5112 3678 
1619 2788 3024 2939 
1620 3256 4654 465 
1621 280 3294 279 
1622 112 3293 111 
1623 1359 4472 3749 
1624 445 4455 3281 
1625 431 5266 3208 
1626 2443 3262 2915 
1627 3480 3483 2822 
1628 1084 3332 1085 
1629 4957 5045 411 
1630 1346 4688 3255 
1631 1922 1924 1671 
1632 900 4440 3926 
1633 2170 3480 2822 
1634 2496 5000 4267 
1635 2771 3256 3182 
1636 3479 4468 2029 
1637 887 3681 3342 
1638 3194 5263 2276 
1639 2283 3435 3130 
1640 1670 4921 3977 
1641 2455 3297 3135 
1642 323 3587 350 
1643 452 3587 324 
1644 3058 3866 2340 
1645 1927 3239 3238 
1646 3165 4920 3198 
1647 1991 3347 1988 
1648 1208 3287 1178 
1649 2338 3866 3063 
1650 591 3363 589 
1651 3096 3097 426 
1652 3792 4376 3401 
1653 3538 4538 3539 
1654 2682 2886 1923 
1655 3292 3537 2767 
1656 3141 3269 3090 
1657 3581 4839 2912 
1658 1218 3383 1220 
1659 3512 4783 3203 
1660 2412 2677 2413 
1661 3036 4976 2955 
1662 2258 3231 2299 
1663 2412 4560 3191 
1664 3432 4347 2805 
1665 3173 3174 2626 
1666 4267 5000 4300 
1667 2511 4599 3156 
1668 438 5122 4914 
1669 373 3506 147 
1670 100 401 99 
1671 3032 3568 3357 
1672 2095 3385 3360 
1673 268 400 267 
1674 2259 3732 3335 
1675 3360 3473 2095 
1676 1193 1927 1355 
1677 1572 1672 1671 
1678 2915 3195 2254 
1679 3151 3223 2478 
1680 2735 5022 4974 
1681 106 399 105 
1682 1649 5265 3202 
1683 2964 2984 2965 
1684 274 398 273 
1685 4397 4624 731 
1686 1058 4609 4514 
1687 3539 4538 4464 
1688 2788 2939 2938 
1689 95 469 94 
1690 263 468 262 
1691 111 466 110 
1692 279 467 278 
1693 1572 1671 1670 
1694 1369 1585 1208 
1695 1558 1970 1557 
1696 652 3430 649 
1697 3265 4819 286 
1698 459 3444 3443 
1699 3235 4536 3234 
1700 4463 4947 347 
1701 1570 1572 1571 
1702 1603 3876 3325 
1703 3413 3451 1233 
1704 4030 5222 3223 
1705 3462 4414 2476 
1706 1345 4347 3432 
1707 2597 3233 3201 
1708 3894 5006 4984 
1709 149 5154 3504 
1710 3093 5207 3141 
1711 3239 3243 3238 
1712 2442 3225 2867 
1713 1238 3466 1226 
1714 3424 3425 1241 
1715 275 3211 274 
1716 431 3321 264 
1717 634 3564 639 
1718 2511 3156 3155 
1719 4409 4905 3382 
1720 4540 5005 3212 
1721 2476 4414 615 
1722 413 4653 3909 
1723 3512 5285 4783 
1724 2746 4509 3447 
1725 3383 4450 1220 
1726 5059 5272 3651 
1727 3240 3241 3239 
1728 2788 4591 3024 
1729 3571 3572 2982 
1730 1541 3530 1496 
1731 2784 2788 2786 
1732 109 3312 430 
1733 277 3314 429 
1734 1927 3238 1355 
1735 3224 5231 1373 
1736 1371 3224 1373 
1737 1179 3483 3402 
1738 3905 4532 2715 
1739 1169 3322 1150 
1740 1556 3547 1369 
1741 2242 3334 3235 
1742 3426 4252 2553 
1743 2447 3530 3329 
1744 2773 3151 2478 
1745 4937 4965 2183 
1746 1032 3326 1371 
1747 3077 3187 3186 
1748 2590 3574 2934 
1749 3088 4483 3086 
1750 1528 3380 638 
1751 3195 4922 3196 
1752 1233 3451 1231 
1753 2456 3297 2455 
1754 1585 3287 1208 
1755 2536 4625 3128 
1756 3197 5130 104 
1757 1065 1510 1157 
1758 3671 5136 3672 
1759 4840 4948 2768 
1760 3211 3331 3212 
1761 2795 4252 3426 
1762 931 3479 1172 
1763 3505 3506 373 
1764 2739 3012 2445 
1765 275 3330 3211 
1766 3284 3285 3264 
1767 2912 4985 3581 
1768 1256 3490 1255 
1769 1994 1997 1991 
1770 2926 4761 4486 
1771 3254 5039 4936 
1772 3239 4338 3243 
1773 1195 5076 4525 
1774 3206 3977 3207 
1775 2867 2868 2686 
1776 3339 4685 1370 
1777 862 3867 861 
1778 3160 5070 3425 
1779 1451 3867 865 
1780 3141 5207 4707 
1781 3350 3888 3353 
1782 1377 1558 1557 
1783 1377 1557 1378 
1784 1237 3424 1241 
1785 2058 4118 2368 
1786 631 3430 3429 
1787 1997 3347 1991 
1788 3222 4619 885 
1789 1341 3341 1370 
1790 4755 5234 4592 
1791 2174 3436 2865 
1792 887 3680 820 
1793 2692 2983 2691 
1794 2446 2739 2445 
1795 1529 3322 1169 
1796 3297 3591 3135 
1797 1224 3406 1227 
1798 2173 4764 4434 
1799 403 4820 3579 
1800 2112 3568 2416 
1801 2778 2875 2690 
1802 2363 2365 2364 
1803 430 5237 4966 
1804 4753 4933 427 
1805 822 3680 1469 
1806 1172 3479 2029 
1807 3422 3936 369 
1808 627 3380 620 
1809 735 3396 635 
1810 2702 3673 3672 
1811 1511 3445 642 
1812 3435 4766 3130 
1813 1218 1219 1216 
1814 2455 3135 3134 
1815 1390 4887 4871 
1816 2703 3437 3436 
1817 1216 3324 1214 
1818 1226 3466 1223 
1819 2180 2703 2178 
1820 911 3389 918 
1821 2775 4776 4003 
1822 3475 3476 3179 
1823 3363 4113 589 
1824 923 3442 933 
1825 631 3429 629 
1826 2691 4404 2689 
1827 1043 3392 750 
1828 1220 1221 1219 
1829 941 3520 943 
1830 2547 4721 4672 
1831 1690 4572 588 
1832 1179 4311 3483 
1833 2627 3220 2986 
1834 3245 3246 3242 
1835 649 3430 631 
1836 613 3414 2476 
1837 2175 3436 2174 
1838 1248 3449 1332 
1839 277 429 276 
1840 109 430 108 
1841 265 431 264 
1842 97 432 96 
1843 1996 3546 1994 
1844 1178 1529 1169 
1845 1212 1213 1191 
1846 1351 3392 1043 
1847 3036 5202 4976 
1848 2968 3029 2969 
1849 2457 4547 3664 
1850 2101 3522 2394 
1851 103 392 102 
1852 2604 4532 3905 
1853 1171 4220 3783 
1854 1593 3548 1591 
1855 2743 4575 892 
1856 3421 4056 3485 
1857 2742 3080 2741 
1858 639 3564 1794 
1859 642 3445 633 
1860 3249 3254 3247 
1861 2412 3191 2677 
1862 907 3390 909 
1863 3468 5283 1385 
1864 354 4995 3589 
1865 1349 5238 3183 
1866 2720 4693 3213 
1867 271 393 270 
1868 3165 5146 4920 
1869 1222 1223 1221 
1870 374 5253 3386 
1871 3783 4220 3782 
1872 600 3395 1356 
1873 1214 2363 1213 
1874 935 3492 1183 
1875 179 4753 427 
1876 867 3710 1451 
1877 3301 3302 1338 
1878 1220 1222 1221 
1879 387 5205 3201 
1880 904 3710 869 
1881 3200 3431 2914 
1882 4210 4469 3341 
1883 1218 1220 1219 
1884 2411 3364 3363 
1885 1224 1226 1223 
1886 2319 4040 3722 
1887 604 3414 606 
1888 3292 3694 3538 
1889 416 4929 4918 
1890 3563 3810 2134 
1891 3247 3405 3246 
1892 1511 3446 3445 
1893 3481 3642 3482 
1894 1090 3609 1088 
1895 1370 3341 3340 
1896 1222 1224 1223 
1897 3279 4820 403 
1898 472 4753 178 
1899 1371 1373 1372 
1900 1334 4210 3341 
1901 2854 4626 3193 
1902 2365 2366 2364 
1903 2914 4599 2913 
1904 4464 4538 3333 
1905 1939 3435 2283 
1906 3356 3438 3394 
1907 1323 3661 1324 
1908 3984 5051 4986 
1909 2943 2976 2975 
1910 3306 4589 412 
1911 264 3321 263 
1912 458 5083 3591 
1913 1374 1377 1376 
1914 3222 4827 4619 
1915 106 4844 399 
1916 4619 4827 2743 
1917 4338 4639 3243 
1918 1224 1227 1226 
1919 3427 4576 2641 
1920 1227 1228 1226 
1921 3410 3411 3408 
1922 2719 3487 3308 
1923 1229 1230 1228 
1924 3522 3523 2394 
1925 2522 4424 3832 
1926 4914 5122 3115 
1927 2416 3568 3032 
1928 1523 1570 1569 
1929 2430 2830 2252 
1930 943 3520 1040 
1931 2698 4737 4508 
1932 2174 2865 2793 
1933 618 3363 591 
1934 2365 2367 2366 
1935 4707 5207 1935 
1936 3384 4096 2319 
1937 2271 2443 2254 
1938 2274 3464 2902 
1939 3449 3450 1332 
1940 3888 3889 3353 
1941 1622 4859 4833 
1942 2319 4096 4040 
1943 3396 3564 635 
1944 2012 3427 2641 
1945 2983 3132 2691 
1946 1927 3240 3239 
1947 3261 3587 452 
1948 620 3380 2411 
1949 3402 3609 1179 
1950 1180 5084 3219 
1951 1227 1229 1228 
1952 3348 3583 1987 
1953 54 3936 53 
1954 1229 1231 1230 
1955 2363 2364 1213 
1956 3140 4719 3000 
1957 3076 3488 2448 
1958 749 3560 3559 
1959 3733 4951 370 
1960 1212 1214 1213 
1961 3397 3564 3396 
1962 2251 3453 1884 
1963 3409 3410 3408 
1964 465 5227 3256 
1965 1496 3530 1495 
1966 3245 3247 3246 
1967 2770 3913 3912 
1968 909 3390 3389 
1969 2950 4907 3274 
1970 3329 3530 1541 
1971 665 3559 663 
1972 3659 4210 1330 
1973 2782 4591 2784 
1974 429 4441 3330 
1975 1214 3324 2363 
1976 1884 3453 1882 
1977 3484 3520 941 
1978 934 4177 2475 
1979 3397 4496 1794 
1980 3164 4736 4723 
1981 1225 3406 1224 
1982 933 3492 935 
1983 2475 4468 3478 
1984 3240 3242 3241 
1985 3448 3449 1246 
1986 1330 3660 3659 
1987 3761 5033 732 
1988 2251 3454 3453 
1989 2756 4096 3384 
1990 3498 3500 3495 
1991 4003 4493 2775 
1992 2367 3047 2713 
1993 3254 3405 3247 
1994 1259 3490 1256 
1995 3350 3353 3352 
1996 1246 3449 1248 
1997 2793 3435 1941 
1998 4623 4664 3903 
1999 2994 3227 2293 
2000 1157 4392 1193 
2001 2360 3465 3464 
2002 2367 2713 2366 
2003 3554 3555 3387 
2004 3752 5249 3189 
2005 3386 4864 374 
2006 4556 4632 2609 
2007 2788 2938 2786 
2008 3485 4056 2008 
2009 1934 4648 3329 
2010 2449 3075 2448 
2011 1374 3311 1377 
2012 105 4610 104 
2013 2456 3298 3297 
2014 1679 5102 1678 
2015 606 3414 613 
2016 1150 1351 1043 
2017 2106 2692 2691 
2018 4857 4883 3722 
2019 2600 5055 4671 
2020 2289 2290 1853 
2021 3481 3482 1055 
2022 4315 4507 3809 
2023 1371 3326 3224 
2024 3456 3457 3454 
2025 911 918 916 
2026 3442 3492 933 
2027 2364 4451 3418 
2028 3483 4311 2822 
2029 5249 5261 3189 
2030 3312 3313 430 
2031 1031 4343 1029 
2032 3413 4620 3451 
2033 1185 4359 3632 
2034 1381 3636 3424 
2035 4052 4120 2576 
2036 1084 3333 3332 
2037 1364 3876 1603 
2038 3488 3732 2259 
2039 1255 3490 1701 
2040 3888 4843 3028 
2041 1022 3481 1055 
2042 606 613 612 
2043 2883 4711 4672 
2044 3719 4539 3952 
2045 1945 2378 2309 
2046 1073 3632 3537 
2047 1852 2289 1853 
2048 2594 4594 1013 
2049 1146 3928 3781 
2050 620 2411 618 
2051 2096 3473 2453 
2052 4559 5117 379 
2053 1665 4829 2390 
2054 3538 3539 1167 
2055 2713 2943 2714 
2056 733 3534 3533 
2057 3426 4244 3871 
2058 2411 3363 618 
2059 1591 2129 1592 
2060 479 480 380 
2061 3257 4458 3259 
2062 3909 4873 413 
2063 938 3484 941 
2064 2892 4456 2594 
2065 1234 1381 1235 
2066 1388 3980 3623 
2067 3189 5261 3188 
2068 3416 4860 2290 
2069 3080 3471 2741 
2070 2576 4120 2173 
2071 1231 1232 1230 
2072 2448 3488 1875 
2073 3086 3087 378 
2074 2968 4925 3029 
2075 2719 3308 3307 
2076 423 2899 2891 
2077 3132 4404 2691 
2078 424 3092 3091 
2079 2411 3380 3365 
2080 2796 4283 3518 
2081 4673 4812 1938 
2082 1221 3388 1349 
2083 1231 1234 1232 
2084 2994 3415 3227 
2085 2892 4457 4456 
2086 1572 1670 1571 
2087 3352 3354 3351 
2088 733 3533 3532 
2089 1557 1559 1378 
2090 3025 3026 2939 
2091 2740 2741 2739 
2092 1355 1523 1522 
2093 1018 3735 3562 
2094 1669 3442 921 
2095 2423 3573 2427 
2096 3516 4411 3549 
2097 3735 3810 3563 
2098 273 3305 272 
2099 5261 5275 3188 
2100 897 1508 907 
2101 2902 3427 2141 
2102 2453 3042 2916 
2103 2129 2455 2130 
2104 2475 3478 926 
2105 1207 4281 3452 
2106 1927 4392 3240 
2107 3085 3088 3086 
2108 909 3389 911 
2109 364 4364 3467 
2110 2409 4663 3268 
2111 2865 3003 2793 
2112 2482 4372 2480 
2113 1381 3424 1235 
2114 921 3442 923 
2115 613 615 614 
2116 663 3559 3535 
2117 2233 3494 3493 
2118 1944 3547 1556 
2119 3315 3316 2694 
2120 3075 3076 2448 
2121 749 3559 665 
2122 4052 4280 3783 
2123 2411 3365 3364 
2124 3855 4118 3859 
2125 3666 4990 474 
2126 1570 4574 1572 
2127 933 935 934 
2128 3103 5004 3218 
2129 3242 3749 3241 
2130 3240 4392 3244 
2131 2027 5277 3221 
2132 928 3479 931 
2133 3612 4290 1444 
2134 3518 4283 1343 
2135 1997 4843 3349 
2136 2283 2874 2454 
2137 3588 4399 2534 
2138 1244 3448 1246 
2139 2233 3493 1546 
2140 1449 4460 4196 
2141 2397 3636 1592 
2142 1805 3553 3470 
2143 2778 3131 2875 
2144 1589 1943 1556 
2145 1382 1386 1381 
2146 2576 4280 4052 
2147 1065 5240 1510 
2148 648 649 631 
2149 600 1356 604 
2150 1235 3424 1237 
2151 648 650 649 
2152 2721 4396 3323 
2153 3470 3553 2484 
2154 1323 3662 3661 
2155 2449 3077 3075 
2156 1387 1591 1386 
2157 410 4935 3764 
2158 3090 3585 377 
2159 3407 3408 3406 
2160 3562 3735 3563 
2161 933 934 926 
2162 1018 4324 3765 
2163 2650 3519 1683 
2164 613 2476 615 
2165 4820 4941 3579 
2166 4081 4711 2883 
2167 3365 3366 3364 
2168 3832 4424 2774 
2169 1217 1218 1216 
2170 918 1669 921 
2171 3356 3394 3393 
2172 750 1180 743 
2173 593 3395 600 
2174 1289 3794 1287 
2175 4332 5055 2600 
2176 1494 3543 1524 
2177 1592 3636 1386 
2178 918 921 920 
2179 3408 3412 3406 
2180 2368 4118 3855 
2181 1193 1355 1354 
2182 635 3564 634 
2183 5155 5157 3158 
2184 1886 2251 1884 
2185 2484 3553 2482 
2186 3076 3732 3488 
2187 2287 3544 2855 
2188 1820 3604 3486 
2189 1591 1592 1386 
2190 357 5146 3165 
2191 2233 3498 3495 
2192 448 5150 3991 
2193 3844 4965 4937 
2194 3682 4743 3316 
2195 2916 2917 2292 
2196 3486 3604 2532 
2197 1179 3609 1090 
2198 2553 4244 3426 
2199 1036 3626 3625 
2200 428 3574 3118 
2201 935 936 934 
2202 2855 3544 3531 
2203 2462 2600 2110 
2204 3024 3699 3025 
2205 3767 4416 3662 
2206 2569 4118 2058 
2207 286 5256 3265 
2208 2874 3296 2454 
2209 2433 2694 2693 
2210 3174 4744 4630 
2211 3632 4359 2767 
2212 634 639 638 
2213 1867 3568 2112 
2214 663 3535 661 
2215 3400 3468 3428 
2216 636 1667 644 
2217 634 638 627 
2218 2805 4347 3452 
2219 1340 3448 1244 
2220 3495 3497 3494 
2221 2513 5157 5155 
2222 738 3396 735 
2223 650 651 649 
2224 3669 5115 3107 
2225 1221 1349 1219 
2226 1683 3519 1681 
2227 1675 4376 1673 
2228 3563 4252 2795 
2229 2283 3130 2874 
2230 2518 4325 2520 
2231 1339 3383 1218 
2232 3502 3561 2034 
2233 3611 4245 1326 
2234 1237 1241 1240 
2235 2695 2775 2501 
2236 1324 3661 1330 
2237 2512 3483 3480 
2238 3657 4188 2471 
2239 2102 2104 1996 
2240 4033 4391 2306 
2241 926 3478 925 
2242 1059 2436 738 
2243 2520 3551 3184 
2244 935 937 936 
2245 2943 2975 2714 
2246 1136 3552 1138 
2247 2129 2130 1592 
2248 3609 3980 1388 
2249 2174 2793 1941 
2250 3520 4627 1040 
2251 4817 4949 3703 
2252 1234 1235 1232 
2253 2264 4408 2102 
2254 2374 3780 2372 
2255 2453 3473 3360 
2256 3081 3082 3080 
2257 1328 3649 1322 
2258 2879 4520 3423 
2259 2282 3705 3529 
2260 615 623 622 
2261 2367 4552 3047 
2262 804 4072 806 
2263 1223 3466 3388 
2264 1962 3847 1963 
2265 3562 4324 1018 
2266 2252 3456 2251 
2267 3402 3483 2512 
2268 3328 4734 2244 
2269 1665 2390 1593 
2270 1059 2470 2436 
2271 3569 3570 2712 
2272 918 920 916 
2273 623 648 631 
2274 1377 1378 1376 
2275 1223 3388 1221 
2276 931 1172 1021 
2277 269 4719 268 
2278 3781 3928 3779 
2279 2433 3315 2694 
2280 3280 4867 1513 
2281 2360 3464 2274 
2282 2455 3134 2130 
2283 1677 3237 2398 
2284 629 3429 636 
2285 1492 3543 1494 
2286 1798 2433 2343 
2287 1963 3847 3846 
2288 613 614 612 
2289 3783 4280 1171 
2290 1036 3625 3624 
2291 3486 4049 1820 
2292 465 4613 3417 
2293 3732 3733 3335 
2294 2787 3489 2791 
2295 3553 4372 2482 
2296 2472 3781 3779 
2297 2861 3140 3000 
2298 1172 1492 1491 
2299 1882 1917 1512 
2300 1239 3804 1796 
2301 2532 3604 2531 
2302 1157 1193 1192 
2303 2436 4769 3397 
2304 2759 3605 2761 
2305 2917 3523 3522 
2306 1241 1242 1240 
2307 956 3624 954 
2308 3557 4957 3558 
2309 2972 4624 4397 
2310 1357 4273 3607 
2311 1088 3609 1388 
2312 3128 5117 4559 
2313 3390 5175 2957 
2314 3493 3496 1934 
2315 1032 1371 1067 
2316 2362 3849 3848 
2317 639 640 638 
2318 2178 3436 2175 
2319 1550 3561 3499 
2320 2362 3848 3847 
2321 3611 4290 3612 
2322 1172 1491 1021 
2323 2129 2456 2455 
2324 1242 1340 1244 
2325 2453 2916 2292 
2326 4871 4887 2973 
2327 575 3545 1497 
2328 1534 1852 1568 
2329 3782 4220 3781 
2330 3604 3610 2531 
2331 1876 3488 2259 
2332 3589 5203 354 
2333 1673 3792 650 
2334 1941 3435 1939 
2335 2447 2448 1875 
2336 937 3484 938 
2337 2531 3610 2535 
2338 747 1063 1061 
2339 577 3545 575 
2340 733 3532 659 
2341 2092 3473 2096 
2342 925 3478 928 
2343 1222 1225 1224 
2344 923 933 926 
2345 1498 4590 3362 
2346 739 1059 738 
2347 2520 4325 3551 
2348 1373 1374 1372 
2349 1358 3787 611 
2350 3662 4416 3661 
2351 3685 3687 3686 
2352 2895 4342 2346 
2353 1955 3046 2248 
2354 615 622 614 
2355 623 631 629 
2356 469 4521 94 
2357 468 4522 262 
2358 1676 1677 1675 
2359 921 923 922 
2360 1492 1493 1491 
2361 2758 3606 2759 
2362 369 3936 54 
2363 53 3936 454 
2364 1333 3516 3514 
2365 3220 4905 2986 
2366 654 655 653 
2367 3191 3260 2677 
2368 1347 3576 1533 
2369 651 653 652 
2370 2421 3573 2423 
2371 1492 1494 1493 
2372 1137 3577 1135 
2373 623 629 622 
2374 937 938 936 
2375 1038 4343 1031 
2376 2685 4837 3576 
2377 1234 1382 1381 
2378 1161 1519 1038 
2379 2436 3397 3396 
2380 2096 2453 2292 
2381 3514 3584 1333 
2382 1534 3391 1852 
2383 1570 1571 1569 
2384 1183 1681 937 
2385 768 1511 642 
2386 447 5215 3357 
2387 2846 3267 2264 
2388 3130 3288 2874 
2389 2362 3847 1962 
2390 654 656 655 
2391 3248 3249 3247 
2392 1494 1495 1493 
2393 3456 4628 3457 
2394 1682 1683 1681 
2395 1228 1238 1226 
2396 1242 1244 1243 
2397 1065 1157 1156 
2398 1676 2133 1677 
2399 2641 4576 3422 
2400 3470 4033 1805 
2401 2982 3573 3571 
2402 1213 3418 1191 
2403 2845 4819 3265 
2404 2759 3606 3605 
2405 1546 3493 1542 
2406 1244 1246 1245 
2407 5060 5165 4029 
2408 2462 3222 2600 
2409 651 3792 654 
2410 1536 2447 1875 
2411 1158 3602 3524 
2412 2890 4399 3588 
2413 1677 2398 1675 
2414 1237 1240 1239 
2415 3549 4411 2031 
2416 1235 1237 1236 
2417 3443 3444 3441 
2418 5048 5116 1500 
2419 1028 1145 1030 
2420 1154 3528 3526 
2421 1133 3540 1134 
2422 1880 2242 1959 
2423 2447 2449 2448 
2424 1963 3846 3629 
2425 2742 3081 3080 
2426 1322 3649 1321 
2427 3517 3577 1187 
2428 3237 3398 2398 
2429 2456 3548 3299 
2430 3478 3479 928 
2431 3250 3251 3249 
2432 1536 1875 1537 
2433 1020 3597 3596 
2434 2274 2902 2141 
2435 1681 3519 3484 
2436 3509 3511 3510 
2437 3524 4231 1158 
2438 3777 3778 2798 
2439 1939 2283 1859 
2440 1154 3552 1136 
2441 659 3532 657 
2442 3770 4388 1444 
2443 1248 1250 1249 
2444 3197 4610 2789 
2445 1410 3747 3746 
2446 3656 4188 3657 
2447 1103 3602 1158 
2448 3764 5121 410 
2449 1135 4211 1132 
2450 1494 1496 1495 
2451 1803 4033 1806 
2452 1086 3709 1083 
2453 1548 3498 2233 
2454 1102 3602 1103 
2455 1246 1248 1247 
2456 921 922 920 
2457 923 925 922 
2458 2134 4252 3563 
2459 1250 1251 1249 
2460 3785 4393 3786 
2461 1020 3598 3597 
2462 1036 3624 956 
2463 3228 3229 2304 
2464 1856 3686 1848 
2465 2703 3436 2178 
2466 923 926 925 
2467 1596 1673 650 
2468 2317 4540 3331 
2469 1876 2259 1878 
2470 2433 2693 2343 
2471 1248 1249 1247 
2472 1542 1934 1541 
2473 4338 4472 1567 
2474 651 654 653 
2475 3499 3501 3500 
2476 2778 5229 3131 
2477 3452 4347 1207 
2478 3927 4063 3153 
2479 2233 3495 3494 
2480 1250 1252 1251 
2481 3509 3510 726 
2482 3368 3369 3366 
2483 1525 1541 1496 
2484 954 3624 3600 
2485 3577 4211 1135 
2486 2095 3473 2090 
2487 4514 4609 2882 
2488 1542 3493 1934 
2489 3613 3614 2281 
2490 1525 1542 1541 
2491 3385 3386 3361 
2492 656 657 655 
2493 3153 4063 3592 
2494 1995 1996 1994 
2495 1674 1675 1673 
2496 3174 3381 2626 
2497 2141 3427 2012 
2498 2287 3941 3544 
2499 737 738 735 
2500 3117 4742 346 
2501 2529 4470 4366 
2502 639 646 640 
2503 1187 3577 1137 
2504 3958 4452 4363 
2505 1252 1253 1251 
2506 2427 3573 2982 
2507 3318 4860 2886 
2508 3047 4552 4484 
2509 1684 1685 1683 
2510 1102 3603 3602 
2511 4529 4530 3293 
2512 1682 1684 1683 
2513 628 634 627 
2514 640 1528 638 
2515 2442 2686 2685 
2516 1246 1247 1245 
2517 3633 4152 3629 
2518 3555 3556 3387 
2519 621 627 620 
2520 3368 3370 3369 
2521 3779 3780 2472 
2522 3526 3552 1154 
2523 651 652 649 
2524 4269 4281 1207 
2525 1229 1233 1231 
2526 934 2475 926 
2527 1681 3484 937 
2528 1187 4326 3517 
2529 1875 3488 1876 
2530 2984 3404 2965 
2531 1244 1245 1243 
2532 1321 3648 2811 
2533 1382 1387 1386 
2534 1321 3649 3648 
2535 1283 4156 1280 
2536 2771 4809 3256 
2537 931 1021 932 
2538 3370 3371 3369 
2539 3578 4218 2568 
2540 3629 4152 1963 
2541 1330 3661 3660 
2542 747 1061 748 
2543 1444 4388 3612 
2544 960 3745 958 
2545 3527 4281 4269 
2546 1387 1593 1591 
2547 619 620 618 
2548 636 3429 1667 
2549 1215 1216 1214 
2550 3610 4245 3611 
2551 661 3535 733 
2552 1183 1682 1681 
2553 2168 4302 3741 
2554 3407 3409 3408 
2555 1102 3617 3603 
2556 3499 3561 3502 
2557 3623 3709 1388 
2558 1443 3794 1289 
2559 2650 4627 3519 
2560 3529 3708 2282 
2561 941 942 940 
2562 2299 4523 1924 
2563 941 943 942 
2564 2830 4628 3456 
2565 2014 4063 3927 
2566 656 658 657 
2567 1265 3646 1263 
2568 644 747 645 
2569 1364 1603 1363 
2570 3377 5192 4267 
2571 1495 1536 1499 
2572 1061 1181 1062 
2573 1287 3794 1333 
2574 2808 3758 3521 
2575 1848 3686 2021 
2576 5004 5115 3669 
2577 2012 2641 2010 
2578 2370 3784 2059 
2579 2811 4103 3791 
2580 2096 2292 2097 
2581 954 3600 952 
2582 928 931 929 
2583 2713 2714 2366 
2584 655 3509 726 
2585 3758 3795 2540 
2586 733 3535 3534 
2587 2090 3473 2092 
2588 3505 3507 3506 
2589 1252 1254 1253 
2590 1186 1363 1185 
2591 1524 1525 1496 
2592 2014 3927 3635 
2593 3096 3101 3097 
2594 1858 1859 1574 
2595 2875 3028 3027 
2596 2088 3554 2095 
2597 3519 3520 3484 
2598 2419 3569 2712 
2599 1603 1866 1604 
2600 935 1183 937 
2601 3781 4220 1146 
2602 3532 3533 3511 
2603 1674 1676 1675 
2604 2472 3780 2374 
2605 1410 3746 3745 
2606 2283 2454 1859 
2607 1532 4642 3457 
2608 3241 4472 4338 
2609 2436 3396 738 
2610 943 944 942 
2611 2941 3419 2940 
2612 1073 1075 1074 
2613 2105 3546 1996 
2614 3834 4330 3541 
2615 646 647 640 
2616 658 659 657 
2617 3668 3669 438 
2618 3607 4273 3606 
2619 1022 1055 1024 
2620 3952 4539 2201 
2621 5 4917 177 
2622 3694 4268 3538 
2623 1543 1546 1542 
2624 1195 5039 3254 
2625 938 941 940 
2626 646 745 647 
2627 1484 4072 804 
2628 259 3668 438 
2629 3619 4218 3578 
2630 658 660 659 
2631 1992 1994 1991 
2632 1548 2233 1546 
2633 3228 3230 3229 
2634 2097 3522 2101 
2635 3367 3368 3366 
2636 1248 1332 1250 
2637 2010 3485 2008 
2638 283 3580 440 
2639 115 3579 439 
2640 1254 1255 1253 
2641 938 940 939 
2642 2454 3876 1859 
2643 1346 3576 1347 
2644 1659 4306 1863 
2645 1020 3596 950 
2646 4692 4701 718 
2647 1172 2029 1492 
2648 1225 3407 3406 
2649 3642 4398 3482 
2650 1075 1076 1074 
2651 3330 3331 3211 
2652 3527 4219 3552 
2653 2029 3543 1492 
2654 4240 4348 3744 
2655 636 644 637 
2656 3648 4103 2811 
2657 92 3666 91 
2658 894 4575 897 
2659 660 661 659 
2660 3398 3400 3399 
2661 3521 4284 2808 
2662 3621 3622 2779 
2663 88 3667 396 
2664 2871 4507 4315 
2665 2641 3485 2010 
2666 3452 4281 3698 
2667 2831 4863 2830 
2668 3669 5274 5004 
2669 3766 4542 2590 
2670 3635 4051 2014 
2671 2362 4165 3849 
2672 1866 2501 1867 
2673 3377 3378 3376 
2674 448 4962 3707 
2675 2808 3795 3758 
2676 943 945 944 
2677 1336 3833 3633 
2678 3695 4051 3635 
2679 2082 3734 2098 
2680 1133 3541 3540 
2681 590 4572 593 
2682 4062 4467 4405 
2683 1075 1077 1076 
2684 2372 3780 2798 
2685 2616 4307 4306 
2686 352 4634 3497 
2687 3503 3504 3501 
2688 1547 1548 1546 
2689 745 1072 746 
2690 4196 4460 3178 
2691 1083 3709 1082 
2692 1347 1533 1360 
2693 1858 1939 1859 
2694 660 662 661 
2695 1495 3530 1536 
2696 3584 4156 1283 
2697 3371 3376 3375 
2698 1685 3068 2650 
2699 3649 4283 2796 
2700 1186 1364 1363 
2701 3223 5222 3070 
2702 1134 3540 1154 
2703 3618 4134 2524 
2704 628 635 634 
2705 3499 3500 3498 
2706 806 4072 809 
2707 3509 3532 3511 
2708 2344 3542 2895 
2709 2817 4229 3566 
2710 3725 3770 2543 
2711 3535 3536 3534 
2712 1237 1239 1236 
2713 3372 3373 3370 
2714 1574 3876 1364 
2715 3365 3367 3366 
2716 3475 3477 3476 
2717 2471 4232 3657 
2718 1551 3561 1550 
2719 1972 3613 2281 
2720 1866 2695 2501 
2721 3778 3784 2798 
2722 1254 1256 1255 
2723 655 726 653 
2724 3833 4152 3633 
2725 2395 2412 2410 
2726 1072 3632 1073 
2727 3765 4324 2515 
2728 1550 3499 3498 
2729 410 5121 3863 
2730 3741 4302 3740 
2731 1242 1243 1240 
2732 1407 3646 1265 
2733 3438 3439 3394 
2734 3371 3377 3376 
2735 1077 1078 1076 
2736 3849 4165 3053 
2737 1875 1876 1537 
2738 3381 4630 422 
2739 1555 1556 1369 
2740 4319 4417 2701 
2741 3541 4330 3540 
2742 1377 3311 1558 
2743 3527 4269 4219 
2744 1077 1079 1078 
2745 3411 3412 3408 
2746 1388 3709 1086 
2747 662 663 661 
2748 1603 1604 1363 
2749 2456 3299 3298 
2750 2101 2394 2393 
2751 440 3651 3650 
2752 3742 4354 3741 
2753 1550 3498 1548 
2754 3633 3956 1336 
2755 1285 3584 1283 
2756 950 3596 948 
2757 5001 5145 3210 
2758 3796 4351 1325 
2759 945 946 944 
2760 2430 2831 2830 
2761 3494 3496 3493 
2762 1079 1080 1078 
2763 1154 3540 3528 
2764 3188 5275 1709 
2765 3844 4943 2385 
2766 3841 4647 4640 
2767 938 939 936 
2768 940 1014 939 
2769 1142 3655 1173 
2770 656 1046 658 
2771 1410 3745 960 
2772 2306 4391 3125 
2773 2123 3621 2779 
2774 2308 5054 4597 
2775 3156 5165 5060 
2776 2088 2095 2090 
2777 1661 3941 2287 
2778 611 3787 608 
2779 113 4917 5 
2780 2798 3780 3777 
2781 4937 4943 3844 
2782 1336 3956 3898 
2783 2079 3708 2481 
2784 745 746 647 
2785 1326 4290 3611 
2786 1333 3584 1285 
2787 3902 4051 3695 
2788 2251 3456 3454 
2789 2416 2997 2417 
2790 1386 3636 1381 
2791 440 3650 282 
2792 3346 3961 2623 
2793 2775 3357 2501 
2794 2378 2773 2478 
2795 3794 4411 3516 
2796 3655 3656 1173 
2797 1934 3329 1541 
2798 1549 1550 1548 
2799 594 618 591 
2800 1079 1081 1080 
2801 2812 4031 3647 
2802 3371 3375 3369 
2803 1075 1167 1077 
2804 3767 4349 1768 
2805 648 1596 650 
2806 1806 4033 2306 
2807 3288 5013 219 
2808 1159 1185 1072 
2809 2791 3138 2792 
2810 3634 3961 3346 
2811 657 3532 3509 
2812 945 947 946 
2813 2364 3418 1213 
2814 662 664 663 
2815 1081 1082 1080 
2816 4732 4746 4065 
2817 3786 4393 2592 
2818 1866 1867 1604 
2819 397 3630 255 
2820 396 3631 87 
2821 621 628 627 
2822 3688 3691 3689 
2823 3593 3595 3594 
2824 1805 4033 1803 
2825 2758 3607 3606 
2826 1337 3902 3695 
2827 3515 3584 3514 
2828 3246 3749 3242 
2829 2092 2096 2094 
2830 4833 4859 3599 
2831 1852 1853 1568 
2832 1543 1547 1546 
2833 2616 4306 1659 
2834 964 3822 962 
2835 2798 3784 2370 
2836 1255 1701 1344 
2837 2480 4372 3524 
2838 1494 1524 1496 
2839 3244 3245 3242 
2840 1536 1537 1499 
2841 271 5269 393 
2842 657 3509 655 
2843 1685 2650 1683 
2844 2460 3180 2125 
2845 947 948 946 
2846 2112 2416 2415 
2847 1263 3646 1338 
2848 3517 4424 2522 
2849 3151 4593 3223 
2850 664 665 663 
2851 3647 4031 3793 
2852 1182 1346 1189 
2853 1184 4218 3619 
2854 3559 3560 3536 
2855 3791 3971 2811 
2856 3267 4408 2264 
2857 1371 1372 1067 
2858 1072 1073 746 
2859 3610 3611 2535 
2860 1924 4523 1671 
2861 3552 4219 1138 
2862 4156 4276 1279 
2863 3619 3814 1184 
2864 947 949 948 
2865 952 3600 1020 
2866 2416 3032 2997 
2867 1703 2125 2123 
2868 3376 3460 3375 
2869 958 3745 1036 
2870 1081 1083 1082 
2871 437 3665 3664 
2872 1398 3645 1693 
2873 982 4655 4650 
2874 1333 3794 3516 
2875 3714 3716 3713 
2876 1391 3765 2515 
2877 260 3668 259 
2878 3593 3594 1017 
2879 479 481 480 
2880 3578 4325 2518 
2881 1097 3617 1099 
2882 1260 3628 1262 
2883 1658 4299 4295 
2884 1159 1186 1185 
2885 2997 3569 2417 
2886 953 3688 1019 
2887 252 3638 376 
2888 3686 3687 2021 
2889 1264 3697 1269 
2890 1235 1236 1232 
2891 3787 4581 608 
2892 1395 3645 1398 
2893 3596 3597 3595 
2894 2444 2446 2445 
2895 1257 1258 1256 
2896 2186 4396 2721 
2897 1525 1543 1542 
2898 759 3755 756 
2899 1446 3656 1449 
2900 949 950 948 
2901 664 666 665 
2902 3009 3459 3008 
2903 1547 1549 1548 
2904 2256 3766 2194 
2905 2417 3569 2419 
2906 3268 4688 1181 
2907 2057 3582 2466 
2908 2194 3766 2196 
2909 2733 4778 2735 
2910 925 928 927 
2911 3684 3686 1856 
2912 1974 3613 1972 
2913 3535 3559 3536 
2914 3402 3980 3609 
2915 2086 3554 2088 
2916 4436 4518 3790 
2917 3325 3876 2454 
2918 4177 4421 2475 
2919 2481 3708 3529 
2920 2492 3623 2497 
2921 746 3565 647 
2922 4802 4882 1690 
2923 2432 3713 3712 
2924 1073 1074 746 
2925 1614 1615 1551 
2926 2432 3712 3711 
2927 4295 4299 2601 
2928 3717 3753 3719 
2929 3638 3639 376 
2930 946 3593 1017 
2931 3598 3599 3597 
2932 601 4113 3461 
2933 1099 3617 1102 
2934 2059 3784 1598 
2935 2004 2940 1974 
2936 3688 3689 1019 
2937 949 951 950 
2938 629 636 630 
2939 1669 4645 3442 
2940 4595 5273 3409 
2941 2416 2417 2415 
2942 402 3580 284 
2943 403 3579 116 
2944 755 3755 3754 
2945 2140 3676 3675 
2946 3695 4094 1337 
2947 2472 3782 3781 
2948 2065 3714 2066 
2949 1328 4283 3649 
2950 3092 3093 3091 
2951 1495 1499 1493 
2952 3607 4348 4240 
2953 1598 4277 1489 
2954 477 4683 4665 
2955 650 3792 651 
2956 1703 2460 2125 
2957 3607 4240 1357 
2958 1060 3736 671 
2959 1260 1261 1259 
2960 402 3581 3580 
2961 3795 4351 3796 
2962 3655 4188 3656 
2963 3725 4388 3770 
2964 1020 3600 3598 
2965 2412 2413 2410 
2966 3799 4139 3800 
2967 943 1040 945 
2968 1525 4260 1543 
2969 1254 1257 1256 
2970 666 667 665 
2971 661 733 659 
2972 1258 1260 1259 
2973 1478 4207 1481 
2974 1491 3642 3481 
2975 1614 3637 1616 
2976 1596 1674 1673 
2977 3566 4229 2116 
2978 3812 4134 3618 
2979 2534 4399 3486 
2980 2140 3677 3676 
2981 3753 3754 3719 
2982 3172 4796 4001 
2983 3656 3657 1449 
2984 3628 3697 1262 
2985 3662 4349 3767 
2986 1036 3745 3626 
2987 3658 3873 2352 
2988 1132 4211 1131 
2989 1255 1344 1253 
2990 1912 3652 2313 
2991 1262 3697 1264 
2992 2140 3675 1625 
2993 3566 4298 2817 
2994 1417 3812 1419 
2995 375 3670 83 
2996 376 3674 251 
2997 1701 1703 1702 
2998 2940 3613 1974 
2999 101 5114 100 
3000 1021 3481 1022 
3001 951 3688 953 
3002 1280 4156 1279 
3003 660 1385 662 
3004 3324 4651 2363 
3005 1004 3727 1007 
3006 3615 3685 3684 
3007 1272 3628 1260 
3008 2981 3620 3066 
3009 1185 3632 1072 
3010 3162 4035 3853 
3011 1181 1182 1062 
3012 670 3750 1439 
3013 2008 4056 2005 
3014 1363 4359 1185 
3015 3690 3879 1019 
3016 2151 4116 3696 
3017 2055 2660 2057 
3018 1061 1062 748 
3019 2492 2495 2493 
3020 1082 2490 1168 
3021 721 3724 724 
3022 759 3756 3755 
3023 1260 1262 1261 
3024 1543 4260 1976 
3025 2490 2492 2491 
3026 1617 2034 1615 
3027 3215 4921 4523 
3028 1014 2538 1588 
3029 2419 2712 2421 
3030 282 3650 281 
3031 737 739 738 
3032 3077 4648 3187 
3033 1058 3822 964 
3034 1258 1259 1256 
3035 3180 3181 2125 
3036 666 668 667 
3037 3122 3434 2918 
3038 1616 1617 1615 
3039 1162 4197 3967 
3040 3800 4139 1039 
3041 756 3755 755 
3042 3182 5227 3416 
3043 1262 1263 1261 
3044 951 952 950 
3045 2076 3708 2079 
3046 3660 3873 3658 
3047 1621 3640 1921 
3048 2540 4365 1828 
3049 1343 4344 3518 
3050 3570 3571 2712 
3051 2065 3715 3714 
3052 2980 3620 2981 
3053 3593 3596 3595 
3054 1368 1369 1208 
3055 946 1017 944 
3056 2918 3035 2451 
3057 1173 3656 1446 
3058 2004 2941 2940 
3059 668 669 667 
3060 117 403 116 
3061 285 402 284 
3062 1830 4222 3627 
3063 1703 2123 1702 
3064 1002 3727 1004 
3065 719 3724 721 
3066 2356 4225 2467 
3067 2122 3008 2119 
3068 1084 1085 1083 
3069 4166 4243 3797 
3070 2287 2855 2620 
3071 437 3664 3663 
3072 755 3754 3753 
3073 3398 3399 2398 
3074 668 3750 670 
3075 1337 4094 3883 
3076 4531 4593 3294 
3077 2660 3582 2057 
3078 3368 3372 3370 
3079 3600 3601 3598 
3080 1060 3737 3736 
3081 1401 4258 3941 
3082 2413 2442 2441 
3083 1279 4276 3647 
3084 2357 2358 2356 
3085 2515 4199 3645 
3086 2357 2959 2358 
3087 2550 4183 3771 
3088 1680 3692 1580 
3089 2432 3711 2068 
3090 1049 3810 1034 
3091 668 670 669 
3092 895 915 893 
3093 2497 2498 2495 
3094 3675 3679 3640 
3095 671 3736 669 
3096 2355 2357 2356 
3097 2490 3623 2492 
3098 1867 2112 2111 
3099 2355 2356 2354 
3100 1549 1551 1550 
3101 3470 4391 4033 
3102 2140 3693 3677 
3103 2590 4542 3574 
3104 283 440 282 
3105 115 439 114 
3106 3372 3379 3373 
3107 2163 3730 3729 
3108 1612 4972 3274 
3109 2492 2497 2495 
3110 3515 4156 3584 
3111 1618 1619 1617 
3112 951 953 952 
3113 2481 2918 2451 
3114 2335 3788 3764 
3115 1421 3821 1515 
3116 745 1159 1072 
3117 91 437 90 
3118 259 438 258 
3119 1262 1264 1263 
3120 2417 2419 2418 
3121 1406 3971 3791 
3122 3452 3698 2674 
3123 1429 3731 1431 
3124 1479 4207 1478 
3125 3689 3690 1019 
3126 747 748 645 
3127 948 3593 946 
3128 3755 3757 3754 
3129 1251 3641 1554 
3130 948 3596 3593 
3131 2708 5136 3671 
3132 3315 4644 3317 
3133 1131 4153 2816 
3134 2079 2481 2451 
3135 3706 3707 3705 
3136 2538 3167 2539 
3137 3576 5244 1533 
3138 769 4919 3320 
3139 1264 1265 1263 
3140 2695 4776 2775 
3141 3834 4288 1838 
3142 3503 4668 3505 
3143 1620 1621 1619 
3144 1772 4053 2543 
3145 2200 2590 2330 
3146 619 621 620 
3147 2941 4056 3421 
3148 2740 2742 2741 
3149 1006 3765 1391 
3150 1390 3688 951 
3151 2941 3420 3419 
3152 2644 4054 3843 
3153 1614 1616 1615 
3154 670 671 669 
3155 2543 4053 3725 
3156 1536 3530 2447 
3157 1085 1087 1086 
3158 1625 3675 1623 
3159 1021 1022 932 
3160 2499 2500 2498 
3161 953 954 952 
3162 3677 3678 3676 
3163 639 1794 646 
3164 2079 2451 2080 
3165 4271 4287 2635 
3166 2623 3961 2824 
3167 254 3630 442 
3168 86 3631 441 
3169 610 4425 1609 
3170 2464 3782 2376 
3171 2959 2960 2358 
3172 2682 3318 2886 
3173 3771 4183 1843 
3174 3386 3567 3361 
3175 953 955 954 
3176 1519 4343 1038 
3177 1087 1088 1086 
3178 2281 3684 1871 
3179 1085 1086 1083 
3180 3704 3705 2282 
3181 2427 2980 2428 
3182 2112 2415 2414 
3183 1081 1084 1083 
3184 437 3663 90 
3185 667 3644 749 
3186 2674 3698 2270 
3187 1267 3955 1407 
3188 3638 3683 3639 
3189 3723 3724 719 
3190 1419 3812 3618 
3191 2590 2934 2330 
3192 2082 2098 2084 
3193 2134 3810 1049 
3194 2288 3817 3816 
3195 2419 2421 2420 
3196 2818 4229 2817 
3197 3385 3387 3386 
3198 949 1390 951 
3199 1144 3655 1142 
3200 3726 3727 1002 
3201 3941 4258 3544 
3202 2597 3234 3233 
3203 1621 1921 1619 
3204 1515 3821 1947 
3205 2855 3037 2620 
3206 3663 3667 89 
3207 1082 1168 1080 
3208 2427 2428 2426 
3209 2423 2427 2426 
3210 2242 2243 1959 
3211 1089 1090 1088 
3212 2359 2360 2274 
3213 89 3667 88 
3214 955 956 954 
3215 2555 4243 4166 
3216 1087 1089 1088 
3217 725 3753 3717 
3218 1398 1401 1400 
3219 2481 3122 2918 
3220 2361 3909 3908 
3221 442 3638 253 
3222 3619 4032 3814 
3223 3063 3865 3864 
3224 895 4317 915 
3225 445 3702 289 
3226 446 3701 121 
3227 3614 3615 2281 
3228 3696 4116 3603 
3229 2163 3731 3730 
3230 670 672 671 
3231 2068 3711 2070 
3232 3624 3625 3601 
3233 962 3822 1410 
3234 2495 2496 2493 
3235 2353 2355 2354 
3236 2497 2499 2498 
3237 1696 3871 1698 
3238 3728 4253 3727 
3239 2816 4181 3821 
3240 2288 3816 3815 
3241 1148 3744 1070 
3242 955 957 956 
3243 2960 3014 3013 
3244 730 3740 3723 
3245 1091 1092 1090 
3246 2492 2493 2491 
3247 1623 3675 3640 
3248 2318 3722 2683 
3249 717 3723 719 
3250 1264 1266 1265 
3251 1258 1272 1260 
3252 1089 1091 1090 
3253 1263 1338 1261 
3254 2485 3748 3742 
3255 2568 4325 3578 
3256 1661 2287 2286 
3257 1914 3652 1912 
3258 931 932 929 
3259 2543 4036 1416 
3260 1701 1702 1344 
3261 1410 3822 3747 
3262 88 396 87 
3263 256 397 255 
3264 4204 4229 2818 
3265 672 673 671 
3266 1258 3772 1272 
3267 1431 3731 2163 
3268 2421 2423 2422 
3269 2287 2620 2286 
3270 4671 5055 3023 
3271 2335 3763 3762 
3272 2376 3782 2472 
3273 4204 4328 3916 
3274 3605 4559 2761 
3275 2040 3907 2042 
3276 769 1065 1064 
3277 2464 3783 3782 
3278 1622 1623 1621 
3279 1085 1155 1087 
3280 1698 3871 3384 
3281 1616 1618 1617 
3282 96 3310 95 
3283 2076 2079 2078 
3284 2196 3766 2200 
3285 1000 3726 1002 
3286 667 749 665 
3287 102 4379 101 
3288 2574 4238 4107 
3289 957 958 956 
3290 1277 3793 1274 
3291 771 4368 4362 
3292 442 3683 3638 
3293 2066 3714 2432 
3294 1686 3693 2140 
3295 3898 3956 2823 
3296 3863 5279 410 
3297 2335 3762 1928 
3298 3600 3624 3601 
3299 1623 3640 1621 
3300 2298 3653 3652 
3301 2512 2513 2500 
3302 3715 3716 3714 
3303 2271 2444 2443 
3304 1618 1620 1619 
3305 1026 4952 1028 
3306 672 674 673 
3307 2282 3708 2074 
3308 2072 3704 2282 
3309 3505 3508 3507 
3310 3360 3361 3042 
3311 666 732 668 
3312 2142 2274 2141 
3313 4363 4452 2909 
3314 2423 2426 2425 
3315 3541 4288 3834 
3316 3784 4277 1598 
3317 254 442 253 
3318 86 441 85 
3319 2335 3764 3763 
3320 759 3785 3756 
3321 3843 4054 3840 
3322 2889 3929 3768 
3323 1982 1983 1679 
3324 3729 4162 2163 
3325 3627 4287 4271 
3326 3891 4109 3892 
3327 1393 3645 1395 
3328 1266 1267 1265 
3329 4122 4162 3729 
3330 1309 3898 1307 
3331 1716 3748 2485 
3332 3770 4036 2543 
3333 705 3830 706 
3334 3654 4213 4188 
3335 2490 2491 1168 
3336 3829 3831 3830 
3337 3647 3793 1277 
3338 91 3666 437 
3339 666 3761 732 
3340 961 3870 1009 
3341 1091 1093 1092 
3342 2361 3908 3907 
3343 1012 3735 1018 
3344 3741 4354 2168 
3345 1615 3561 1551 
3346 957 959 958 
3347 284 3580 283 
3348 116 3579 115 
3349 1409 4124 990 
3350 1439 4067 672 
3351 1004 1006 1005 
3352 952 1020 950 
3353 3811 3812 1417 
3354 2353 2354 2352 
3355 3967 4197 3696 
3356 721 723 722 
3357 669 3736 3644 
3358 3502 3503 3501 
3359 669 3644 667 
3360 1886 2252 2251 
3361 3814 4032 3813 
3362 1096 4314 4209 
3363 1520 1680 1580 
3364 4085 4164 3835 
3365 3827 3828 3826 
3366 3704 3706 3705 
3367 1491 3481 1021 
3368 680 3798 1405 
3369 508 3845 511 
3370 1198 1199 1166 
3371 1352 1520 1353 
3372 2298 3652 1914 
3373 3717 3718 727 
3374 1620 1622 1621 
3375 805 3743 803 
3376 1076 1383 1074 
3377 1297 3883 1295 
3378 1395 1398 1397 
3379 3880 4064 1778 
3380 2499 2512 2500 
3381 3853 4035 2333 
3382 3617 3696 3603 
3383 84 375 83 
3384 252 376 251 
3385 3785 3786 3756 
3386 732 3750 668 
3387 1198 1352 1199 
3388 1624 1625 1623 
3389 2356 2467 2354 
3390 1097 3967 3617 
3391 706 3830 713 
3392 1957 5278 3476 
3393 723 3717 727 
3394 2980 2981 2428 
3395 1002 1004 1003 
3396 719 721 720 
3397 674 675 673 
3398 2427 2982 2980 
3399 4222 4250 2827 
3400 2605 4497 4480 
3401 1250 4486 1252 
3402 1104 3811 1101 
3403 1698 2318 1697 
3404 1693 1694 1401 
3405 2046 3815 2048 
3406 1940 1941 1939 
3407 3892 4109 1045 
3408 4242 4264 1089 
3409 1131 4211 4153 
3410 1390 3691 3688 
3411 3062 5103 3760 
3412 998 3790 1408 
3413 1668 3773 1601 
3414 2371 3895 2373 
3415 1563 3877 1202 
3416 385 3769 119 
3417 3738 3739 2663 
3418 82 3670 443 
3419 250 3674 444 
3420 2042 3907 3818 
3421 1329 1334 1331 
3422 1972 2281 1871 
3423 673 3700 1060 
3424 1334 1341 1335 
3425 3779 3928 3776 
3426 3203 4783 2662 
3427 2806 3432 2805 
3428 2675 2805 2674 
3429 3241 4338 3239 
3430 1391 2515 1393 
3431 1696 1698 1697 
3432 2288 3815 2046 
3433 2117 2298 1914 
3434 1203 3922 1380 
3435 967 3807 970 
3436 1138 1140 1139 
3437 1341 1361 1342 
3438 2319 3722 2318 
3439 2513 2848 2500 
3440 3944 3950 3946 
3441 959 960 958 
3442 1467 3935 3933 
3443 1361 1504 1362 
3444 1336 3898 1309 
3445 1626 1686 1625 
3446 1810 3891 2544 
3447 2373 3895 2611 
3448 1698 2319 2318 
3449 1050 3776 1052 
3450 674 676 675 
3451 1871 3684 1856 
3452 2057 2466 2465 
3453 2346 4342 2348 
3454 2554 3811 1104 
3455 1257 3772 1258 
3456 1859 3876 1574 
3457 953 1019 955 
3458 507 3845 508 
3459 1830 4250 4222 
3460 2074 3708 2076 
3461 3702 3703 386 
3462 1467 4115 3935 
3463 3841 3842 3840 
3464 1942 2174 1941 
3465 4107 4238 1903 
3466 2528 3805 1411 
3467 1323 4275 3662 
3468 3745 3746 3626 
3469 1324 1329 1328 
3470 3661 4416 3660 
3471 1562 3791 1965 
3472 1266 1268 1267 
3473 678 3798 680 
3474 3825 3827 3826 
3475 1928 3762 1688 
3476 3717 3719 3718 
3477 959 3870 961 
3478 3627 4271 1830 
3479 1092 1179 1090 
3480 1140 1142 1141 
3481 648 4414 1596 
3482 1912 2313 1910 
3483 1314 1316 1315 
3484 1398 1693 1401 
3485 1352 1353 1199 
3486 1019 3879 955 
3487 3751 3752 3189 
3488 1337 3883 1297 
3489 3820 3821 1421 
3490 1686 2140 1625 
3491 1006 1391 1005 
3492 1327 3983 3931 
3493 2960 3013 2962 
3494 2361 3907 2040 
3495 2530 3877 1563 
3496 1166 3654 1144 
3497 1004 1005 1003 
3498 1696 1697 1694 
3499 959 961 960 
3500 2042 3818 2044 
3501 1050 1051 1049 
3502 3670 3671 443 
3503 1356 5210 3190 
3504 691 3809 694 
3505 3676 3679 3675 
3506 1138 1139 1137 
3507 288 3702 386 
3508 120 3701 385 
3509 288 386 287 
3510 120 385 119 
3511 1320 1322 1321 
3512 2091 4380 2089 
3513 1520 1580 1353 
3514 684 3850 689 
3515 2419 2420 2418 
3516 2302 3738 2663 
3517 701 3825 705 
3518 2824 4129 3922 
3519 2814 4264 4242 
3520 723 727 722 
3521 1092 4311 1179 
3522 1318 1320 1319 
3523 1070 3744 1069 
3524 2515 3645 1393 
3525 1196 1198 1166 
3526 963 3789 965 
3527 1398 1400 1397 
3528 2827 4189 2828 
3529 1034 3810 1016 
3530 3740 4302 3723 
3531 1794 3643 646 
3532 3961 4129 2824 
3533 1205 3922 1203 
3534 3063 3864 2311 
3535 1268 1270 1267 
3536 4861 5186 471 
3537 717 719 718 
3538 1136 1138 1137 
3539 1247 3682 1379 
3540 2156 3940 2483 
3541 1977 2308 2302 
3542 3768 3929 2380 
3543 1687 1688 1686 
3544 1273 1404 1348 
3545 1082 3709 2490 
3546 2561 4160 4019 
3547 2122 3009 3008 
3548 3065 3751 3189 
3549 1324 1328 1322 
3550 2816 3820 1129 
3551 721 722 720 
3552 1052 1053 1051 
3553 2512 3480 2513 
3554 1831 3758 2540 
3555 1184 3814 1116 
3556 679 4459 4442 
3557 758 760 759 
3558 1688 3693 1686 
3559 646 3643 745 
3560 255 3630 254 
3561 87 3631 86 
3562 961 962 960 
3563 1140 1141 1139 
3564 1048 1050 1049 
3565 1129 3820 1126 
3566 1251 1554 1249 
3567 1688 3762 3693 
3568 1050 1052 1051 
3569 1000 1002 1001 
3570 4366 4470 2872 
3571 2072 2282 2074 
3572 3851 3852 2333 
3573 1307 3898 3897 
3574 3615 3684 2281 
3575 1518 2768 1844 
3576 2208 3903 2654 
3577 673 1060 671 
3578 754 756 755 
3579 1165 1166 1144 
3580 965 3807 967 
3581 1695 1696 1694 
3582 1622 1624 1623 
3583 1012 1018 1008 
3584 1629 4089 1627 
3585 678 680 679 
3586 1863 4306 2055 
3587 2805 3452 2674 
3588 1445 3954 1141 
3589 1054 3928 1146 
3590 4153 4181 2816 
3591 3946 3950 3948 
3592 1318 1319 1316 
3593 644 645 637 
3594 1054 1069 1053 
3595 1329 1331 1328 
3596 3623 3980 2497 
3597 1114 3814 3813 
3598 996 3790 998 
3599 1334 1335 1331 
3600 1007 1008 1006 
3601 3825 3826 705 
3602 3731 4164 4085 
3603 3789 3807 965 
3604 3797 3970 710 
3605 2823 4127 1762 
3606 3839 3841 3840 
3607 961 963 962 
3608 2421 2422 2420 
3609 758 759 756 
3610 2651 3863 3862 
3611 2200 2330 2214 
3612 1707 1708 1705 
3613 1155 4242 1087 
3614 677 678 676 
3615 3795 3796 2540 
3616 2270 3698 2269 
3617 724 725 723 
3618 617 1358 611 
3619 1446 1449 1448 
3620 1429 4164 3731 
3621 1402 3833 1313 
3622 688 3809 691 
3623 1408 3726 1000 
3624 1314 1315 1313 
3625 1016 3735 1012 
3626 3830 3831 713 
3627 1048 1049 1034 
3628 730 3723 717 
3629 754 755 729 
3630 1271 1273 1270 
3631 3874 3875 446 
3632 1624 1626 1625 
3633 1142 1173 1141 
3634 2308 3738 2302 
3635 1341 1342 1335 
3636 1094 1095 1093 
3637 994 3868 993 
3638 783 3835 780 
3639 1965 1967 1966 
3640 1116 3814 1114 
3641 1268 1271 1270 
3642 1052 1054 1053 
3643 924 3743 805 
3644 3799 3800 2529 
3645 2562 4154 4066 
3646 2382 3844 2385 
3647 2200 3766 2590 
3648 2373 2374 2372 
3649 1361 1362 1342 
3650 2371 2373 2372 
3651 2952 3940 3759 
3652 3793 4031 1404 
3653 3808 3809 688 
3654 2320 2321 924 
3655 958 1036 956 
3656 682 3850 684 
3657 977 3839 1423 
3658 2759 2761 2760 
3659 3726 3728 3727 
3660 2377 3925 2632 
3661 2371 2372 2370 
3662 3944 3946 3945 
3663 3891 3892 2544 
3664 2351 2352 2162 
3665 1580 3692 1977 
3666 4367 4415 797 
3667 2485 3741 3740 
3668 1952 3832 2027 
3669 3066 3751 3065 
3670 2551 4095 3933 
3671 1329 4210 1334 
3672 1400 3941 1661 
3673 1073 3537 1075 
3674 2859 2861 2860 
3675 1967 1969 1968 
3676 1114 3813 1111 
3677 2981 3066 3065 
3678 2796 3518 2489 
3679 1320 1321 1319 
3680 2373 2375 2374 
3681 997 3868 994 
3682 2268 2269 2267 
3683 2269 2802 2801 
3684 2318 2683 2509 
3685 678 679 676 
3686 2369 2371 2370 
3687 1425 3900 777 
3688 1052 3928 1054 
3689 3172 4064 3880 
3690 1054 1070 1069 
3691 253 3638 252 
3692 3846 3847 3150 
3693 2566 4185 4108 
3694 725 3717 723 
3695 2315 2316 1874 
3696 1539 3958 1538 
3697 963 964 962 
3698 708 3797 710 
3699 675 4465 3700 
3700 1149 1163 1148 
3701 2802 3527 3526 
3702 3696 4197 2151 
3703 728 729 725 
3704 1312 1314 1313 
3705 2375 2376 2374 
3706 2061 2161 1770 
3707 3321 5067 3232 
3708 1091 1094 1093 
3709 247 3913 358 
3710 3401 4376 3399 
3711 1441 3901 492 
3712 2096 2097 2094 
3713 1341 1370 1361 
3714 2800 3846 3150 
3715 1817 3962 1442 
3716 1727 3945 1725 
3717 757 758 756 
3718 3711 3712 3706 
3719 745 3643 1159 
3720 1404 1583 1348 
3721 2423 2425 2422 
3722 1274 3793 1273 
3723 2315 2458 2316 
3724 3857 3896 3895 
3725 3864 3865 3338 
3726 1901 3851 2333 
3727 3919 4180 3918 
3728 1143 1144 1142 
3729 1097 1098 1096 
3730 2432 3714 3713 
3731 1317 1318 1316 
3732 1002 1003 1001 
3733 2811 3971 1319 
3734 680 681 679 
3735 122 3874 446 
3736 2417 2418 2415 
3737 963 965 964 
3738 753 754 729 
3739 2357 2961 2959 
3740 1009 3789 963 
3741 1319 3971 1316 
3742 1626 1687 1686 
3743 2758 2759 2757 
3744 1264 1269 1266 
3745 2488 2489 1969 
3746 2161 3767 1770 
3747 699 3825 701 
3748 1774 4053 1772 
3749 2583 4369 3279 
3750 1136 1137 1135 
3751 3796 4365 2540 
3752 1141 3954 1139 
3753 3719 3952 3718 
3754 1785 4062 4061 
3755 3845 4292 2525 
3756 1453 2525 1539 
3757 82 443 81 
3758 250 444 249 
3759 2375 2377 2376 
3760 680 682 681 
3761 3627 4222 2596 
3762 1273 1348 1270 
3763 2269 3698 2802 
3764 2377 2464 2376 
3765 988 3861 1409 
3766 1201 3878 1108 
3767 1323 1324 1322 
3768 721 724 723 
3769 1147 1148 1070 
3770 1271 1274 1273 
3771 1790 3806 2328 
3772 1689 1928 1688 
3773 2146 3788 2335 
3774 686 3808 688 
3775 2554 3812 3811 
3776 2369 2370 2059 
3777 1406 3791 1562 
3778 2128 2141 2012 
3779 1313 3833 1311 
3780 1627 4089 2329 
3781 1069 1712 1071 
3782 1211 1212 1191 
3783 1099 1100 1098 
3784 4019 4160 1733 
3785 2816 3821 3820 
3786 653 3590 652 
3787 1069 3744 1712 
3788 2981 3065 3064 
3789 1783 3799 2529 
3790 2375 3925 2377 
3791 2070 3704 2072 
3792 719 720 718 
3793 251 3674 250 
3794 83 3670 82 
3795 2034 3561 1615 
3796 2055 2057 2056 
3797 1095 1097 1096 
3798 2651 3862 2166 
3799 762 763 760 
3800 731 3798 678 
3801 2048 3815 2065 
3802 1057 3776 1050 
3803 1100 1417 1200 
3804 2426 2468 2425 
3805 2070 3711 3704 
3806 766 771 764 
3807 3826 3830 705 
3808 2079 2080 2078 
3809 716 717 715 
3810 1315 1406 1402 
3811 1965 1966 1964 
3812 975 3839 977 
3813 3957 4124 1409 
3814 1011 1012 1008 
3815 2121 2732 2598 
3816 1562 1965 1964 
3817 2311 3864 2108 
3818 1004 1007 1006 
3819 1147 1149 1148 
3820 1352 1521 1520 
3821 3654 3655 1144 
3822 2192 4068 2256 
3823 1707 1710 1708 
3824 1663 3899 1430 
3825 4246 4302 2168 
3826 3921 3922 1205 
3827 2065 3815 3715 
3828 762 764 763 
3829 2526 3864 3338 
3830 1977 3692 2308 
3831 1307 3897 1304 
3832 1404 1584 1583 
3833 1770 3767 1768 
3834 2080 3734 2082 
3835 3838 3839 975 
3836 3791 4103 1965 
3837 1716 2485 1714 
3838 1967 1968 1966 
3839 675 3700 673 
3840 2351 2353 2352 
3841 3660 4416 3873 
3842 3824 3825 699 
3843 1097 1099 1098 
3844 1101 3811 1100 
3845 2673 2674 2270 
3846 2403 3905 3904 
3847 3895 3896 2611 
3848 1120 4254 4157 
3849 682 684 683 
3850 1725 3945 1850 
3851 677 731 678 
3852 674 677 676 
3853 2828 4167 3931 
3854 3828 3829 3826 
3855 1481 4207 1518 
3856 1148 4240 3744 
3857 777 3900 774 
3858 2675 2806 2805 
3859 2348 3015 2639 
3860 3839 3840 1423 
3861 4066 4154 1657 
3862 1969 3823 1968 
3863 3724 4302 4246 
3864 1706 1707 1705 
3865 4837 5244 3576 
3866 3777 3779 3776 
3867 2115 3917 1807 
3868 2063 2988 2755 
3869 2648 4570 3143 
3870 1015 1016 1012 
3871 1210 3921 1205 
3872 3611 3612 2535 
3873 2550 3771 2621 
3874 1095 1096 1093 
3875 1088 1388 1086 
3876 965 966 964 
3877 1693 1695 1694 
3878 1712 2132 2131 
3879 766 772 771 
3880 1315 3971 1406 
3881 2132 2758 2757 
3882 3933 4095 1467 
3883 1295 3883 3882 
3884 682 683 681 
3885 2377 2516 2464 
3886 1714 3740 730 
3887 1584 2107 1583 
3888 2761 2949 2760 
3889 3856 3857 2599 
3890 1929 2146 1928 
3891 2186 2721 2188 
3892 2044 3818 2288 
3893 2361 4038 3909 
3894 780 3835 778 
3895 761 762 760 
3896 1413 2528 1411 
3897 3916 4020 3915 
3898 2522 3832 1952 
3899 670 1439 672 
3900 965 967 966 
3901 3872 4014 3306 
3902 3852 3853 2333 
3903 2321 3743 924 
3904 1653 3884 2396 
3905 2108 2526 2107 
3906 1687 1689 1688 
3907 511 3845 1453 
3908 1747 3906 1746 
3909 1757 3882 2821 
3910 684 686 685 
3911 1033 1034 1016 
3912 1278 1279 1277 
3913 4108 4185 1745 
3914 1968 3823 2463 
3915 1952 2027 1951 
3916 1267 1407 1265 
3917 2988 3071 2755 
3918 1173 1446 1445 
3919 1134 1136 1135 
3920 1099 1101 1100 
3921 2132 2757 2756 
3922 2203 4050 2202 
3923 697 3824 699 
3924 1016 3810 3735 
3925 3776 3928 1052 
3926 1448 1957 1565 
3927 1417 1418 1200 
3928 1417 1419 1418 
3929 998 1408 1000 
3930 1584 2108 2107 
3931 1784 4061 1787 
3932 754 3805 757 
3933 1047 1048 1034 
3934 1108 3878 1106 
3935 2021 3880 1846 
3936 973 3838 975 
3937 3707 5150 448 
3938 2403 3904 1664 
3939 2673 2675 2674 
3940 2960 2962 2358 
3941 1949 1951 1948 
3942 1904 3851 1901 
3943 1798 2343 1799 
3944 1446 1448 1447 
3945 2414 3694 3292 
3946 2485 3740 1714 
3947 2058 2059 1598 
3948 1010 3790 996 
3949 3925 3926 2632 
3950 1639 3968 1637 
3951 2368 2369 2059 
3952 1202 3877 1174 
3953 712 715 714 
3954 3049 3844 2382 
3955 3956 4127 2823 
3956 2332 4431 3521 
3957 2459 2906 2458 
3958 765 766 764 
3959 3842 3843 3840 
3960 1094 1162 1095 
3961 4405 4467 2296 
3962 2108 3864 2526 
3963 776 778 777 
3964 1580 1977 1700 
3965 3019 3923 2402 
3966 967 969 968 
3967 1400 1661 1660 
3968 1720 1734 1718 
3969 684 685 683 
3970 515 3918 513 
3971 1100 1200 1098 
3972 1776 1777 1774 
3973 801 4098 930 
3974 2795 3426 1699 
3975 2799 3846 2800 
3976 4188 4213 2471 
3977 1432 3893 1663 
3978 1416 4036 1276 
3979 2485 3742 3741 
3980 998 1000 999 
3981 2162 3873 2161 
3982 1276 1278 1277 
3983 2822 4311 2844 
3984 2116 4229 2115 
3985 3815 3816 3715 
3986 119 3769 118 
3987 1440 3902 1301 
3988 2380 3929 1780 
3989 3847 3848 3150 
3990 2154 3940 2156 
3991 1785 4061 1784 
3992 437 3666 3665 
3993 3756 3757 3755 
3994 3685 3686 3684 
3995 2526 3338 3336 
3996 1960 1961 1563 
3997 2884 3637 2051 
3998 1134 1135 1132 
3999 1734 3748 1718 
4000 689 3808 686 
4001 2483 3940 2952 
4002 2268 2270 2269 
4003 1710 1711 1708 
4004 3438 4865 462 
4005 1174 1357 1163 
4006 967 968 966 
4007 2826 4012 4011 
4008 995 996 994 
4009 2109 2311 2108 
4010 3507 4148 3506 
4011 2061 2162 2161 
4012 778 1424 777 
4013 1380 1563 1202 
4014 1276 1277 1274 
4015 716 730 717 
4016 1790 2328 1792 
4017 4296 4350 2224 
4018 2166 3862 2148 
4019 1947 1948 1946 
4020 986 3861 988 
4021 1949 1952 1951 
4022 2818 4328 4204 
4023 1380 1960 1563 
4024 1750 3906 1747 
4025 1601 3773 2063 
4026 3092 3094 3093 
4027 3868 4139 3799 
4028 957 3879 1403 
4029 2737 3919 3918 
4030 1273 3793 1404 
4031 1637 3968 2020 
4032 1540 3899 3806 
4033 1776 1779 1777 
4034 1699 3871 1696 
4035 2146 2335 1928 
4036 710 712 711 
4037 3743 4098 803 
4038 4035 4076 1897 
4039 1633 4183 2550 
4040 4640 4647 2657 
4041 1718 3748 1716 
4042 1130 1131 1129 
4043 1105 1106 1104 
4044 2402 3923 2400 
4045 2269 2801 2267 
4046 1960 2235 1961 
4047 4346 4389 2230 
4048 290 445 289 
4049 122 446 121 
4050 776 777 774 
4051 1419 1668 1601 
4052 712 716 715 
4053 1393 1395 1394 
4054 1391 1393 1392 
4055 2394 2395 2393 
4056 3878 4142 4134 
4057 996 998 997 
4058 1291 3882 1757 
4059 90 3663 89 
4060 961 1009 963 
4061 3162 4076 4035 
4062 1947 1949 1948 
4063 4134 4142 2524 
4064 957 1403 959 
4065 3171 3344 2738 
4066 2288 3818 3817 
4067 2147 2148 2146 
4068 3882 3883 2821 
4069 1530 1612 1610 
4070 1743 3894 2294 
4071 1848 2021 1846 
4072 2844 4311 4209 
4073 1406 1562 1561 
4074 686 688 687 
4075 712 3970 716 
4076 2148 3788 2146 
4077 3890 3891 1808 
4078 3065 3189 3188 
4079 1146 1147 1070 
4080 716 3970 1713 
4081 664 3761 666 
4082 1430 3899 1428 
4083 3216 3982 2556 
4084 492 3901 494 
4085 2488 2796 2489 
4086 489 3969 487 
4087 1312 1313 1311 
4088 970 971 969 
4089 1278 1280 1279 
4090 713 3797 708 
4091 3345 3346 2623 
4092 1419 1601 1418 
4093 1095 3967 1097 
4094 705 706 704 
4095 1301 3902 1299 
4096 2148 3862 3788 
4097 992 994 993 
4098 778 3835 1424 
4099 1294 3983 1296 
4100 1069 1071 1053 
4101 1533 1534 1360 
4102 3942 3945 1727 
4103 1977 2302 1978 
4104 1126 3820 1125 
4105 1689 1929 1928 
4106 688 691 690 
4107 717 718 715 
4108 2023 2164 1841 
4109 2759 2760 2757 
4110 1783 2529 1785 
4111 694 695 693 
4112 2827 4250 4189 
4113 3013 3339 2962 
4114 1405 3850 682 
4115 3041 3910 2440 
4116 2941 3421 3420 
4117 2266 2267 2165 
4118 691 693 692 
4119 2382 2385 1750 
4120 1655 3884 1653 
4121 1967 2488 1969 
4122 708 710 709 
4123 1808 3891 1810 
4124 724 728 725 
4125 625 3918 515 
4126 728 753 729 
4127 1105 3885 1107 
4128 1275 1276 1274 
4129 1103 1105 1104 
4130 2312 2338 2311 
4131 1775 1776 1774 
4132 1597 1598 1489 
4133 2632 2633 2516 
4134 2332 3521 1833 
4135 3948 3949 3947 
4136 4209 4314 2844 
4137 686 687 685 
4138 1961 2536 2530 
4139 1964 4165 2362 
4140 2314 2315 1874 
4141 2467 3659 3658 
4142 779 780 778 
4143 2526 3336 2769 
4144 1008 3765 1006 
4145 1772 2543 1416 
4146 1110 1752 1201 
4147 3527 3552 3526 
4148 1100 3811 1417 
4149 3897 3898 2823 
4150 2266 2268 2267 
4151 1103 1104 1101 
4152 3978 3982 3216 
4153 1121 1123 1120 
4154 2385 3906 1750 
4155 1781 3799 1783 
4156 3718 3952 3721 
4157 2515 4324 4199 
4158 2802 3526 2801 
4159 2352 3873 2162 
4160 1448 4196 1957 
4161 982 3838 973 
4162 3946 3947 1850 
4163 1119 1120 1118 
4164 3084 3463 2624 
4165 3629 3846 2799 
4166 1113 3915 1115 
4167 2401 2402 2400 
4168 2401 2799 2402 
4169 754 757 756 
4170 1711 2153 2152 
4171 3981 4054 2545 
4172 2568 4218 2838 
4173 773 774 772 
4174 1426 1428 1427 
4175 760 3785 759 
4176 2799 2800 2402 
4177 706 708 707 
4178 3931 3983 3962 
4179 966 3869 1058 
4180 2112 2414 2111 
4181 1705 4197 1162 
4182 680 1405 682 
4183 1453 1539 1538 
4184 1117 1118 1116 
4185 775 776 774 
4186 1515 1946 1599 
4187 1778 4064 1776 
4188 2153 2284 2154 
4189 1124 1125 1123 
4190 1477 2183 1479 
4191 1107 1108 1106 
4192 2481 3529 3122 
4193 967 970 969 
4194 1125 1421 1176 
4195 1453 3845 2525 
4196 1128 1129 1126 
4197 2063 2755 2064 
4198 3099 3110 3109 
4199 1424 1426 1425 
4200 3904 3965 1664 
4201 3962 3983 1442 
4202 1421 1515 1422 
4203 1311 3833 1336 
4204 2210 3903 2208 
4205 753 3805 754 
4206 1413 2936 2528 
4207 1562 1964 1962 
4208 3426 3871 1699 
4209 3824 3827 3825 
4210 1752 1754 1753 
4211 3614 3616 3615 
4212 2800 3150 3149 
4213 1515 1947 1946 
4214 1007 1011 1008 
4215 1807 3917 1804 
4216 1929 2147 2146 
4217 3801 3802 2766 
4218 1158 3885 1105 
4219 2516 4120 4052 
4220 1115 1116 1114 
4221 990 992 991 
4222 992 995 994 
4223 1540 3806 1790 
4224 758 761 760 
4225 1779 1780 1777 
4226 703 3890 1808 
4227 3354 3356 3355 
4228 684 689 686 
4229 702 3824 697 
4230 2338 3063 2311 
4231 2153 2154 2152 
4232 1164 1174 1163 
4233 3306 4014 2508 
4234 3854 3856 2599 
4235 3836 3837 770 
4236 1051 2134 1049 
4237 971 973 972 
4238 2066 2432 2068 
4239 2599 3895 2371 
4240 2440 3910 2438 
4241 2765 2884 2051 
4242 706 713 708 
4243 3062 3760 3759 
4244 993 3868 1781 
4245 1111 3813 1110 
4246 973 975 974 
4247 3854 3858 3856 
4248 1066 3973 687 
4249 1901 2333 1899 
4250 1106 3878 2554 
4251 1428 3899 1540 
4252 1174 3877 1357 
4253 1760 3897 2823 
4254 1130 1132 1131 
4255 1000 1001 999 
4256 1754 1756 1755 
4257 2622 2623 1919 
4258 3943 3944 3942 
4259 1109 1110 1108 
4260 2391 2738 2380 
4261 2518 2520 2519 
4262 985 986 984 
4263 683 3836 770 
4264 444 3912 249 
4265 1279 3647 1277 
4266 2517 2518 1756 
4267 988 1409 990 
4268 1833 3758 1831 
4269 1831 2540 1828 
4270 3949 3987 3986 
4271 729 3753 725 
4272 691 694 693 
4273 995 1010 996 
4274 962 1410 960 
4275 289 3702 288 
4276 121 3701 120 
4277 1951 3801 2766 
4278 2153 3886 2684 
4279 4011 4012 2158 
4280 1781 3868 3799 
4281 2015 2401 2400 
4282 501 624 503 
4283 3838 3841 3839 
4284 1149 1164 1163 
4285 1766 1768 1764 
4286 2302 2663 2326 
4287 1841 3834 1838 
4288 494 3901 498 
4289 1304 3897 1303 
4290 4306 4307 2660 
4291 2339 2340 2338 
4292 1105 1107 1106 
4293 2549 4080 4039 
4294 2684 3062 2284 
4295 701 705 704 
4296 695 697 696 
4297 1576 3921 1210 
4298 1403 3870 959 
4299 1695 1699 1696 
4300 2736 2737 625 
4301 2737 3918 625 
4302 3885 4079 1107 
4303 1310 3951 1312 
4304 2149 2166 2148 
4305 1013 3861 986 
4306 1125 3820 1421 
4307 3157 3342 2479 
4308 697 699 698 
4309 1084 4464 3333 
4310 1310 1311 1309 
4311 2520 3184 2825 
4312 975 977 976 
4313 1284 1285 1283 
4314 688 690 687 
4315 2333 4035 1899 
4316 2109 2312 2311 
4317 1131 2816 1129 
4318 1775 1778 1776 
4319 3704 3711 3706 
4320 3914 3915 1153 
4321 1102 1103 1101 
4322 2051 3637 1614 
4323 1302 1303 1301 
4324 1310 1312 1311 
4325 1203 1380 1202 
4326 3945 3946 1850 
4327 2643 3903 2210 
4328 966 1058 964 
4329 1308 1309 1307 
4330 1968 2463 2337 
4331 2048 2065 2050 
4332 1119 1121 1120 
4333 1752 1753 1201 
4334 1470 2320 924 
4335 1428 1540 1427 
4336 2369 3854 2599 
4337 691 692 690 
4338 1821 3962 1817 
4339 2196 2200 2198 
4340 1128 1130 1129 
4341 2023 2165 2164 
4342 487 3969 490 
4343 2006 2676 2575 
4344 1162 3967 1095 
4345 2545 4054 2644 
4346 1286 1287 1285 
4347 2063 3773 2988 
4348 695 702 697 
4349 762 3887 765 
4350 1935 3893 1434 
4351 2838 4218 4157 
4352 3840 4054 1423 
4353 1553 4099 1399 
4354 1117 1119 1118 
4355 3857 3895 2599 
4356 1300 1301 1299 
4357 1275 1416 1276 
4358 2738 3768 2380 
4359 2132 2756 2131 
4360 1711 2152 2151 
4361 1706 1709 1707 
4362 1779 2380 1780 
4363 971 982 973 
4364 955 3879 957 
4365 2435 3002 2235 
4366 1271 1275 1274 
4367 2115 4204 3917 
4368 2904 4756 2950 
4369 701 704 703 
4370 699 701 700 
4371 2015 2400 2399 
4372 1306 1307 1304 
4373 1538 3958 1925 
4374 996 997 994 
4375 1434 3893 1432 
4376 1610 2135 1611 
4377 1712 2131 1071 
4378 1762 2015 2013 
4379 1584 2109 2108 
4380 1240 3804 1239 
4381 981 984 983 
4382 2622 3345 2623 
4383 1110 1201 1108 
4384 1048 1057 1050 
4385 1121 1124 1123 
4386 1199 3654 1166 
4387 1175 1202 1174 
4388 1315 1402 1313 
4389 1296 3983 1327 
4390 1199 4213 3654 
4391 687 3973 685 
4392 2027 3801 1951 
4393 1754 1755 1753 
4394 2801 4078 2267 
4395 2391 3171 2738 
4396 1124 1126 1125 
4397 1115 1117 1116 
4398 979 981 980 
4399 2138 2933 2404 
4400 4943 4961 2385 
4401 2354 3658 2352 
4402 1811 4102 1814 
4403 2167 2474 2166 
4404 2715 3362 2547 
4405 494 498 496 
4406 1303 1760 1440 
4407 998 999 997 
4408 683 770 681 
4409 248 3913 247 
4410 2931 4417 4319 
4411 2147 2149 2148 
4412 1106 2554 1104 
4413 1429 1430 1428 
4414 988 990 989 
4415 2154 2156 2155 
4416 977 979 978 
4417 1298 1299 1297 
4418 1432 1663 1430 
4419 973 974 972 
4420 1846 3880 1778 
4421 3829 3830 3826 
4422 3065 3188 3064 
4423 1426 1427 1425 
4424 2800 3149 3019 
4425 2803 3517 2522 
4426 1760 1762 1761 
4427 1713 1714 730 
4428 1413 3920 2936 
4429 1011 1015 1012 
4430 1139 1187 1137 
4431 3423 4520 357 
4432 3062 3759 2284 
4433 1746 3894 1743 
4434 2521 2522 1952 
4435 981 985 984 
4436 1314 1317 1316 
4437 1110 3813 1752 
4438 511 1453 643 
4439 3946 3948 3947 
4440 1951 2766 1948 
4441 2206 4050 2203 
4442 2376 2472 2374 
4443 2483 2484 2482 
4444 2156 2482 2480 
4445 1723 3988 1721 
4446 1107 1109 1108 
4447 3263 3264 2661 
4448 2341 2342 2340 
4449 971 972 969 
4450 1288 1289 1287 
4451 624 1530 1485 
4452 1119 3953 1121 
4453 1530 1610 1531 
4454 2312 2339 2338 
4455 1757 1759 1758 
4456 1057 3777 3776 
4457 1291 1757 1443 
4458 2550 2621 2617 
4459 985 1013 986 
4460 1419 3618 1668 
4461 2307 3942 1729 
4462 2164 3834 1841 
4463 2810 3927 3153 
4464 3521 3758 1833 
4465 2518 2519 1756 
4466 2369 2599 2371 
4467 3357 3568 2501 
4468 782 783 780 
4469 1891 2629 2628 
4470 3933 3935 3934 
4471 3760 5103 236 
4472 975 976 974 
4473 1296 1297 1295 
4474 1759 2032 2030 
4475 1284 1286 1285 
4476 1300 1302 1301 
4477 1698 3384 2319 
4478 1015 1033 1016 
4479 911 916 912 
4480 1282 1284 1283 
4481 986 988 987 
4482 981 3981 985 
4483 2520 2825 2519 
4484 1125 1176 1123 
4485 1287 1333 1285 
4486 1109 1111 1110 
4487 2373 2611 2375 
4488 2517 3578 2518 
4489 1118 1184 1116 
4490 2463 3142 2987 
4491 1281 1282 1280 
4492 1302 1304 1303 
4493 1113 1115 1114 
4494 1018 3765 1008 
4495 1421 1422 1176 
4496 1704 1705 1162 
4497 1760 2823 1762 
4498 1113 1114 1111 
4499 762 765 764 
4500 712 714 711 
4501 4039 4080 1464 
4502 776 779 778 
4503 3170 4106 598 
4504 2828 4189 4167 
4505 1303 3897 1760 
4506 1406 1561 1402 
4507 782 784 783 
4508 3818 3819 3817 
4509 1299 3902 1337 
4510 2032 2438 2437 
4511 3914 3916 3915 
4512 985 3981 2545 
4513 1282 1283 1280 
4514 2342 3058 2340 
4515 968 3869 966 
4516 2439 2440 2438 
4517 977 1423 979 
4518 2153 2684 2284 
4519 1286 3932 1288 
4520 1033 1047 1034 
4521 2438 3910 3045 
4522 2981 3064 2428 
4523 1306 1308 1307 
4524 1268 4236 4216 
4525 2307 3943 3942 
4526 2372 2798 2370 
4527 1423 3981 979 
4528 2809 2810 2440 
4529 2681 2935 2643 
4530 774 3900 772 
4531 2826 4011 2519 
4532 781 782 780 
4533 1298 1300 1299 
4534 1290 1291 1289 
4535 2536 3128 2537 
4536 1780 2160 2159 
4537 1515 1599 1422 
4538 1389 4349 4275 
4539 3020 3136 2381 
4540 2459 2928 2906 
4541 2932 3216 2556 
4542 1308 1310 1309 
4543 2208 2654 2206 
4544 1153 3915 1113 
4545 1925 2408 2406 
4546 2156 2483 2482 
4547 1729 3942 1727 
4548 2058 2368 2059 
4549 3777 3780 3779 
4550 3797 4243 3970 
4551 1099 1102 1101 
4552 1754 2517 1756 
4553 2810 3152 3041 
4554 2160 2504 2503 
4555 1278 1281 1280 
4556 1743 2294 1741 
4557 2581 4321 2583 
4558 2149 2167 2166 
4559 1957 3984 1565 
4560 2483 2716 2484 
4561 1918 1919 1576 
4562 1436 1935 1434 
4563 123 3874 122 
4564 362 3874 123 
4565 1711 2151 1708 
4566 2474 2651 2166 
4567 1715 1716 1714 
4568 695 696 693 
4569 3959 4074 3960 
4570 2315 2459 2458 
4571 1426 1429 1428 
4572 706 707 704 
4573 990 4124 992 
4574 4386 4388 2502 
4575 2450 2776 2133 
4576 2629 2630 2628 
4577 1286 1288 1287 
4578 2504 2505 2503 
4579 2519 4011 1756 
4580 1850 3988 1723 
4581 1311 1336 1309 
4582 2212 2643 2210 
4583 3813 4032 1752 
4584 763 3785 760 
4585 2813 3629 2799 
4586 1779 2391 2380 
4587 1961 2530 1563 
4588 992 993 991 
4589 1757 1758 1443 
4590 710 711 709 
4591 2850 2852 2851 
4592 3528 4078 2801 
4593 1296 1298 1297 
4594 1326 3932 1286 
4595 2368 3854 2369 
4596 3516 3549 2514 
4597 2156 2480 2155 
4598 1823 3930 1821 
4599 1446 1447 1445 
4600 1918 2622 1919 
4601 1133 4227 3541 
4602 1103 1158 1105 
4603 773 775 774 
4604 2701 3566 2116 
4605 1759 2030 1758 
4606 2716 2717 2484 
4607 1133 1134 1132 
4608 779 781 780 
4609 2032 2437 2030 
4610 2160 2503 2502 
4611 1597 2058 1598 
4612 1873 1874 1502 
4613 1424 1425 777 
4614 1780 2159 1777 
4615 1291 1443 1289 
4616 1769 1770 1768 
4617 1054 1146 1070 
4618 2852 3276 2853 
4619 1093 4209 1092 
4620 1967 4103 2488 
4621 3486 4399 4049 
4622 783 4085 3835 
4623 1448 1565 1447 
4624 2336 3048 2320 
4625 685 3836 683 
4626 1573 1574 1364 
4627 977 978 976 
4628 2810 3153 3152 
4629 2400 3923 3031 
4630 2339 2341 2340 
4631 4117 4179 1475 
4632 1801 3914 1153 
4633 2438 3045 2437 
4634 1925 3958 2408 
4635 1721 3988 1854 
4636 2661 3968 1639 
4637 2527 3020 2381 
4638 1303 1440 1301 
4639 2439 2809 2440 
4640 2557 2827 2171 
4641 1711 3886 2153 
4642 2889 2953 2508 
4643 565 4106 1483 
4644 1299 1337 1297 
4645 2377 2632 2516 
4646 1324 1330 1329 
4647 1401 3941 1400 
4648 2015 2399 2013 
4649 1292 3882 1291 
4650 697 698 696 
4651 3635 3927 2809 
4652 2505 2507 2506 
4653 2809 3927 2810 
4654 1295 3882 1292 
4655 3336 3337 2769 
4656 4157 4254 2838 
4657 708 709 707 
4658 2381 3884 1655 
4659 1411 3805 753 
4660 763 4393 3785 
4661 1173 1445 1141 
4662 1710 3886 1711 
4663 761 3887 762 
4664 2032 2439 2438 
4665 3944 3945 3942 
4666 1294 1295 1292 
4667 1294 1296 1295 
4668 1140 1143 1142 
4669 766 773 772 
4670 2623 2824 1919 
4671 1757 2821 1759 
4672 2504 2508 2505 
4673 3949 3986 3947 
4674 1288 1290 1289 
4675 979 980 978 
4676 1754 4032 2517 
4677 2400 3031 2399 
4678 2160 2502 2159 
4679 981 983 980 
4680 1320 1323 1322 
4681 3883 4094 2821 
4682 2331 2332 1833 
4683 1760 1761 1440 
4684 490 1441 492 
4685 1868 2110 1684 
4686 2044 2288 2046 
4687 1762 2013 1761 
4688 1365 3965 1366 
4689 2022 2023 1841 
4690 4061 4062 2629 
4691 1832 1833 1831 
4692 2504 3929 2889 
4693 2114 2116 2115 
4694 785 786 784 
4695 2507 2532 2531 
4696 1840 1841 1838 
4697 2810 3041 2440 
4698 1804 3914 1801 
4699 2318 2509 1697 
4700 1281 1444 1282 
4701 1755 4011 2158 
4702 699 700 698 
4703 1829 1831 1828 
4704 1893 2381 1655 
4705 786 787 784 
4706 1810 2544 1812 
4707 2546 2715 2547 
4708 2114 2115 1807 
4709 1316 3971 1315 
4710 986 987 984 
4711 1290 1292 1291 
4712 990 991 989 
4713 755 3753 729 
4714 2154 2155 2152 
4715 1362 1607 1535 
4716 2479 4089 1629 
4717 2546 2547 1930 
4718 2611 3925 2375 
4719 1633 2550 2239 
4720 3877 4273 1357 
4721 2675 3975 2806 
4722 1812 4102 1811 
4723 3052 3170 598 
4724 1664 3965 1365 
4725 1849 4202 2591 
4726 1937 2171 1823 
4727 1270 3955 1267 
4728 2181 4162 4122 
4729 1247 1379 1245 
4730 2065 2066 2050 
4731 2517 4032 3619 
4732 2032 4017 2439 
4733 1366 3965 1578 
4734 2229 3959 2231 
4735 791 2604 919 
4736 3729 3730 2819 
4737 3912 3913 248 
4738 2507 2531 2506 
4739 1937 2557 2171 
4740 2924 4091 2217 
4741 2800 3019 2402 
4742 766 4086 773 
4743 3932 4058 1288 
4744 2541 2631 1010 
4745 2923 2924 2217 
4746 2825 3139 2826 
4747 2821 4017 1759 
4748 1147 1171 1149 
4749 2516 4052 2464 
4750 1442 3983 1294 
4751 1431 1432 1430 
4752 2717 3470 2484 
4753 2130 2397 1592 
4754 1562 1962 1561 
4755 2556 4018 1932 
4756 2526 2769 2107 
4757 776 4088 779 
4758 2551 3933 2900 
4759 2464 4052 3783 
4760 696 4059 693 
4761 2192 2256 2194 
4762 456 4922 4021 
4763 2827 2828 2171 
4764 2716 2879 2717 
4765 3959 3960 2903 
4766 1112 1113 1111 
4767 1717 1718 1716 
4768 4017 4094 2815 
4769 1849 2591 2588 
4770 1804 3917 3914 
4771 2574 2679 2678 
4772 2533 2534 2532 
4773 1803 1804 1801 
4774 881 903 879 
4775 2490 3709 3623 
4776 2231 3959 2238 
4777 3930 3962 1821 
4778 1857 1858 1574 
4779 2145 2699 1956 
4780 782 785 784 
4781 2545 2594 1013 
4782 483 4110 485 
4783 710 3970 712 
4784 2439 4017 2815 
4785 490 3969 1441 
4786 1755 2158 2157 
4787 1964 2362 1962 
4788 722 3774 1041 
4789 2385 4961 3906 
4790 2683 3531 2509 
4791 541 4095 2551 
4792 2504 2889 2508 
4793 2644 2892 2594 
4794 2507 2533 2532 
4795 2721 2722 2188 
4796 1075 3537 1167 
4797 2527 3161 3020 
4798 1960 2435 2235 
4799 2534 3486 2532 
4800 3907 3908 3819 
4801 2507 4014 2533 
4802 701 703 700 
4803 2642 3966 1456 
4804 481 482 480 
4805 3698 4281 2802 
4806 2533 4014 3872 
4807 1613 1614 1551 
4808 1518 1844 1691 
4809 988 989 987 
4810 1796 1798 1797 
4811 3136 3884 2381 
4812 1653 2396 1651 
4813 1127 1128 1126 
4814 1773 1774 1772 
4815 1578 3965 2546 
4816 2238 2903 2877 
4817 1607 2322 1892 
4818 1284 1326 1286 
4819 1719 1720 1718 
4820 1269 4236 1266 
4821 2894 3627 2596 
4822 1305 1306 1304 
4823 1134 1154 1136 
4824 2452 2948 2143 
4825 1788 3979 1786 
4826 841 4090 2552 
4827 3818 3907 3819 
4828 2505 2506 2503 
4829 1580 1700 1353 
4830 2486 2556 1932 
4831 2033 2850 2849 
4832 1048 4130 1057 
4833 1731 2307 1729 
4834 606 612 607 
4835 1844 2431 2386 
4836 2125 3621 2123 
4837 1643 4149 2558 
4838 2903 2978 2877 
4839 784 4013 783 
4840 1721 1854 1720 
4841 3377 4267 3378 
4842 1458 2642 1456 
4843 1968 2337 1966 
4844 3731 4085 3730 
4845 2480 3524 2804 
4846 2284 3940 2154 
4847 3933 3934 2900 
4848 1014 1588 939 
4849 1325 3951 1310 
4850 2238 3959 2903 
4851 1578 2546 1930 
4852 1071 4163 1053 
4853 1164 1175 1174 
4854 1773 1775 1774 
4855 1461 4059 696 
4856 1893 2527 2381 
4857 2751 4071 597 
4858 987 4060 984 
4859 1780 3929 2160 
4860 685 3973 3836 
4861 571 4299 1658 
4862 3835 4164 1424 
4863 1999 4015 2001 
4864 1837 1838 1835 
4865 1803 1806 1804 
4866 2265 2266 2165 
4867 1175 1203 1202 
4868 1827 1828 1825 
4869 3264 3968 2661 
4870 3198 3974 2379 
4871 2508 4014 2505 
4872 1321 2811 1319 
4873 1139 3954 1187 
4874 1429 1431 1430 
4875 3524 4372 4231 
4876 3904 3905 2715 
4877 2060 2061 1770 
4878 2160 3929 2504 
4879 2815 3635 2809 
4880 993 1781 1056 
4881 1293 1294 1292 
4882 3947 3988 1850 
4883 1453 1538 643 
4884 2815 4094 3695 
4885 1889 3979 1788 
4886 2238 2877 2876 
4887 2135 2136 1611 
4888 2001 4015 2035 
4889 2435 3634 3002 
4890 2165 4078 2164 
4891 1854 3988 3986 
4892 2018 4099 1553 
4893 2488 4103 3648 
4894 2700 2701 2116 
4895 2662 3263 2661 
4896 2978 3467 2877 
4897 1450 4060 987 
4898 3147 3976 2305 
4899 3671 3672 443 
4900 983 2586 1152 
4901 2028 4082 1645 
4902 2533 2607 2534 
4903 2483 2952 2716 
4904 1647 2028 1645 
4905 1601 2063 1602 
4906 779 4088 1452 
4907 1109 1112 1111 
4908 1783 1785 1784 
4909 1581 4110 483 
4910 3718 3721 3720 
4911 2499 3402 2512 
4912 1196 1345 1198 
4913 3915 4020 1115 
4914 2841 3979 1889 
4915 1781 1783 1782 
4916 2562 2657 2655 
4917 2276 4046 2277 
4918 2607 3588 2534 
4919 1806 1807 1804 
4920 245 4004 244 
4921 244 4004 418 
4922 1815 3972 1813 
4923 2581 2583 2582 
4924 2220 2841 1889 
4925 2357 3775 2961 
4926 1771 1772 1416 
4927 3730 4085 4013 
4928 979 3981 981 
4929 1819 1821 1817 
4930 3890 4109 3891 
4931 4013 4085 783 
4932 1357 4240 1163 
4933 2546 3965 3904 
4934 567 4106 565 
4935 1165 1196 1166 
4936 690 1066 687 
4937 569 598 567 
4938 2836 4189 1826 
4939 1540 1790 1789 
4940 358 4005 246 
4941 1599 2276 1600 
4942 773 4086 1460 
4943 1204 1205 1203 
4944 2953 3306 2508 
4945 3730 4013 2819 
4946 1366 1576 1210 
4947 2401 2813 2799 
4948 2819 4013 787 
4949 976 1042 974 
4950 1610 1611 1531 
4951 2277 4046 2762 
4952 2477 2514 2341 
4953 1051 4163 2134 
4954 692 3937 690 
4955 245 4005 4004 
4956 1143 1165 1144 
4957 789 2819 787 
4958 3922 4129 1380 
4959 2561 2614 2612 
4960 1949 2521 1952 
4961 3914 3917 3916 
4962 2807 4038 2036 
4963 2315 4146 2459 
4964 3514 3516 2514 
4965 1317 1389 1318 
4966 1725 1850 1723 
4967 2828 3931 3930 
4968 690 3937 1066 
4969 1118 4157 1184 
4970 485 489 487 
4971 1122 3953 1119 
4972 1578 1930 1579 
4973 3515 4276 4156 
4974 703 1808 1068 
4975 2486 2932 2556 
4976 2872 2873 2018 
4977 821 4126 1471 
4978 2171 3930 1823 
4979 4046 4047 2762 
4980 1756 4011 1755 
4981 1936 1937 1823 
4982 807 924 805 
4983 1423 4054 3981 
4984 1577 1918 1576 
4985 3648 3649 2796 
4986 1641 2661 1639 
4987 128 3995 127 
4988 127 3995 415 
4989 2255 2880 2167 
4990 409 3999 132 
4991 624 1485 503 
4992 1481 1518 1516 
4993 841 2552 889 
4994 1204 1209 1205 
4995 2850 2851 2849 
4996 1643 2558 2250 
4997 551 4080 2549 
4998 3996 3997 363 
4999 2566 2637 2636 
5000 2672 2673 2270 
5001 2277 2762 2279 
5002 2113 2114 1807 
5003 787 4013 784 
5004 4200 4231 2567 
5005 2463 2987 2337 
5006 1433 1434 1432 
5007 1293 1442 1294 
5008 2379 3974 2113 
5009 4167 4208 1327 
5010 1415 4288 4227 
5011 2552 3057 2664 
5012 2833 4179 4117 
5013 1692 2403 1664 
5014 1977 1978 1700 
5015 1919 3921 1576 
5016 132 3999 131 
5017 1209 1384 1365 
5018 541 2551 583 
5019 782 3966 785 
5020 3724 4246 724 
5021 3996 3998 3997 
5022 1290 1293 1292 
5023 976 3963 1042 
5024 3821 4181 1947 
5025 2036 4038 2038 
5026 1704 1706 1705 
5027 131 3996 130 
5028 130 3996 363 
5029 3938 3939 2542 
5030 2505 4014 2507 
5031 1296 1327 1298 
5032 2654 4050 2206 
5033 246 4005 245 
5034 1384 1664 1365 
5035 2030 2031 1758 
5036 2758 4348 3607 
5037 1426 4164 1429 
5038 1822 1823 1821 
5039 1552 2581 2016 
5040 2595 2596 2557 
5041 131 3999 3996 
5042 2607 3589 3588 
5043 2852 2853 2851 
5044 2825 2826 2519 
5045 2839 3972 2000 
5046 1112 1153 1113 
5047 561 1475 586 
5048 349 3990 225 
5049 225 3990 224 
5050 52 4002 51 
5051 454 4002 52 
5052 308 3991 382 
5053 308 382 307 
5054 304 4007 365 
5055 301 413 300 
5056 323 350 322 
5057 305 4007 304 
5058 224 3990 447 
5059 188 380 189 
5060 309 3991 308 
5061 350 3994 322 
5062 184 379 185 
5063 20 377 21 
5064 142 368 141 
5065 16 378 17 
5066 322 3994 321 
5067 321 3994 457 
5068 67 353 66 
5069 79 355 78 
5070 18 424 19 
5071 73 354 72 
5072 187 478 188 
5073 228 450 227 
5074 230 381 229 
5075 233 451 232 
5076 321 457 320 
5077 160 370 159 
5078 70 412 69 
5079 76 407 75 
5080 156 404 155 
5081 234 3992 233 
5082 224 447 223 
5083 151 455 150 
5084 158 449 157 
5085 51 4002 384 
5086 310 448 309 
5087 238 406 237 
5088 318 374 317 
5089 306 453 305 
5090 448 3991 309 
5091 55 369 54 
5092 351 3992 234 
5093 47 356 46 
5094 49 458 48 
5095 51 384 50 
5096 64 405 63 
5097 292 366 291 
5098 295 417 294 
5099 298 367 297 
5100 304 365 303 
5101 233 3992 451 
5102 384 4010 50 
5103 221 371 220 
5104 148 373 147 
5105 153 352 152 
5106 145 416 144 
5107 215 361 214 
5108 218 408 217 
5109 312 360 311 
5110 58 414 57 
5111 124 362 123 
5112 127 415 126 
5113 130 363 129 
5114 133 409 132 
5115 136 364 135 
5116 139 410 138 
5117 241 357 240 
5118 244 418 243 
5119 247 358 246 
5120 53 454 52 
5121 61 359 60 
5122 186 423 187 
5123 226 349 225 
5124 235 351 234 
5125 50 4010 49 
5126 315 411 314 
5127 453 4007 305 
5128 49 4010 458 
5129 70 3993 412 
5130 71 3993 70 
5131 1819 1822 1821 
5132 2231 2238 2236 
5133 3360 3385 3361 
5134 2038 2361 2040 
5135 2305 3976 1936 
5136 2002 2839 2000 
5137 704 3890 703 
5138 978 3963 976 
5139 3963 3964 1042 
5140 1530 1531 1485 
5141 1802 1803 1801 
5142 3996 3999 3998 
5143 1870 1871 1856 
5144 1477 4179 2183 
5145 2000 3972 1815 
5146 1637 2020 1635 
5147 3647 4276 2812 
5148 1873 2314 1874 
5149 2531 2535 2506 
5150 3931 4167 1327 
5151 1737 2561 1861 
5152 3657 4460 1449 
5153 985 2545 1013 
5154 1790 1792 1791 
5155 795 1608 793 
5156 1759 4017 2032 
5157 3645 4199 1693 
5158 1766 1769 1768 
5159 1412 1413 1411 
5160 3759 3940 2284 
5161 2035 2862 2807 
5162 2560 3157 2479 
5163 2835 4263 4190 
5164 2546 3904 2715 
5165 2824 3922 3921 
5166 1787 4061 1891 
5167 2551 2900 2572 
5168 2536 2537 2530 
5169 983 4060 2586 
5170 1895 2562 1916 
5171 2114 2700 2116 
5172 1130 1133 1132 
5173 1057 4130 3778 
5174 1713 1715 1714 
5175 1206 1411 753 
5176 19 3089 20 
5177 1752 4032 1754 
5178 2020 4137 1635 
5179 365 4006 303 
5180 303 4006 302 
5181 1308 1325 1310 
5182 1755 2157 1753 
5183 1366 1578 1577 
5184 1124 1127 1126 
5185 2533 3872 2607 
5186 995 2541 1010 
5187 2813 3633 3629 
5188 2561 4019 2614 
5189 2228 2573 2226 
5190 1867 2111 1604 
5191 1458 2883 2642 
5192 2521 2803 2522 
5193 2113 3974 2114 
5194 716 1713 730 
5195 1737 4160 2561 
5196 1117 1122 1119 
5197 867 1451 865 
5198 2545 2644 2594 
5199 2803 3577 3517 
5200 1937 2595 2557 
5201 1936 3976 1937 
5202 1792 1864 1793 
5203 2828 3930 2171 
5204 551 2549 585 
5205 1302 1305 1304 
5206 2749 2751 597 
5207 2586 2847 1152 
5208 1565 3984 2025 
5209 1913 1914 1912 
5210 2439 2815 2809 
5211 2035 2807 2036 
5212 3276 3277 2853 
5213 3165 3198 2379 
5214 803 4098 801 
5215 1209 1210 1205 
5216 1314 4182 1317 
5217 785 1498 786 
5218 1806 2113 1807 
5219 871 904 869 
5220 1209 1365 1210 
5221 1661 2286 2285 
5222 587 601 579 
5223 1384 1692 1664 
5224 3439 3441 3440 
5225 1762 4127 2015 
5226 1694 4258 1401 
5227 3146 3147 2305 
5228 1832 2331 1833 
5229 1829 1832 1831 
5230 2622 3978 3345 
5231 1440 4051 3902 
5232 2480 2804 2155 
5233 693 4059 692 
5234 1802 1805 1803 
5235 1911 1912 1910 
5236 1827 1829 1828 
5237 983 1152 980 
5238 2121 4371 2732 
5239 2671 3073 3067 
5240 3371 4466 3377 
5241 4216 4236 2832 
5242 1818 1819 1817 
5243 2035 4015 2862 
5244 677 2901 731 
5245 4190 4263 3900 
5246 4119 4171 3036 
5247 860 863 862 
5248 3829 4406 3831 
5249 1806 2306 2113 
5250 1840 2022 1841 
5251 2550 2617 2239 
5252 855 1463 853 
5253 2700 2942 2701 
5254 4167 4189 2836 
5255 2541 2885 2631 
5256 1201 4142 3878 
5257 3982 4018 2556 
5258 2712 3573 2421 
5259 1578 1579 1577 
5260 3101 3102 3097 
5261 870 871 869 
5262 2517 3619 3578 
5263 868 870 869 
5264 2306 3125 2379 
5265 2023 2265 2165 
5266 2862 3034 2807 
5267 864 865 862 
5268 2238 2876 2236 
5269 1594 1665 1593 
5270 2151 4197 1708 
5271 1816 1817 1442 
5272 1127 1415 1128 
5273 2306 2379 2113 
5274 3125 3165 2379 
5275 2595 4077 2893 
5276 249 3912 248 
5277 856 1455 858 
5278 1808 1810 1809 
5279 3931 3962 3930 
5280 1999 2000 1815 
5281 1891 4061 2629 
5282 863 4045 2548 
5283 781 3966 782 
5284 1175 1204 1203 
5285 3976 4077 2595 
5286 863 864 862 
5287 2339 2477 2341 
5288 1822 1936 1823 
5289 868 869 867 
5290 1209 3989 1384 
5291 2350 2351 2162 
5292 2001 2035 2003 
5293 863 914 864 
5294 1420 4365 4340 
5295 2013 2014 1761 
5296 864 866 865 
5297 1666 1678 1665 
5298 2604 3282 919 
5299 866 868 867 
5300 3831 4166 713 
5301 713 4166 3797 
5302 859 901 857 
5303 2265 2955 2266 
5304 1837 1840 1838 
5305 212 4021 211 
5306 201 433 200 
5307 213 456 212 
5308 63 4000 62 
5309 342 435 341 
5310 162 460 161 
5311 171 419 170 
5312 62 4009 61 
5313 325 452 324 
5314 328 372 327 
5315 332 391 331 
5316 334 465 333 
5317 336 394 335 
5318 339 421 338 
5319 344 476 343 
5320 31 471 30 
5321 36 420 35 
5322 33 434 32 
5323 164 387 163 
5324 166 464 165 
5325 168 395 167 
5326 174 436 173 
5327 176 477 175 
5328 199 470 198 
5329 204 422 203 
5330 207 389 206 
5331 209 461 208 
5332 211 383 210 
5333 39 390 38 
5334 41 462 40 
5335 45 459 44 
5336 43 388 42 
5337 330 463 329 
5338 343 4028 342 
5339 165 4022 164 
5340 167 4029 166 
5341 40 4024 39 
5342 222 4003 221 
5343 329 4023 328 
5344 161 4008 160 
5345 331 4026 330 
5346 163 4025 162 
5347 200 4030 199 
5348 1888 1889 1788 
5349 2486 4016 2932 
5350 1822 2052 1936 
5351 2302 2326 1978 
5352 1366 1577 1576 
5353 866 867 865 
5354 2149 2255 2167 
5355 2038 4038 2361 
5356 2893 2894 2596 
5357 2158 2523 2157 
5358 845 1459 843 
5359 1305 1420 1306 
5360 2052 2890 2305 
5361 1460 2564 775 
5362 2815 3695 3635 
5363 2890 3146 2305 
5364 2009 2010 2008 
5365 1391 1392 1005 
5366 189 3120 190 
5367 1818 1820 1819 
5368 866 1454 868 
5369 1204 3989 1209 
5370 1906 2574 2261 
5371 1715 1717 1716 
5372 2552 2664 889 
5373 1800 1801 1153 
5374 2109 2812 2312 
5375 545 1465 543 
5376 2212 2681 2643 
5377 2152 4116 2151 
5378 1583 2542 1348 
5379 852 886 854 
5380 2052 2305 1936 
5381 2229 4074 3959 
5382 3524 3602 2804 
5383 984 4060 983 
5384 3031 3592 2399 
5385 1918 3982 2622 
5386 860 862 861 
5387 1897 4076 1894 
5388 848 851 850 
5389 1365 1366 1210 
5390 61 4009 359 
5391 1631 2479 1629 
5392 1395 1397 1396 
5393 2905 3133 2310 
5394 551 585 552 
5395 2562 4066 2657 
5396 1744 1746 1743 
5397 2063 2064 1602 
5398 858 860 859 
5399 2477 3514 2514 
5400 1641 2662 2661 
5401 2172 2837 2576 
5402 852 853 850 
5403 1599 1600 1422 
5404 2035 2036 2003 
5405 1335 1343 1331 
5406 849 905 847 
5407 860 861 859 
5408 1998 1999 1815 
5409 1902 1904 1901 
5410 559 609 557 
5411 1281 3770 1444 
5412 1814 4102 2033 
5413 1003 3924 1001 
5414 3953 4135 1121 
5415 856 858 857 
5416 548 551 550 
5417 1748 2566 2234 
5418 3540 4330 3528 
5419 2267 4078 2165 
5420 3727 4253 1007 
5421 1932 4018 1579 
5422 858 859 857 
5423 1899 4035 1897 
5424 2502 3725 2159 
5425 1489 4277 1487 
5426 2002 2840 2839 
5427 2663 3175 2326 
5428 851 852 850 
5429 1719 1721 1720 
5430 1486 1487 1047 
5431 1293 1816 1442 
5432 2595 2893 2596 
5433 978 4044 3963 
5434 856 857 855 
5435 854 856 855 
5436 379 3119 185 
5437 4026 4027 463 
5438 405 4001 4000 
5439 552 553 550 
5440 1906 4238 2574 
5441 2222 2705 2704 
5442 807 1470 924 
5443 2223 2224 2221 
5444 1431 1433 1432 
5445 2225 2297 2227 
5446 1608 4144 793 
5447 863 2548 914 
5448 3469 5281 1385 
5449 2011 2012 2010 
5450 1820 4049 1819 
5451 1115 4020 1117 
5452 844 1462 846 
5453 1800 1802 1801 
5454 1404 4031 1584 
5455 1414 3920 1413 
5456 1895 4154 2562 
5457 2237 2585 2232 
5458 3761 5135 5033 
5459 1960 4129 2435 
5460 854 855 853 
5461 852 854 853 
5462 2564 4088 775 
5463 3951 4182 1312 
5464 989 1450 987 
5465 1816 1818 1817 
5466 873 891 874 
5467 1654 1655 1653 
5468 2114 3974 2700 
5469 551 552 550 
5470 1540 1789 1427 
5471 1601 1602 1418 
5472 4362 4368 2858 
5473 855 4041 1463 
5474 1717 1719 1718 
5475 565 1483 563 
5476 993 1056 991 
5477 549 597 547 
5478 544 1464 546 
5479 2820 3729 2819 
5480 870 873 872 
5481 2549 4039 2991 
5482 2033 2849 2310 
5483 2558 2638 2250 
5484 556 557 555 
5485 860 4045 863 
5486 2762 3551 2279 
5487 1933 2904 2487 
5488 1362 1535 1342 
5489 552 554 553 
5490 3057 3202 2664 
5491 1890 2220 1889 
5492 554 556 555 
5493 841 889 842 
5494 1777 4053 1774 
5495 2602 2864 2585 
5496 2824 3921 1919 
5497 2821 4094 4017 
5498 1814 2033 1998 
5499 2036 2038 2037 
5500 2204 4147 2659 
5501 1818 2563 1820 
5502 1819 4049 1822 
5503 2223 2225 2224 
5504 1455 4045 858 
5505 765 4086 766 
5506 1810 1812 1811 
5507 1890 2222 2221 
5508 2042 2044 2043 
5509 3147 4077 3976 
5510 801 930 799 
5511 1999 2001 2000 
5512 703 1068 700 
5513 1470 2336 2320 
5514 2225 2226 2224 
5515 3718 3720 727 
5516 554 555 553 
5517 17 3121 18 
5518 2038 2040 2039 
5519 2276 2277 1600 
5520 1822 4049 2052 
5521 1488 1489 1487 
5522 1340 4358 3448 
5523 833 1466 831 
5524 2591 2863 2588 
5525 2849 2905 2310 
5526 848 850 849 
5527 698 1461 696 
5528 842 843 840 
5529 2222 2704 2223 
5530 2222 2223 2221 
5531 901 4041 857 
5532 1579 4018 1577 
5533 1808 1809 1068 
5534 3295 4882 4802 
5535 2622 3982 3978 
5536 541 583 542 
5537 2225 2227 2226 
5538 868 4043 870 
5539 1937 3976 2595 
5540 2893 3055 2894 
5541 3778 4277 3784 
5542 1577 4018 1918 
5543 2001 2002 2000 
5544 1930 1931 1579 
5545 1909 1910 1908 
5546 858 4045 860 
5547 2551 2572 583 
5548 1652 1653 1651 
5549 1117 4020 1122 
5550 1463 4087 853 
5551 462 4024 40 
5552 456 4021 212 
5553 476 4028 343 
5554 464 4022 165 
5555 463 4023 329 
5556 162 4025 460 
5557 211 4021 383 
5558 330 4026 463 
5559 4000 4009 62 
5560 395 4029 167 
5561 405 4000 63 
5562 460 4008 161 
5563 433 4030 200 
5564 164 4022 387 
5565 166 4029 464 
5566 221 4003 371 
5567 160 4008 370 
5568 328 4023 372 
5569 342 4028 435 
5570 39 4024 390 
5571 199 4030 470 
5572 391 4026 331 
5573 387 4025 163 
5574 2227 2229 2228 
5575 561 4117 1475 
5576 481 1581 483 
5577 2553 4163 1071 
5578 2563 3604 1820 
5579 1627 2329 1605 
5580 1431 2163 1433 
5581 2383 3049 2382 
5582 856 4057 1455 
5583 834 1468 836 
5584 838 841 840 
5585 2227 2228 2226 
5586 2033 2310 1998 
5587 1748 4185 2566 
5588 3128 3605 2537 
5589 1742 1743 1741 
5590 538 541 540 
5591 870 4043 873 
5592 1583 3938 2542 
5593 857 4041 855 
5594 1898 1899 1897 
5595 810 813 812 
5596 806 809 808 
5597 848 849 847 
5598 870 872 871 
5599 1275 1771 1416 
5600 775 4088 776 
5601 534 1467 536 
5602 3986 3988 3947 
5603 2039 2589 2037 
5604 1888 1890 1889 
5605 2255 2881 2880 
5606 2229 2231 2230 
5607 542 543 540 
5608 1890 2221 2220 
5609 2040 2042 2041 
5610 2705 2977 2704 
5611 3855 3858 3854 
5612 846 848 847 
5613 1802 2567 1805 
5614 2256 4631 4542 
5615 707 3890 704 
5616 548 550 549 
5617 1814 1998 1815 
5618 1787 1891 1887 
5619 2231 2236 2232 
5620 842 844 843 
5621 841 842 840 
5622 1933 2486 1932 
5623 2567 3553 1805 
5624 2036 2037 2003 
5625 2355 3775 2357 
5626 2468 3226 3137 
5627 2864 4361 2585 
5628 1656 1893 1655 
5629 837 902 835 
5630 844 846 845 
5631 1650 1651 1649 
5632 1544 1597 1489 
5633 1001 1039 999 
5634 1003 4037 3924 
5635 786 788 787 
5636 3342 4089 2479 
5637 541 542 540 
5638 546 548 547 
5639 1288 4058 1290 
5640 2200 2214 2198 
5641 1454 4043 868 
5642 846 847 845 
5643 886 4057 854 
5644 2001 2003 2002 
5645 2561 2612 1861 
5646 3133 4093 2310 
5647 1112 1800 1153 
5648 854 4057 856 
5649 2401 4127 2813 
5650 1900 1901 1899 
5651 844 845 843 
5652 548 549 547 
5653 2570 2736 625 
5654 1384 2172 1692 
5655 2562 2655 1916 
5656 1965 4103 1967 
5657 2429 4171 4119 
5658 802 1484 804 
5659 821 1471 819 
5660 2583 3279 2753 
5661 1863 2055 2054 
5662 2268 2672 2270 
5663 2023 4119 2265 
5664 2720 2995 2263 
5665 3439 3440 3394 
5666 544 546 545 
5667 546 547 545 
5668 2229 2230 2228 
5669 2589 4083 2037 
5670 1931 1932 1579 
5671 598 4106 567 
5672 533 1507 531 
5673 556 558 557 
5674 1402 4152 3833 
5675 1435 1436 1434 
5676 1565 2025 1566 
5677 980 4044 978 
5678 1887 1888 1788 
5679 823 4126 821 
5680 1648 1649 1647 
5681 2606 2696 905 
5682 874 875 872 
5683 545 4071 1465 
5684 2812 4128 2312 
5685 2794 2795 1699 
5686 542 544 543 
5687 191 348 192 
5688 23 347 24 
5689 1891 2628 2263 
5690 2757 4096 2756 
5691 1814 1815 1813 
5692 2563 3610 3604 
5693 2900 3018 2572 
5694 2459 4146 2929 
5695 523 1474 521 
5696 2574 4107 2679 
5697 2527 3162 3161 
5698 544 545 543 
5699 849 2606 905 
5700 1975 2004 1974 
5701 1452 1456 781 
5702 1152 4044 980 
5703 1824 2836 1826 
5704 558 559 557 
5705 1290 4058 1293 
5706 537 595 535 
5707 1781 1782 1056 
5708 2044 2046 2045 
5709 2043 2587 2041 
5710 1929 2260 2147 
5711 1740 1741 1739 
5712 1646 1647 1645 
5713 1888 4073 1890 
5714 2391 3172 3171 
5715 1138 4219 1140 
5716 2038 2039 2037 
5717 1513 4945 3280 
5718 2720 3213 2995 
5719 830 888 832 
5720 1999 4093 4015 
5721 1896 1897 1894 
5722 2297 4074 2227 
5723 2172 3989 2837 
5724 825 899 823 
5725 1624 1938 1626 
5726 3145 3236 2696 
5727 779 1452 781 
5728 2549 2991 2989 
5729 1439 4256 4067 
5730 2227 4074 2229 
5731 1317 4182 1763 
5732 848 4075 851 
5733 1865 2186 2185 
5734 15 3085 16 
5735 555 1505 553 
5736 2013 4063 2014 
5737 530 581 532 
5738 2033 4102 2850 
5739 1094 1704 1162 
5740 822 1469 824 
5741 2222 4073 2705 
5742 1276 4036 1278 
5743 3617 3967 3696 
5744 2560 3214 3157 
5745 1393 1394 1392 
5746 889 4055 842 
5747 1810 1811 1809 
5748 1302 4112 1305 
5749 2215 2697 2469 
5750 1730 1731 1729 
5751 1644 1645 1642 
5752 838 840 839 
5753 1456 3966 781 
5754 4275 4349 3662 
5755 2336 3116 3048 
5756 2487 4016 2486 
5757 1458 4081 2883 
5758 1732 1735 1731 
5759 826 829 828 
5760 791 919 792 
5761 2950 2951 2487 
5762 1771 1773 1772 
5763 1769 2060 1770 
5764 3250 4453 3251 
5765 2804 4116 2155 
5766 1761 4051 1440 
5767 538 540 539 
5768 2949 4040 2760 
5769 1384 3989 2172 
5770 788 789 787 
5771 873 874 872 
5772 1687 2272 1689 
5773 1462 4075 846 
5774 1787 1887 1788 
5775 714 4065 711 
5776 2836 4208 4167 
5777 548 4080 551 
5778 2295 3001 2999 
5779 2231 2232 2230 
5780 1171 4212 1149 
5781 1107 4079 1109 
5782 2126 2303 1586 
5783 773 1460 775 
5784 838 839 837 
5785 1824 1825 1420 
5786 836 838 837 
5787 1738 1739 1736 
5788 3562 3563 2795 
5789 2435 4129 3961 
5790 597 4071 547 
5791 1751 2382 1750 
5792 2633 4120 2516 
5793 1931 1933 1932 
5794 2236 2237 2232 
5795 1787 1788 1786 
5796 2399 4063 2013 
5797 1779 4064 2391 
5798 1293 4058 1816 
5799 842 4055 844 
5800 527 596 525 
5801 853 4087 850 
5802 2565 2998 596 
5803 2664 3154 889 
5804 791 4169 2604 
5805 2295 4205 3001 
5806 2237 2602 2585 
5807 1487 4130 1047 
5808 2904 2950 2487 
5809 558 561 560 
5810 2218 2923 2217 
5811 1783 1784 1782 
5812 850 4087 849 
5813 1933 2487 2486 
5814 846 4075 848 
5815 1749 1750 1747 
5816 2566 4108 2637 
5817 3133 4170 4093 
5818 1652 1654 1653 
5819 1464 4080 546 
5820 2628 2720 2263 
5821 3885 4231 4200 
5822 1891 2263 1887 
5823 1826 1827 1825 
5824 2186 2188 2187 
5825 2322 3043 1892 
5826 3952 4568 3721 
5827 1890 4073 2222 
5828 722 1041 720 
5829 3919 4247 4180 
5830 2014 4051 1761 
5831 1918 4018 3982 
5832 1300 4112 1302 
5833 830 831 828 
5834 538 539 537 
5835 1776 4064 1779 
5836 1834 1835 1415 
5837 1827 1830 1829 
5838 190 3513 191 
5839 989 4069 1450 
5840 844 4055 1462 
5841 2606 3145 2696 
5842 3277 3278 2853 
5843 798 900 800 
5844 2109 4031 2812 
5845 2577 2818 2817 
5846 1962 1963 1561 
5847 1437 1438 1436 
5848 1457 1458 1456 
5849 2204 2659 2219 
5850 711 1045 709 
5851 561 586 562 
5852 526 529 528 
5853 1845 1846 1778 
5854 2040 2041 2039 
5855 1728 1729 1727 
5856 1584 4031 2109 
5857 3592 4063 2399 
5858 546 4080 548 
5859 2951 4016 2487 
5860 1998 4093 1999 
5861 1228 4543 1238 
5862 3373 4466 3370 
5863 836 837 835 
5864 2873 4099 2018 
5865 547 4071 545 
5866 536 538 537 
5867 4227 4288 3541 
5868 1278 4036 1281 
5869 991 4069 989 
5870 530 531 528 
5871 2568 2838 2278 
5872 1204 4158 3989 
5873 772 4263 771 
5874 1305 1824 1420 
5875 1648 1662 1650 
5876 1124 4135 1127 
5877 1640 1641 1639 
5878 2215 4251 2697 
5879 1640 1643 1642 
5880 1650 1652 1651 
5881 2466 3044 2465 
5882 1631 2560 2479 
5883 1109 4079 1112 
5884 1643 2250 1644 
5885 1836 1837 1835 
5886 829 830 828 
5887 834 836 835 
5888 2042 2043 2041 
5889 2554 4134 3812 
5890 2310 4093 1998 
5891 3526 3528 2801 
5892 2488 3648 2796 
5893 554 2833 556 
5894 583 4070 542 
5895 1641 4082 2662 
5896 1652 1657 1654 
5897 517 625 515 
5898 2066 2068 2067 
5899 485 4110 489 
5900 534 536 535 
5901 1824 1826 1825 
5902 2277 2279 2278 
5903 1811 1813 1809 
5904 2566 2636 2234 
5905 1836 2577 1839 
5906 997 4139 3868 
5907 377 3403 21 
5908 549 2559 597 
5909 794 1490 796 
5910 2015 4127 2401 
5911 1726 1727 1725 
5912 536 537 535 
5913 2002 4083 2840 
5914 2353 2457 2355 
5915 496 499 497 
5916 1811 1814 1813 
5917 529 530 528 
5918 830 832 831 
5919 2467 3658 2354 
5920 2024 2429 2022 
5921 504 4195 507 
5922 499 501 500 
5923 2157 4142 1753 
5924 832 834 833 
5925 2155 4116 2152 
5926 1380 4129 1960 
5927 501 503 502 
5928 585 4048 552 
5929 1056 4069 991 
5930 1790 1791 1789 
5931 1648 1650 1649 
5932 2592 2858 2184 
5933 2549 2989 585 
5934 2003 4083 2002 
5935 2172 2173 1692 
5936 789 2820 2819 
5937 1724 1725 1723 
5938 494 496 495 
5939 534 535 533 
5940 834 835 833 
5941 553 4105 550 
5942 532 534 533 
5943 542 4070 544 
5944 2813 4127 3956 
5945 1638 1639 1637 
5946 1146 4220 1147 
5947 672 4067 674 
5948 1474 4192 521 
5949 1784 1787 1786 
5950 1001 3924 1039 
5951 2950 3274 2951 
5952 1305 4112 1824 
5953 1636 1869 1638 
5954 552 4048 554 
5955 3177 3179 3178 
5956 832 833 831 
5957 1646 1648 1647 
5958 1607 1892 1535 
5959 2655 2897 2656 
5960 1644 1646 1645 
5961 2107 3938 1583 
5962 2022 4119 2023 
5963 2024 2688 2687 
5964 2541 3957 2885 
5965 2572 2937 583 
5966 3602 3603 2804 
5967 2159 4053 1777 
5968 3274 3275 2951 
5969 1722 1723 1721 
5970 849 4087 2606 
5971 544 4070 1464 
5972 1468 4090 836 
5973 2136 2138 2137 
5974 2048 2050 2049 
5975 522 1472 524 
5976 4093 4170 4015 
5977 2138 2404 2139 
5978 1127 1834 1415 
5979 838 4090 841 
5980 1281 4036 3770 
5981 818 887 820 
5982 1505 4105 553 
5983 1466 4097 831 
5984 1893 4076 2527 
5985 833 4101 1466 
5986 2612 2870 2613 
5987 2435 3961 3634 
5988 700 4084 698 
5989 1728 1733 1730 
5990 511 643 512 
5991 1047 4130 1048 
5992 1068 4084 700 
5993 2037 4083 2003 
5994 1606 1843 1628 
5995 3972 4136 1813 
5996 1433 1435 1434 
5997 728 1206 753 
5998 1907 1908 1905 
5999 2265 4119 3036 
6000 2673 2896 2675 
6001 2477 3515 3514 
6002 1538 1925 1842 
6003 550 4105 549 
6004 2265 3036 2955 
6005 504 507 506 
6006 1545 4111 1606 
6007 1121 4135 1124 
6008 1633 2239 1634 
6009 2559 2749 597 
6010 530 532 531 
6011 2896 3975 2675 
6012 3154 4055 889 
6013 1636 1637 1635 
6014 3979 4138 1786 
6015 1477 1479 1478 
6016 532 533 531 
6017 3878 4134 2554 
6018 2404 2907 2405 
6019 2312 4128 2339 
6020 1467 4095 536 
6021 1112 4079 1800 
6022 2596 4222 2557 
6023 1460 3054 2564 
6024 2172 2576 2173 
6025 538 4095 541 
6026 2062 2707 2706 
6027 1123 4254 1120 
6028 1424 4164 1426 
6029 1834 1836 1835 
6030 2574 2678 2261 
6031 1630 1633 1632 
6032 1053 4163 1051 
6033 2577 2817 1839 
6034 1732 1737 1736 
6035 1888 4104 4073 
6036 2277 2278 1600 
6037 788 791 790 
6038 992 4124 995 
6039 1654 1656 1655 
6040 1753 4142 1201 
6041 698 4084 1461 
6042 1327 4208 1298 
6043 1742 1744 1743 
6044 2061 2350 2162 
6045 814 817 816 
6046 481 483 482 
6047 1643 1644 1642 
6048 1640 1642 1641 
6049 1915 2117 1914 
6050 2044 2045 2043 
6051 2635 2702 2331 
6052 2907 3051 2908 
6053 2218 3270 2923 
6054 836 4090 838 
6055 2216 2217 2213 
6056 1507 4141 531 
6057 2813 3956 3633 
6058 1412 1414 1413 
6059 519 584 520 
6060 1606 4111 1843 
6061 3932 4176 4058 
6062 3603 4116 2804 
6063 828 4097 827 
6064 1656 1894 1893 
6065 3282 3283 919 
6066 1836 1839 1837 
6067 2797 3030 2314 
6068 2039 4114 2589 
6069 864 4034 866 
6070 727 3774 722 
6071 1737 1861 1738 
6072 1120 4157 1118 
6073 1033 1486 1047 
6074 2919 2922 2920 
6075 1722 4125 1724 
6076 1730 1732 1731 
6077 2523 2524 2157 
6078 2406 2919 2407 
6079 1656 1895 1894 
6080 1744 1747 1746 
6081 1724 1851 1726 
6082 1925 2406 1926 
6083 1011 1035 1015 
6084 902 4101 835 
6085 1792 1793 1791 
6086 1425 4190 3900 
6087 1887 4104 1888 
6088 1864 1865 1793 
6089 3109 3113 3112 
6090 1728 1730 1729 
6091 1268 4216 1271 
6092 1855 1856 1848 
6093 1422 4140 1176 
6094 1501 1502 1438 
6095 14 3124 15 
6096 558 560 559 
6097 1634 1635 1632 
6098 914 4034 864 
6099 3885 4200 4079 
6100 2149 4161 2255 
6101 1645 4082 1642 
6102 1732 1736 1735 
6103 2995 4104 2263 
6104 2368 3855 3854 
6105 2255 2882 2881 
6106 1597 2569 2058 
6107 516 519 518 
6108 2565 3194 2998 
6109 2279 2568 2278 
6110 1638 1640 1639 
6111 826 828 827 
6112 2612 2613 1861 
6113 1947 4181 1949 
6114 1832 2635 2331 
6115 1765 1766 1764 
6116 2046 2048 2047 
6117 2687 2770 2429 
6118 3175 3177 3176 
6119 534 4115 1467 
6120 183 3126 184 
6121 490 492 491 
6122 492 494 493 
6123 1552 4235 2581 
6124 1818 4176 2563 
6125 487 490 488 
6126 2688 2931 2687 
6127 562 563 560 
6128 526 528 527 
6129 1206 1412 1411 
6130 999 4139 997 
6131 928 929 927 
6132 575 1497 573 
6133 536 4095 538 
6134 1738 1740 1739 
6135 1719 1722 1721 
6136 3659 3660 3658 
6137 1457 2334 1458 
6138 1840 2024 2022 
6139 1726 1728 1727 
6140 2879 4611 4520 
6141 2806 4739 3432 
6142 527 2565 596 
6143 2587 4114 2041 
6144 1452 1457 1456 
6145 824 826 825 
6146 2820 4122 3729 
6147 2057 2465 2056 
6148 2655 2656 1916 
6149 348 3099 3098 
6150 866 4034 1454 
6151 2147 4161 2149 
6152 1512 4360 1511 
6153 1127 4135 1834 
6154 1642 4082 1641 
6155 1895 1916 1896 
6156 826 827 825 
6157 2115 4229 4204 
6158 2987 3053 2337 
6159 1636 1638 1637 
6160 1457 2730 2334 
6161 1415 4227 1128 
6162 1740 1742 1741 
6163 1740 1745 1742 
6164 1618 1980 1620 
6165 1724 1726 1725 
6166 2581 2582 2016 
6167 520 521 518 
6168 1175 4158 1204 
6169 1312 4182 1314 
6170 2164 4330 3834 
6171 831 4097 828 
6172 3725 4053 2159 
6173 813 814 812 
6174 2706 3040 2658 
6175 2334 4081 1458 
6176 2750 3129 2749 
6177 1784 1786 1782 
6178 2314 4146 2315 
6179 1435 2181 1437 
6180 824 825 823 
6181 1896 1898 1897 
6182 2937 4070 583 
6183 1722 1724 1723 
6184 899 4126 823 
6185 1449 4196 1448 
6186 1057 3778 3777 
6187 822 824 823 
6188 1389 4275 1318 
6189 2391 4064 3172 
6190 709 4109 707 
6191 2548 4121 2970 
6192 1498 4169 786 
6193 1894 4076 1893 
6194 919 4168 792 
6195 2062 2658 2060 
6196 818 819 816 
6197 1737 1738 1736 
6198 1634 1636 1635 
6199 2870 2871 2613 
6200 1483 4187 563 
6201 2263 4104 1887 
6202 1763 1764 1389 
6203 1486 1488 1487 
6204 1744 1748 1747 
6205 817 818 816 
6206 1872 1972 1871 
6207 2339 4128 2477 
6208 1661 2285 1660 
6209 526 527 525 
6210 483 485 484 
6211 556 4117 558 
6212 1966 4165 1964 
6213 835 4101 833 
6214 564 565 563 
6215 4176 4245 2563 
6216 2064 2170 2169 
6217 2499 3980 3402 
6218 809 810 808 
6219 1164 4158 1175 
6220 2989 2990 585 
6221 2527 4076 3162 
6222 561 562 560 
6223 1488 1544 1489 
6224 2429 4119 2022 
6225 581 4115 532 
6226 1395 1396 1394 
6227 711 4065 1045 
6228 1824 4112 2836 
6229 2570 3221 2736 
6230 485 487 486 
6231 2579 3795 2808 
6232 2212 4091 2681 
6233 2024 2687 2429 
6234 2524 4142 2157 
6235 2521 4153 2803 
6236 2025 2026 1566 
6237 2211 2212 2210 
6238 549 4105 2559 
6239 519 520 518 
6240 1130 4227 1133 
6241 558 4117 561 
6242 508 511 510 
6243 1715 2555 1717 
6244 1455 4121 4045 
6245 524 526 525 
6246 3637 4184 1616 
6247 2068 2070 2069 
6248 2136 2137 1611 
6249 3989 4158 2837 
6250 2072 2074 2073 
6251 1501 1849 1503 
6252 1471 4143 819 
6253 1695 2794 1699 
6254 1809 4136 1068 
6255 1348 3955 1270 
6256 2608 2878 2603 
6257 1503 1873 1502 
6258 2049 2603 2047 
6259 2131 2553 1071 
6260 2730 3072 2334 
6261 3644 4556 749 
6262 517 2570 625 
6263 2062 2706 2658 
6264 1565 1566 1447 
6265 1895 1896 1894 
6266 1633 1634 1632 
6267 707 4109 3890 
6268 1689 4092 1929 
6269 2559 2750 2749 
6270 802 4214 1484 
6271 2350 3021 2351 
6272 3037 3061 2620 
6273 532 4115 534 
6274 1400 1660 1397 
6275 2209 2210 2208 
6276 4058 4176 1816 
6277 520 522 521 
6278 822 823 821 
6279 1435 1437 1436 
6280 2509 4258 1697 
6281 2459 2929 2928 
6282 1802 4200 2567 
6283 1475 1477 1476 
6284 522 524 523 
6285 2697 3281 2469 
6286 2041 4114 2039 
6287 995 4124 2541 
6288 2019 2872 2018 
6289 2707 2708 2706 
6290 788 790 789 
6291 2216 2218 2217 
6292 1039 4139 999 
6293 1816 4176 1818 
6294 4015 4170 2862 
6295 2344 2895 2346 
6296 792 793 790 
6297 1300 4208 4112 
6298 1531 2829 1485 
6299 524 525 523 
6300 1538 1842 643 
6301 1708 4197 1705 
6302 818 820 819 
6303 2163 4162 1433 
6304 1765 2579 1767 
6305 3030 4146 2314 
6306 1769 2062 2060 
6307 1838 4288 1835 
6308 820 822 821 
6309 4045 4121 2548 
6310 1847 1848 1846 
6311 1600 4140 1422 
6312 1775 1845 1778 
6313 2898 4374 4334 
6314 1898 1900 1899 
6315 1789 4190 1427 
6316 2897 2898 2656 
6317 522 523 521 
6318 1765 1767 1766 
6319 1724 4125 1851 
6320 1630 1631 1629 
6321 484 1595 482 
6322 2548 2970 2593 
6323 2260 4161 2147 
6324 1427 4190 1425 
6325 2199 2202 2197 
6326 3099 3109 3100 
6327 1437 1501 1438 
6328 488 752 486 
6329 1849 2588 1860 
6330 554 4048 2833 
6331 1766 4203 1769 
6332 1837 4145 1840 
6333 559 2571 609 
6334 2205 2206 2203 
6335 794 795 793 
6336 2841 4282 3979 
6337 2839 4274 3972 
6338 1662 4133 1650 
6339 2207 2208 2206 
6340 1418 4206 1200 
6341 2990 4048 585 
6342 1984 3583 1983 
6343 1068 4136 4084 
6344 1089 4264 1091 
6345 2579 2808 1767 
6346 820 821 819 
6347 2046 2047 2045 
6348 1045 4109 709 
6349 1652 4133 1657 
6350 4088 4257 1452 
6351 872 4178 871 
6352 2769 3938 2107 
6353 791 792 790 
6354 1658 2616 1659 
6355 2564 4286 4257 
6356 2066 2067 2050 
6357 816 4143 815 
6358 512 513 510 
6359 2255 4161 2882 
6360 1164 4212 4158 
6361 3984 4986 4789 
6362 1748 2234 1749 
6363 1602 4206 1418 
6364 1544 4186 1597 
6365 2619 3038 1860 
6366 2211 2213 2212 
6367 1813 4136 1809 
6368 2833 4117 556 
6369 1898 1903 1900 
6370 1284 4290 1326 
6371 786 4169 788 
6372 1320 4275 1323 
6373 1902 1905 1904 
6374 566 567 565 
6375 2838 4140 2278 
6376 2636 2652 2234 
6377 2329 4186 1605 
6378 1475 1476 586 
6379 1640 4149 1643 
6380 1650 4133 1652 
6381 4157 4218 1184 
6382 1900 1902 1901 
6383 3283 4168 919 
6384 2217 4091 2213 
6385 677 4067 2901 
6386 3654 4188 3655 
6387 2211 2215 2213 
6388 2766 5026 4811 
6389 4489 4543 1230 
6390 1839 4145 1837 
6391 1630 1632 1631 
6392 3916 4328 4020 
6393 871 1473 904 
6394 643 4150 512 
6395 2732 2973 2598 
6396 3005 3006 2921 
6397 511 512 510 
6398 2920 2921 2407 
6399 4140 4254 1176 
6400 3744 4348 1712 
6401 1791 2835 1789 
6402 2132 4348 2758 
6403 1518 4207 2768 
6404 1769 4203 2062 
6405 1056 4138 4069 
6406 1628 1629 1627 
6407 2145 3307 2699 
6408 2457 3775 2355 
6409 814 816 815 
6410 2497 3980 2499 
6411 1631 4137 2560 
6412 1873 2797 2314 
6413 1826 4250 1827 
6414 2541 4124 3957 
6415 2064 2169 1602 
6416 1748 1749 1747 
6417 562 564 563 
6418 3918 4180 513 
6419 1657 4154 1654 
6420 796 797 795 
6421 4130 4277 3778 
6422 875 4178 872 
6423 503 504 502 
6424 1869 4149 1638 
6425 1926 2842 1842 
6426 1749 1751 1750 
6427 507 508 506 
6428 2017 2018 1553 
6429 1925 1926 1842 
6430 2024 4145 2688 
6431 1444 4290 1282 
6432 2919 2920 2407 
6433 2794 3562 2795 
6434 814 815 812 
6435 2406 2407 1926 
6436 2213 4091 2212 
6437 2070 2072 2071 
6438 531 4141 528 
6439 674 4067 677 
6440 2760 4096 2757 
6441 2061 4193 2350 
6442 1929 4092 2260 
6443 2138 2139 2137 
6444 1800 4200 1802 
6445 1782 4138 1056 
6446 1326 4245 3932 
6447 1575 4704 3475 
6448 2186 2187 2185 
6449 496 497 495 
6450 2017 2295 2019 
6451 4112 4208 2836 
6452 2060 4193 2061 
6453 1298 4208 1300 
6454 526 4155 529 
6455 2461 2462 2110 
6456 2477 4128 3515 
6457 1147 4220 1171 
6458 2350 3022 3021 
6459 528 4141 527 
6460 1524 4260 1525 
6461 2858 4217 2184 
6462 499 500 497 
6463 584 4132 520 
6464 2548 2593 914 
6465 810 812 811 
6466 516 518 517 
6467 501 502 500 
6468 4163 4252 2134 
6469 2404 2405 2139 
6470 1844 2386 1691 
6471 2583 2753 2582 
6472 1717 4175 1719 
6473 2822 2844 2169 
6474 2756 4244 2131 
6475 3528 4330 4078 
6476 1501 1503 1502 
6477 873 2925 891 
6478 1628 1630 1629 
6479 1733 4160 1730 
6480 1545 4241 4111 
6481 1325 4340 3796 
6482 3932 4245 4176 
6483 2770 4171 2429 
6484 2139 2856 2137 
6485 792 794 793 
6486 1475 4179 1477 
6487 1636 4172 1869 
6488 3917 4204 3916 
6489 1763 1765 1764 
6490 810 811 808 
6491 2929 2930 2928 
6492 512 514 513 
6493 1751 2383 2382 
6494 2278 4140 1600 
6495 798 799 797 
6496 1865 2184 1793 
6497 4079 4200 1800 
6498 788 4169 791 
6499 514 516 515 
6500 2907 2908 2405 
6501 1470 2754 2336 
6502 1635 4137 1632 
6503 3970 4243 1713 
6504 2026 2774 2580 
6505 1472 4155 524 
6506 2215 2216 2213 
6507 3605 3606 2537 
6508 137 4289 136 
6509 2613 4173 1861 
6510 3177 3178 3176 
6511 2358 4225 2356 
6512 1452 4257 1457 
6513 2272 4092 1689 
6514 1638 4149 1640 
6515 1728 4174 1733 
6516 1096 4209 1093 
6517 2384 2972 2971 
6518 2143 4380 2091 
6519 4257 4286 2730 
6520 2215 2469 2216 
6521 494 495 493 
6522 1843 4183 1628 
6523 1606 1627 1605 
6524 1840 4145 2024 
6525 2189 2192 2191 
6526 1561 4152 1402 
6527 1732 4160 1737 
6528 527 4141 2565 
6529 1275 4216 1771 
6530 794 796 795 
6531 3339 3340 2962 
6532 2239 4172 1634 
6533 1611 4159 1531 
6534 2803 4211 3577 
6535 516 517 515 
6536 520 4132 522 
6537 936 4177 934 
6538 1902 1906 1905 
6539 1005 4037 1003 
6540 1849 1860 1503 
6541 2920 3005 2921 
6542 873 4043 2925 
6543 2847 4350 4296 
6544 2908 2909 2405 
6545 819 4143 816 
6546 1597 4186 2569 
6547 1518 1691 1516 
6548 1771 2832 1773 
6549 514 515 513 
6550 2593 2996 914 
6551 2295 2999 2296 
6552 2188 2189 2187 
6553 2048 2049 2047 
6554 1963 4152 1561 
6555 794 4168 1490 
6556 2571 3033 609 
6557 522 4132 1472 
6558 1978 2471 1700 
6559 4292 4333 2525 
6560 1626 4123 1687 
6561 1271 4216 1275 
6562 2557 4222 2827 
6563 1861 4173 1738 
6564 1786 4138 1782 
6565 877 2854 875 
6566 2658 4259 4193 
6567 806 808 807 
6568 789 4144 2820 
6569 1317 1763 1389 
6570 2351 4131 2353 
6571 4193 4259 3022 
6572 2026 2580 1566 
6573 1630 4183 1633 
6574 524 4155 526 
6575 1654 4154 1656 
6576 2209 2211 2210 
6577 4158 4212 2837 
6578 796 798 797 
6579 2020 4226 4137 
6580 2006 4395 2676 
6581 1606 1628 1627 
6582 1949 4181 2521 
6583 1488 1545 1544 
6584 1656 4154 1895 
6585 3167 3168 2539 
6586 1851 4174 1726 
6587 2996 4034 914 
6588 1015 4151 1033 
6589 2468 3137 2425 
6590 2573 4296 2226 
6591 1722 4175 4125 
6592 1730 4160 1732 
6593 1545 1605 1544 
6594 4189 4250 1826 
6595 3175 3176 2326 
6596 1751 2384 2383 
6597 490 491 488 
6598 492 493 491 
6599 13 346 14 
6600 181 345 182 
6601 1158 4231 3885 
6602 508 509 506 
6603 1149 4212 1164 
6604 2350 4193 3022 
6605 1632 4137 1631 
6606 1163 4240 1148 
6607 4195 4292 507 
6608 1865 2185 2184 
6609 4104 4233 4073 
6610 2295 2296 2019 
6611 811 4198 808 
6612 1353 4213 1199 
6613 2838 4254 4140 
6614 1740 4173 1745 
6615 1842 4150 643 
6616 4067 4256 2901 
6617 2337 4165 1966 
6618 510 4180 509 
6619 2049 2608 2603 
6620 798 800 799 
6621 2588 2619 1860 
6622 1445 4249 3954 
6623 2017 2019 2018 
6624 1907 1909 1908 
6625 1726 4174 1728 
6626 1719 4175 1722 
6627 508 510 509 
6628 2835 4190 1789 
6629 874 876 875 
6630 564 566 565 
6631 2207 2209 2208 
6632 1464 4234 4039 
6633 1335 4262 1343 
6634 4375 4412 972 
6635 806 807 805 
6636 4672 4721 2883 
6637 3181 3621 2125 
6638 500 1575 497 
6639 487 488 486 
6640 790 4144 789 
6641 1634 4172 1636 
6642 1435 4162 2181 
6643 1140 4219 1143 
6644 2619 3039 3038 
6645 4070 4234 1464 
6646 3021 4131 2351 
6647 876 877 875 
6648 504 505 502 
6649 2656 4194 1916 
6650 1744 4185 1748 
6651 1266 4236 1268 
6652 1545 1606 1605 
6653 1697 4258 1694 
6654 1128 4227 1130 
6655 1738 4173 1740 
6656 1938 4123 1626 
6657 1433 4162 1435 
6658 1098 4314 1096 
6659 1745 4185 1742 
6660 560 4187 559 
6661 1206 2168 1412 
6662 1535 4262 1342 
6663 1687 4123 2272 
6664 2995 4233 4104 
6665 804 806 805 
6666 568 569 567 
6667 2207 2327 2209 
6668 2384 2971 2383 
6669 3499 3502 3501 
6670 2553 4252 4163 
6671 348 3095 192 
6672 2970 3056 2593 
6673 512 4150 514 
6674 1836 4266 2577 
6675 4040 4096 2760 
6676 2185 2592 2184 
6677 2658 4193 2060 
6678 1843 4291 3771 
6679 1713 4243 1715 
6680 3102 3103 3097 
6681 1773 4255 1775 
6682 2189 2190 2187 
6683 506 4191 505 
6684 2722 4068 2188 
6685 2170 2822 2169 
6686 804 805 803 
6687 1331 4283 1328 
6688 792 4168 794 
6689 807 4198 1470 
6690 483 484 482 
6691 1830 4271 1829 
6692 802 804 803 
6693 2555 4175 1717 
6694 4266 4303 2577 
6695 504 506 505 
6696 800 801 799 
6697 1346 1347 1189 
6698 485 486 484 
6699 1906 2261 1907 
6700 1767 4203 1766 
6701 900 4214 800 
6702 2560 4226 3214 
6703 2878 4439 2603 
6704 4650 4655 2897 
6705 2652 4308 4230 
6706 1742 4185 1744 
6707 2205 2207 2206 
6708 1035 4151 1015 
6709 1033 4151 1486 
6710 2074 2076 2075 
6711 563 4187 560 
6712 2659 2845 2219 
6713 1447 4249 1445 
6714 1892 2578 1535 
6715 2678 2698 2261 
6716 2842 4150 1842 
6717 1094 4264 1704 
6718 1552 2016 1553 
6719 2564 4257 4088 
6720 4153 4211 2803 
6721 2199 2203 2202 
6722 724 4246 728 
6723 793 4144 790 
6724 1916 4194 1896 
6725 2451 3734 2080 
6726 2542 3955 1348 
6727 2840 4320 2839 
6728 2937 4234 4070 
6729 1007 4253 1011 
6730 4179 4297 2183 
6731 2181 4202 1437 
6732 1473 1586 904 
6733 1176 4254 1123 
6734 909 911 910 
6735 925 927 922 
6736 2845 4963 4819 
6737 4456 4594 2594 
6738 4073 4233 2705 
6739 3109 3112 3100 
6740 3053 4165 2337 
6741 2123 2779 2124 
6742 521 4192 518 
6743 1477 1478 1476 
6744 1768 4349 1764 
6745 802 803 801 
6746 2062 4203 2707 
6747 2521 4181 4153 
6748 1087 4242 1089 
6749 503 4195 504 
6750 1501 4202 1849 
6751 2068 2069 2067 
6752 800 802 801 
6753 2189 4068 2192 
6754 1485 4195 503 
6755 1605 4186 1544 
6756 1330 4210 1329 
6757 1909 1911 1910 
6758 2016 2017 1553 
6759 3471 4821 2741 
6760 513 4180 510 
6761 1239 1796 1795 
6762 1906 1907 1905 
6763 1973 1974 1972 
6764 2050 4215 2049 
6765 2137 4159 1611 
6766 4137 4226 2560 
6767 2169 4206 1602 
6768 2189 2191 2190 
6769 1531 4159 2829 
6770 2422 2424 2420 
6771 1165 1207 1196 
6772 1318 4275 1320 
6773 2563 4245 3610 
6774 4060 4318 2586 
6775 1628 4183 1630 
6776 2829 4292 4195 
6777 1342 4262 1335 
6778 2204 2219 2205 
6779 517 4192 2570 
6780 495 602 493 
6781 1832 4271 2635 
6782 1852 3391 2291 
6783 2538 2539 1588 
6784 3953 4266 4135 
6785 1898 4194 1903 
6786 1911 1913 1912 
6787 2199 2204 2203 
6788 3809 4507 694 
6789 2841 4318 4282 
6790 1591 3548 2129 
6791 808 4198 807 
6792 3099 3100 3098 
6793 2286 2763 2285 
6794 1827 4250 1830 
6795 1704 2814 1706 
6796 1507 4265 4141 
6797 2045 4423 4413 
6798 518 4192 517 
6799 559 4187 2571 
6800 2067 4215 2050 
6801 2193 2201 2191 
6802 568 571 570 
6803 484 4239 1595 
6804 871 4178 1473 
6805 2845 2963 2219 
6806 3828 4432 3829 
6807 2580 4326 4249 
6808 1396 1552 1399 
6809 2600 4671 2110 
6810 1896 4194 1898 
6811 2204 2205 2203 
6812 1470 4198 2754 
6813 1091 4264 1094 
6814 2069 2605 2067 
6815 3544 4258 2509 
6816 2286 4100 2763 
6817 4445 4473 4098 
6818 2188 4068 2189 
6819 2559 4228 2750 
6820 615 4414 623 
6821 2131 4244 2553 
6822 3831 4373 4166 
6823 1011 4253 1035 
6824 1392 4037 1005 
6825 2854 4178 875 
6826 2839 4320 4274 
6827 1693 4199 1695 
6828 1503 4221 1873 
6829 1715 4243 2555 
6830 509 4191 506 
6831 2817 4298 1839 
6832 752 4239 486 
6833 2304 3231 2258 
6834 2840 4335 4320 
6835 1552 1553 1399 
6836 726 3590 653 
6837 4135 4266 1834 
6838 1873 4221 2797 
6839 1771 4216 2832 
6840 1437 4202 1501 
6841 566 568 567 
6842 2530 4273 3877 
6843 968 4420 3869 
6844 2571 3158 3033 
6845 2929 3166 2930 
6846 3069 3084 2624 
6847 4141 4265 2565 
6848 1855 1870 1856 
6849 1505 4228 4105 
6850 348 3098 3095 
6851 571 1658 626 
6852 3531 3544 2509 
6853 1566 4249 1447 
6854 4249 4326 3954 
6855 2179 2180 2178 
6856 3900 4263 772 
6857 1457 4257 2730 
6858 3038 4221 1860 
6859 1397 4235 1396 
6860 3728 4382 4253 
6861 3131 5229 4748 
6862 1775 4255 1845 
6863 2829 4195 1485 
6864 1845 2857 1847 
6865 3953 4303 4266 
6866 516 4285 519 
6867 2802 4281 3527 
6868 1171 4280 4212 
6869 1482 2249 1480 
6870 4180 4247 509 
6871 586 4201 562 
6872 4230 4308 2384 
6873 1845 1847 1846 
6874 2214 4147 2198 
6875 4105 4228 2559 
6876 2192 2193 2191 
6877 2578 4262 1535 
6878 1793 4217 1791 
6879 3979 4282 4138 
6880 2652 4230 2234 
6881 3040 4259 2658 
6882 1834 4266 1836 
6883 3925 4384 3926 
6884 2080 2082 2081 
6885 2856 4159 2137 
6886 1829 4271 1832 
6887 1197 1208 1178 
6888 1608 4279 4144 
6889 2017 4205 2295 
6890 2076 2078 2077 
6891 692 4335 3937 
6892 4182 4293 1763 
6893 3155 4925 2968 
6894 4318 4339 2586 
6895 2330 2912 2214 
6896 2582 4205 2016 
6897 1700 4213 1353 
6898 1763 4293 1765 
6899 728 4246 1206 
6900 3720 3774 727 
6901 1497 4313 573 
6902 2565 4265 3194 
6903 564 2601 566 
6904 1903 4238 1900 
6905 2921 4223 2407 
6906 1695 4199 2794 
6907 1791 4217 2835 
6908 3972 4274 4136 
6909 2234 4230 1749 
6910 2605 4215 2067 
6911 1926 4223 2842 
6912 1587 2126 1586 
6913 467 4959 3314 
6914 2198 2199 2197 
6915 1909 2262 1911 
6916 1902 4238 1906 
6917 2353 4131 2457 
6918 2326 4232 1978 
6919 800 4214 802 
6920 4138 4282 4069 
6921 509 4247 4191 
6922 880 881 879 
6923 2199 4147 2204 
6924 2844 4206 2169 
6925 2184 4217 1793 
6926 507 4292 3845 
6927 4136 4274 4084 
6928 4340 4365 3796 
6929 764 4362 763 
6930 2493 2494 2491 
6931 1785 4366 4062 
6932 2837 4280 2576 
6933 12 3117 13 
6934 1420 4340 1306 
6935 1860 4221 1503 
6936 2407 4223 1926 
6937 1660 4235 1397 
6938 2016 4205 2017 
6939 1396 1399 1394 
6940 1987 3583 1984 
6941 519 4329 584 
6942 576 577 575 
6943 3964 4361 1042 
6944 25 425 26 
6945 193 426 194 
6946 2847 4337 1152 
6947 2070 2071 2069 
6948 1767 4284 4203 
6949 2279 4325 2568 
6950 2139 4237 2856 
6951 2871 4310 2613 
6952 2467 4469 3659 
6953 3723 4302 3724 
6954 2832 4255 1773 
6955 4069 4282 1450 
6956 1847 1855 1848 
6957 1308 4340 1325 
6958 1486 4241 1488 
6959 4084 4274 1461 
6960 4206 4314 1200 
6961 136 4289 364 
6962 1487 4277 4130 
6963 2415 3694 2414 
6964 2198 4147 2199 
6965 4150 4285 514 
6966 2192 2194 2193 
6967 1343 4283 1331 
6968 2909 4237 2405 
6969 2820 4279 4122 
6970 1041 4664 4623 
6971 2211 4251 2215 
6972 4212 4280 2837 
6973 1751 4230 2384 
6974 636 637 630 
6975 1500 4331 878 
6976 2875 3027 2690 
6977 1900 4238 1902 
6978 2072 2073 2071 
6979 1913 1915 1914 
6980 2196 2198 2197 
6981 1473 1587 1586 
6982 3951 4293 4182 
6983 880 885 882 
6984 890 1513 883 
6985 194 3218 195 
6986 4111 4291 1843 
6987 4144 4279 2820 
6988 2386 2927 2387 
6989 3105 3114 3106 
6990 1749 4230 1751 
6991 3102 3105 3104 
6992 2894 4287 3627 
6993 2812 4276 4128 
6994 2471 4213 1700 
6995 3964 4389 4346 
6996 2007 2008 2005 
6997 2405 4237 2139 
6998 2580 4249 1566 
6999 2586 4339 2847 
7000 2082 2084 2083 
7001 2878 4459 4439 
7002 2585 4346 2232 
7003 1488 4241 1545 
7004 1396 4235 1552 
7005 2620 4100 2286 
7006 878 879 877 
7007 1845 4255 2857 
7008 2049 4215 2608 
7009 1282 4290 1284 
7010 1978 4232 2471 
7011 2161 4416 3767 
7012 2729 3052 598 
7013 2209 4251 2211 
7014 383 5160 3262 
7015 876 1500 878 
7016 4203 4284 2707 
7017 2317 4728 1943 
7018 2118 2119 2117 
7019 1828 4365 1825 
7020 486 4239 484 
7021 562 4201 564 
7022 2084 2086 2085 
7023 576 582 578 
7024 1870 1872 1871 
7025 2537 4273 2530 
7026 2224 4350 2221 
7027 1074 3565 746 
7028 1543 1976 1547 
7029 3176 4232 2326 
7030 2327 4251 2209 
7031 1269 4357 4236 
7032 2842 4285 4150 
7033 610 1609 616 
7034 10 3192 11 
7035 1835 4288 1415 
7036 2845 3265 2963 
7037 2863 4415 4367 
7038 4151 4241 1486 
7039 1704 4264 2814 
7040 2808 4284 1767 
7041 1587 2301 2300 
7042 1206 4246 2168 
7043 2226 4296 2224 
7044 3606 4273 2537 
7045 569 2729 598 
7046 2963 4248 2219 
7047 1481 1516 1482 
7048 3054 4286 2564 
7049 4279 4323 4122 
7050 4551 4567 2637 
7051 514 4285 516 
7052 2386 2387 1691 
7053 2577 4303 2818 
7054 2962 4225 2358 
7055 3693 4471 3677 
7056 2205 4248 2207 
7057 2219 4248 2205 
7058 2120 2122 2119 
7059 2182 2254 2180 
7060 1765 4293 2579 
7061 2074 2075 2073 
7062 2425 4224 2422 
7063 2765 3050 2884 
7064 4048 4297 2833 
7065 2701 4417 3566 
7066 4128 4276 3515 
7067 4339 4350 2847 
7068 930 4367 799 
7069 3010 3011 3009 
7070 425 4970 3127 
7071 2207 4248 2327 
7072 1478 1480 1476 
7073 2898 4334 2656 
7074 2055 2056 2054 
7075 2348 4342 3015 
7076 2719 3307 2145 
7077 4099 4278 1399 
7078 326 5193 3260 
7079 1478 1481 1480 
7080 1143 4269 1165 
7081 3808 4315 3809 
7082 2055 4306 2660 
7083 2004 4056 2941 
7084 1658 4295 2616 
7085 2833 4297 4179 
7086 4209 4311 1092 
7087 578 579 577 
7088 1616 4184 1618 
7089 1122 4303 3953 
7090 3612 4388 4386 
7091 4263 4368 771 
7092 576 4270 582 
7093 179 427 180 
7094 11 428 12 
7095 2086 2088 2087 
7096 2196 2197 2195 
7097 1200 4314 1098 
7098 1549 1613 1551 
7099 2648 3143 2993 
7100 4282 4318 1450 
7101 3171 5188 3344 
7102 2698 4272 2261 
7103 1613 2051 1614 
7104 2194 2195 2193 
7105 4492 4500 2870 
7106 2194 2196 2195 
7107 1483 4322 4187 
7108 3245 3248 3247 
7109 2573 4337 4296 
7110 568 570 569 
7111 3102 3104 3103 
7112 4274 4320 1461 
7113 1839 4298 4145 
7114 1855 2584 1870 
7115 882 883 881 
7116 2990 4297 4048 
7117 4335 4353 3937 
7118 2787 2791 2790 
7119 1394 4278 1392 
7120 2945 2946 2387 
7121 2300 2624 2126 
7122 3963 4383 3964 
7123 629 630 622 
7124 1476 4301 586 
7125 876 878 877 
7126 572 573 570 
7127 1165 4269 1207 
7128 427 3123 180 
7129 1587 4336 2301 
7130 4334 4374 4107 
7131 974 4375 972 
7132 2414 3292 2767 
7133 2075 2609 2073 
7134 2088 2090 2089 
7135 4202 4323 2591 
7136 2418 3694 2415 
7137 3035 3734 2451 
7138 2261 4272 1907 
7139 1745 4310 4108 
7140 4205 4312 3001 
7141 2589 4353 4083 
7142 1539 4452 3958 
7143 568 4299 571 
7144 1450 4318 4060 
7145 3340 4225 2962 
7146 4321 4369 2583 
7147 1193 4392 1927 
7148 1618 4184 1980 
7149 4111 4341 4291 
7150 2844 4314 4206 
7151 3137 4224 2425 
7152 4219 4269 1143 
7153 3831 4406 4373 
7154 4186 4309 2569 
7155 2503 4386 2502 
7156 1461 4320 4059 
7157 2629 4405 2630 
7158 2942 4319 2701 
7159 2190 4462 4427 
7160 594 619 618 
7161 2927 2945 2387 
7162 1913 2273 1915 
7163 574 575 573 
7164 4145 4298 2688 
7165 2667 2671 2669 
7166 3105 3106 3104 
7167 2525 4419 1539 
7168 3612 4386 2535 
7169 3248 3250 3249 
7170 2384 4308 2972 
7171 3850 4573 689 
7172 1325 4351 3951 
7173 3108 3148 3115 
7174 4846 5155 4322 
7175 3287 5234 1529 
7176 564 4201 2601 
7177 2627 2986 2985 
7178 2676 2926 2575 
7179 878 4331 880 
7180 4303 4328 2818 
7181 2535 4386 2506 
7182 4296 4337 2847 
7183 878 880 879 
7184 4040 4857 3722 
7185 3551 4325 2279 
7186 1909 4272 2262 
7187 2841 4339 4318 
7188 2582 4312 4205 
7189 574 4270 576 
7190 1907 4272 1909 
7191 4187 4322 2571 
7192 2005 4056 2004 
7193 3006 4381 2921 
7194 1481 1482 1480 
7195 2753 4312 2582 
7196 3829 4432 4406 
7197 2329 4309 4186 
7198 586 4301 4201 
7199 3329 4648 2449 
7200 2613 4310 4173 
7201 3187 4428 3186 
7202 2422 4224 2424 
7203 1975 2005 2004 
7204 4320 4335 4059 
7205 4293 4351 2579 
7206 1170 1178 1169 
7207 26 3127 27 
7208 4383 4389 3964 
7209 2589 4378 4353 
7210 1122 4328 4303 
7211 1399 4278 1394 
7212 571 572 570 
7213 1587 2300 2126 
7214 2864 4375 4361 
7215 1392 4278 4037 
7216 2080 2081 2078 
7217 3341 4469 3340 
7218 4078 4330 2164 
7219 3061 4100 2620 
7220 2794 4324 3562 
7221 4285 4329 519 
7222 3951 4351 4293 
7223 2321 4445 3743 
7224 2230 4389 2228 
7225 1253 3641 1251 
7226 4020 4328 1122 
7227 3896 4384 2611 
7228 2925 3608 891 
7229 2300 3069 2624 
7230 2285 4321 1660 
7231 2592 4393 2858 
7232 4173 4310 1745 
7233 4122 4323 2181 
7234 4049 4399 2052 
7235 4199 4324 2794 
7236 1243 3804 1240 
7237 2433 4644 3315 
7238 2177 2178 2175 
7239 3836 4407 3837 
7240 2168 4354 1412 
7241 566 4299 568 
7242 4235 4321 2581 
7243 2453 3360 3042 
7244 1660 4321 4235 
7245 1516 1517 1482 
7246 4341 4382 4291 
7247 2591 4400 2863 
7248 1186 1573 1364 
7249 4568 4598 3721 
7250 768 1512 1511 
7251 1865 4396 2186 
7252 2121 2598 2275 
7253 969 4412 968 
7254 1207 4347 1196 
7255 4159 4333 2829 
7256 3697 4426 1269 
7257 3403 5239 22 
7258 2842 4329 4285 
7259 2617 4518 4436 
7260 3016 3017 2323 
7261 1596 4414 3462 
7262 1691 4294 1516 
7263 3954 4326 1187 
7264 2601 4299 566 
7265 2076 2077 2075 
7266 1081 4464 1084 
7267 206 4409 205 
7268 2571 4322 3158 
7269 1443 4411 3794 
7270 1595 4356 482 
7271 3029 4925 4738 
7272 880 4331 885 
7273 2864 4412 4375 
7274 2945 2947 2946 
7275 2420 4268 2418 
7276 3106 3107 3104 
7277 2220 4339 2841 
7278 880 882 881 
7279 4522 5108 261 
7280 4521 5107 93 
7281 2249 4301 1480 
7282 3798 4602 1405 
7283 4522 5066 476 
7284 4400 4415 2863 
7285 1152 4337 4044 
7286 1903 4334 4107 
7287 1712 4348 2132 
7288 2181 4323 4202 
7289 1306 4340 1308 
7290 1658 1659 626 
7291 4480 4497 3700 
7292 2656 4334 4194 
7293 4346 4361 3964 
7294 479 4370 481 
7295 2090 2092 2091 
7296 1758 4411 1443 
7297 1405 4585 3850 
7298 4059 4335 692 
7299 2573 4383 4337 
7300 574 576 575 
7301 2262 4304 1911 
7302 576 578 577 
7303 2856 4333 4159 
7304 1872 1973 1972 
7305 1975 2006 2005 
7306 3828 4443 4432 
7307 1659 1863 1862 
7308 4114 4378 2589 
7309 4166 4373 2555 
7310 572 574 573 
7311 1196 4347 1345 
7312 4241 4341 4111 
7313 4267 4300 3378 
7314 1915 2118 2117 
7315 2292 3522 2097 
7316 2857 4316 1847 
7317 3579 4941 439 
7318 2220 4350 4339 
7319 2592 4427 3786 
7320 749 4556 3560 
7321 4114 4390 4378 
7322 4465 4480 3700 
7323 4223 4329 2842 
7324 177 472 178 
7325 9 473 10 
7326 27 474 28 
7327 195 475 196 
7328 604 606 605 
7329 2232 4346 2230 
7330 3763 4471 3762 
7331 2501 3568 1867 
7332 2221 4350 2220 
7333 3800 4470 2529 
7334 3106 3108 3107 
7335 2122 3010 3009 
7336 2424 4268 2420 
7337 4194 4334 1903 
7338 2170 5157 3480 
7339 1249 3682 1247 
7340 1911 4304 1913 
7341 3108 3115 3107 
7342 2474 4364 2651 
7343 2829 4333 4292 
7344 1973 1975 1974 
7345 2814 4385 1706 
7346 2840 4353 4335 
7347 4231 4372 2567 
7348 4151 4341 4241 
7349 1035 4341 4151 
7350 4083 4353 2840 
7351 1872 2649 1973 
7352 2770 4785 3913 
7353 1480 4301 1476 
7354 1412 4354 1414 
7355 2579 4351 3795 
7356 1058 4514 3822 
7357 1764 4349 1389 
7358 481 4370 1581 
7359 2387 4294 1691 
7360 2034 4668 3502 
7361 2225 4422 2297 
7362 4442 4459 2878 
7363 2704 4422 2223 
7364 1523 1569 1522 
7365 1676 2450 2133 
7366 4326 4424 3517 
7367 1913 4304 2273 
7368 2118 2121 2120 
7369 570 4313 569 
7370 482 4356 480 
7371 3130 5013 3288 
7372 2555 4373 4175 
7373 2983 5236 4530 
7374 676 4442 675 
7375 907 909 908 
7376 731 4624 3798 
7377 2201 4539 4495 
7378 771 4362 764 
7379 2709 2710 2053 
7380 2045 4413 2043 
7381 2863 4418 2588 
7382 290 4455 445 
7383 1858 1940 1939 
7384 3566 4417 4298 
7385 1516 4294 1517 
7386 1473 4336 1587 
7387 4262 4344 1343 
7388 4279 4400 4323 
7389 1847 4316 1855 
7390 3771 4490 2621 
7391 4443 4476 4019 
7392 3521 4431 4284 
7393 1355 1522 1354 
7394 4353 4378 3937 
7395 1855 4316 2584 
7396 2780 3280 2910 
7397 2946 4294 2387 
7398 1493 3642 1491 
7399 2529 4366 1785 
7400 3356 4865 3438 
7401 2078 4352 2077 
7402 2585 4361 4346 
7403 4570 5123 3143 
7404 2631 4436 1010 
7405 3003 4766 2793 
7406 573 4313 570 
7407 797 4415 795 
7408 4178 4336 1473 
7409 569 4313 2729 
7410 4010 5219 3465 
7411 2128 2142 2141 
7412 1039 4429 3800 
7413 2097 2101 2100 
7414 571 626 572 
7415 1672 2682 1923 
7416 3754 4539 3719 
7417 3958 4363 2408 
7418 3416 5227 3417 
7419 2418 4268 3694 
7420 4337 4383 4044 
7421 2398 4376 1675 
7422 2142 2359 2274 
7423 2671 4387 3073 
7424 2082 2083 2081 
7425 2578 4344 4262 
7426 1825 4365 1420 
7427 2567 4372 3553 
7428 945 4546 947 
7429 2873 4402 4099 
7430 4329 4381 584 
7431 2948 4380 2143 
7432 4490 4505 2621 
7433 4521 4683 477 
7434 2587 4407 4390 
7435 2121 2275 2120 
7436 383 4435 210 
7437 209 4435 461 
7438 2603 4423 2047 
7439 2693 3542 2343 
7440 1035 4382 4341 
7441 2123 2124 1702 
7442 1659 1862 626 
7443 1706 4385 1709 
7444 2474 4449 4446 
7445 2083 2280 2081 
7446 1217 1339 1218 
7447 1344 3641 1253 
7448 4482 4516 2237 
7449 3467 4446 2877 
7450 4298 4417 2688 
7451 3850 4585 4573 
7452 2007 2009 2008 
7453 4236 4357 2832 
7454 2395 4560 2412 
7455 2118 2120 2119 
7456 799 4367 797 
7457 2285 4369 4321 
7458 1042 4375 974 
7459 2935 4713 4701 
7460 2861 4549 3140 
7461 2880 4449 2167 
7462 2587 4390 4114 
7463 2873 4429 4402 
7464 2858 4368 4217 
7465 2854 4336 4178 
7466 2598 3060 2275 
7467 2858 4393 4362 
7468 798 4440 900 
7469 2763 4369 2285 
7470 4413 4423 3837 
7471 2081 4352 2078 
7472 2395 2410 2409 
7473 3937 4378 1066 
7474 2092 2094 2093 
7475 366 4455 291 
7476 2832 4357 4255 
7477 22 5239 4463 
7478 3296 4776 2695 
7479 1383 3565 1074 
7480 1490 4440 796 
7481 4175 4373 4125 
7482 2584 4327 1870 
7483 1682 1868 1684 
7484 4044 4383 3963 
7485 367 4454 297 
7486 4107 4374 2679 
7487 2414 2767 2111 
7488 2649 4395 1973 
7489 1269 4426 4357 
7490 2084 2085 2083 
7491 2185 4427 2592 
7492 2611 4384 3925 
7493 1876 1878 1877 
7494 2011 2128 2012 
7495 2009 2011 2010 
7496 2248 4881 3163 
7497 2835 4368 4263 
7498 1604 4359 1363 
7499 897 907 906 
7500 2764 2765 2051 
7501 2202 4617 4598 
7502 600 604 603 
7503 2190 4427 2187 
7504 2867 4807 2868 
7505 1559 1953 1582 
7506 2573 4389 4383 
7507 4378 4390 1066 
7508 3010 3023 3011 
7509 1870 4327 1872 
7510 2506 4386 2503 
7511 1066 4390 3973 
7512 4217 4368 2835 
7513 2717 4391 3470 
7514 216 4461 215 
7515 3756 4462 3757 
7516 2784 2786 2785 
7517 2006 2007 2005 
7518 2086 2087 2085 
7519 2228 4389 2573 
7520 445 4502 3702 
7521 681 4459 679 
7522 4922 5160 4021 
7523 2328 4483 1792 
7524 4362 4393 763 
7525 2087 2099 2085 
7526 740 741 739 
7527 3879 4508 1403 
7528 4255 4357 2857 
7529 4253 4382 1035 
7530 2502 4388 3725 
7531 4278 4402 4037 
7532 2921 4381 4223 
7533 2101 2393 2392 
7534 1644 4457 1646 
7535 3501 4616 3500 
7536 2465 2473 2056 
7537 4390 4407 3973 
7538 1863 2054 2053 
7539 1733 4443 4019 
7540 1060 4497 3737 
7541 2006 2575 2007 
7542 3497 4634 3494 
7543 1573 1857 1574 
7544 2692 4377 2983 
7545 2616 4528 4307 
7546 4034 4437 1454 
7547 3413 4740 4620 
7548 4099 4402 4278 
7549 2681 4713 2935 
7550 4284 4431 2707 
7551 4412 4420 968 
7552 1796 4644 1798 
7553 4037 4402 3924 
7554 4373 4406 4125 
7555 3894 4992 2294 
7556 4223 4381 4329 
7557 2052 4399 2890 
7558 1547 4403 1549 
7559 4323 4400 2591 
7560 3039 4473 4445 
7561 2176 3078 2325 
7562 1613 2764 2051 
7563 2901 4397 731 
7564 4427 4462 3786 
7565 4366 4467 4062 
7566 1864 4396 1865 
7567 1608 4415 4400 
7568 2739 4821 3012 
7569 2850 4491 2852 
7570 4333 4419 2525 
7571 1973 4395 1975 
7572 3508 4730 1921 
7573 1517 4637 4603 
7574 614 2610 612 
7575 1589 2317 1943 
7576 3628 4512 3697 
7577 702 4485 3824 
7578 4367 4418 2863 
7579 2273 4371 1915 
7580 1872 4327 2649 
7581 2856 4419 4333 
7582 593 600 599 
7583 1666 1679 1678 
7584 3271 3273 3272 
7585 930 4418 4367 
7586 2280 4352 2081 
7587 1976 4403 1547 
7588 3289 3290 2710 
7589 1405 4602 4585 
7590 1812 4491 4102 
7591 3417 5227 465 
7592 4419 4452 1539 
7593 4798 5252 1507 
7594 3492 4498 1183 
7595 2019 4467 2872 
7596 4062 4405 2629 
7597 1589 4540 2317 
7598 2449 4648 3077 
7599 4407 4413 3837 
7600 2111 4359 1604 
7601 2088 2089 2087 
7602 1549 4403 1613 
7603 389 4409 206 
7604 1151 1169 1150 
7605 1157 1192 1156 
7606 1408 4505 3726 
7607 3973 4407 3836 
7608 1408 4518 4505 
7609 4984 4992 3894 
7610 1239 1795 1236 
7611 3404 4772 421 
7612 4566 4857 2949 
7613 1374 1376 1375 
7614 3926 4488 2632 
7615 1387 1594 1593 
7616 2935 4701 4692 
7617 4364 4446 3467 
7618 3772 4615 1272 
7619 4402 4429 3924 
7620 734 735 635 
7621 4361 4375 1042 
7622 2056 4345 2054 
7623 4357 4426 2857 
7624 1940 1942 1941 
7625 1193 1354 1192 
7626 4125 4406 1851 
7627 694 4500 695 
7628 30 4529 29 
7629 198 4531 197 
7630 1975 4395 2006 
7631 623 4414 648 
7632 2031 4411 1758 
7633 1511 4360 3446 
7634 1215 1217 1216 
7635 222 4493 4003 
7636 447 4493 223 
7637 2343 2344 1799 
7638 3176 4460 4232 
7639 1608 4400 4279 
7640 972 4412 969 
7641 1499 3642 1493 
7642 1863 2053 1862 
7643 2612 4492 2870 
7644 4446 4449 2876 
7645 1798 1799 1797 
7646 4098 4473 930 
7647 2043 4413 2587 
7648 3873 4416 2161 
7649 2617 4494 2239 
7650 4232 4460 3657 
7651 2642 4721 4590 
7652 3798 4624 4602 
7653 4331 4332 885 
7654 1942 2175 2174 
7655 2343 3542 2344 
7656 2090 2091 2089 
7657 2924 4746 4732 
7658 3643 4496 4430 
7659 2709 3289 2710 
7660 795 4415 1608 
7661 898 4317 895 
7662 2118 4371 2121 
7663 382 4506 307 
7664 306 4506 453 
7665 1272 4562 3628 
7666 574 4401 4270 
7667 744 750 743 
7668 3168 3169 2539 
7669 939 4177 936 
7670 2924 4760 4746 
7671 2097 2100 2094 
7672 2688 4417 2931 
7673 4406 4432 1851 
7674 2602 4420 2864 
7675 2223 4422 2225 
7676 2834 4543 4489 
7677 1915 4371 2118 
7678 1044 1150 1043 
7679 3340 4469 4225 
7680 2580 4424 4326 
7681 1857 4394 1858 
7682 3663 4547 3667 
7683 2236 4482 2237 
7684 450 4515 227 
7685 226 4515 349 
7686 3571 3573 2712 
7687 357 4520 240 
7688 2247 2913 2388 
7689 2588 4418 2619 
7690 1554 3682 1249 
7691 3316 5008 2694 
7692 920 3491 916 
7693 3790 4518 1408 
7694 1876 1877 1537 
7695 2774 4424 2580 
7696 2727 4481 2859 
7697 1796 1797 1795 
7698 2601 4433 4295 
7699 4592 5234 3083 
7700 2711 3004 2452 
7701 3643 4430 1159 
7702 2727 2859 2728 
7703 3828 4476 4443 
7704 1159 4430 1186 
7705 2047 4423 2045 
7706 2872 4467 4366 
7707 2201 4495 2191 
7708 3467 4702 364 
7709 1588 4177 939 
7710 2144 2452 2143 
7711 3295 4802 582 
7712 1702 4438 1344 
7713 2216 4510 2218 
7714 4237 4419 2856 
7715 2721 4858 2722 
7716 4108 4551 2637 
7717 4457 4606 1646 
7718 2395 2409 2393 
7719 2187 4427 2185 
7720 2779 2780 2124 
7721 1232 4489 1230 
7722 2245 2247 2246 
7723 2572 4519 2937 
7724 3924 4429 1039 
7725 736 737 735 
7726 367 5216 4170 
7727 2707 4431 2708 
7728 441 4578 85 
7729 1186 4430 1573 
7730 462 4677 3438 
7731 4201 4433 2601 
7732 2608 4465 2878 
7733 1212 1215 1214 
7734 390 4537 38 
7735 3240 3244 3242 
7736 4966 5237 3267 
7737 1851 4432 4174 
7738 572 4401 574 
7739 84 4578 375 
7740 702 4500 4492 
7741 742 743 741 
7742 2902 4845 3427 
7743 2605 4480 4215 
7744 1573 2615 1857 
7745 210 4435 209 
7746 4616 4983 3500 
7747 1594 1666 1665 
7748 2054 2709 2053 
7749 2092 2093 2091 
7750 407 4550 75 
7751 4430 4496 2615 
7752 3282 4434 3283 
7753 2093 2143 2091 
7754 1010 4436 3790 
7755 3399 4376 2398 
7756 2767 4359 2111 
7757 1982 1984 1983 
7758 930 4473 4418 
7759 2243 2245 2244 
7760 1986 1987 1984 
7761 2864 4420 4412 
7762 2474 4446 4364 
7763 2782 2784 2783 
7764 1596 3462 1674 
7765 3837 4439 770 
7766 2587 4413 4407 
7767 3262 5198 383 
7768 4429 4470 3800 
7769 1613 4403 2764 
7770 3425 5172 3160 
7771 4169 4532 2604 
7772 2083 4410 2280 
7773 2413 2441 2410 
7774 2101 2392 2100 
7775 4225 4469 2467 
7776 796 4440 798 
7777 1220 4450 1222 
7778 2880 4516 4482 
7779 2631 4494 4436 
7780 626 4401 572 
7781 3861 4586 1409 
7782 2615 3525 1857 
7783 2857 4426 4316 
7784 117 4612 403 
7785 4476 4485 2614 
7786 1862 4401 626 
7787 2885 4558 2631 
7788 2996 4437 4034 
7789 679 4442 676 
7790 3628 4562 4512 
7791 3478 4468 3479 
7792 2877 4446 2876 
7793 2958 3159 2359 
7794 2011 2434 2128 
7795 2099 4410 2085 
7796 3290 4583 2710 
7797 1868 2461 2110 
7798 2167 4449 2474 
7799 628 734 635 
7800 2450 2777 2776 
7801 4439 4459 770 
7802 2603 4439 4423 
7803 1878 1880 1879 
7804 2885 4563 4558 
7805 1992 1995 1994 
7806 1684 4671 1685 
7807 3370 4466 3371 
7808 751 1043 750 
7809 4301 4433 4201 
7810 2975 3286 2714 
7811 1672 4574 2682 
7812 2923 4768 4760 
7813 689 4567 3808 
7814 1990 1991 1988 
7815 2473 4345 2056 
7816 4019 4476 2614 
7817 4174 4443 1733 
7818 1537 4398 1499 
7819 2347 3007 2345 
7820 1013 4594 3861 
7821 297 4454 296 
7822 4432 4443 4174 
7823 2442 2685 2441 
7824 2917 3522 2292 
7825 3015 4484 2639 
7826 5085 5124 2925 
7827 2638 4456 2250 
7828 2923 4760 2924 
7829 3743 4445 4098 
7830 291 4455 290 
7831 381 5097 3572 
7832 1880 1959 1958 
7833 2668 4474 2666 
7834 4495 4539 3757 
7835 2176 4511 3078 
7836 2250 4457 1644 
7837 2201 4568 3952 
7838 2394 4560 2395 
7839 3246 4754 3749 
7840 2392 2634 2100 
7841 4456 4457 2250 
7842 2129 3548 2456 
7843 4401 4503 4270 
7844 4418 4473 2619 
7845 1358 5138 3787 
7846 2093 2144 2143 
7847 3487 4687 436 
7848 3869 4609 1058 
7849 356 4571 46 
7850 45 4571 459 
7851 4149 4563 2558 
7852 2249 4528 4433 
7853 614 4305 2610 
7854 3786 4462 3756 
7855 2144 2711 2452 
7856 1332 4486 1250 
7857 1995 2102 1996 
7858 2094 4444 2093 
7859 3861 4594 4586 
7860 3551 4790 3184 
7861 2142 2958 2359 
7862 414 4856 3419 
7863 770 4459 681 
7864 2780 2781 2124 
7865 3245 4541 3248 
7866 622 4305 614 
7867 4131 4547 2457 
7868 4433 4528 4295 
7869 2177 2179 2178 
7870 3257 3258 2634 
7871 3769 4612 118 
7872 215 4461 361 
7873 3296 3325 2454 
7874 2909 4452 4237 
7875 2711 3985 3004 
7876 2682 4574 3319 
7877 2085 4410 2083 
7878 2054 4345 2709 
7879 4237 4452 4419 
7880 1344 4438 3641 
7881 23 4463 347 
7882 3842 4621 3843 
7883 2876 4482 2236 
7884 3102 4535 3105 
7885 3789 4679 3807 
7886 2249 4433 4301 
7887 2671 3067 2669 
7888 3178 4460 3176 
7889 1079 4464 1081 
7890 1573 4430 2615 
7891 4606 4607 1662 
7892 4442 4465 675 
7893 4287 4475 2635 
7894 2558 4577 2638 
7895 2853 4579 2851 
7896 3939 4868 2303 
7897 3270 4768 2923 
7898 702 4492 4485 
7899 1534 1568 1567 
7900 1858 4394 1940 
7901 3078 3079 2325 
7902 1009 4705 3789 
7903 2366 4451 2364 
7904 3024 5014 3699 
7905 2710 4503 2053 
7906 1190 1191 1161 
7907 916 3491 917 
7908 3728 4490 4382 
7909 4436 4494 2617 
7910 1065 1156 1064 
7911 2393 4458 2392 
7912 2996 5092 4437 
7913 1981 1982 1679 
7914 3762 4471 3693 
7915 412 4589 69 
7916 3141 4707 3269 
7917 2593 4569 2996 
7918 2685 3255 2441 
7919 619 1506 621 
7920 785 4590 1498 
7921 2872 4470 2873 
7922 1022 1024 1023 
7923 2719 4687 3487 
7924 4563 4577 2558 
7925 1663 5197 4757 
7926 1564 4553 2733 
7927 2392 3257 2634 
7928 3827 4485 4476 
7929 2296 4467 2019 
7930 2124 4438 1702 
7931 2539 4421 1588 
7932 3827 4476 3828 
7933 436 4665 3487 
7934 1862 4503 4401 
7935 2910 2911 2781 
7936 2660 4637 3582 
7937 3525 4394 1857 
7938 2642 4590 3966 
7939 2193 4568 2201 
7940 916 917 912 
7941 927 4501 922 
7942 2069 4533 2605 
7943 2365 4584 2367 
7944 3870 4712 1009 
7945 3249 5076 3254 
7946 2958 3160 3159 
7947 2873 4470 4429 
7948 2179 2182 2180 
7949 2635 4475 2702 
7950 737 740 739 
7951 299 4601 298 
7952 4315 4567 4551 
7953 4382 4490 4291 
7954 2303 4879 3939 
7955 2865 5152 3003 
7956 1009 4712 4705 
7957 2745 2747 2744 
7958 4377 5236 2983 
7959 2916 4877 2917 
7960 2619 4473 3039 
7961 2880 4482 4449 
7962 3843 4607 2644 
7963 3591 5083 3135 
7964 1182 4688 1346 
7965 3842 4629 4621 
7966 2256 4542 3766 
7967 3616 4828 59 
7968 2494 4565 2491 
7969 2628 4600 2720 
7970 1183 4498 1682 
7971 2780 2910 2781 
7972 1792 4483 1864 
7973 345 4883 4857 
7974 3492 4645 4498 
7975 2202 4598 2197 
7976 1080 4618 1078 
7977 1881 1882 1512 
7978 694 4507 4500 
7979 3107 5122 3669 
7980 641 769 767 
7981 3772 4649 4615 
7982 3174 4630 3381 
7983 2643 4623 3903 
7984 1942 2176 2175 
7985 3736 4632 3644 
7986 3824 4485 3827 
7987 2640 2680 2349 
7988 587 4113 601 
7989 3209 3210 2966 
7990 2182 2271 2254 
7991 3995 4878 2977 
7992 4215 4480 2608 
7993 2748 2966 2747 
7994 4423 4439 3837 
7995 3728 4505 4490 
7996 2878 4465 4442 
7997 3697 4512 4426 
7998 2718 4687 2719 
7999 1648 4606 1662 
8000 2632 4488 2633 
8001 1555 1589 1556 
8002 2087 4479 2099 
8003 3450 4545 1332 
8004 3691 4805 3689 
8005 238 4611 406 
8006 460 4536 4008 
8007 4542 4631 3118 
8008 645 1195 637 
8009 584 4622 4132 
8010 1236 4489 1232 
8011 2946 4731 4652 
8012 1182 1189 1188 
8013 394 4613 335 
8014 334 4613 465 
8015 2784 4591 2788 
8016 4577 4586 2638 
8017 2100 4444 2094 
8018 3690 4508 3879 
8019 2614 4492 2612 
8020 4462 4495 3757 
8021 2892 4606 4457 
8022 2871 4551 4310 
8023 911 912 910 
8024 3088 5196 4483 
8025 4102 4491 2850 
8026 922 4501 920 
8027 2744 4474 2668 
8028 894 897 896 
8029 3700 4497 1060 
8030 1950 5106 3318 
8031 2344 2346 2345 
8032 2670 2744 2668 
8033 3673 4690 80 
8034 3995 5021 415 
8035 471 4529 30 
8036 470 4531 198 
8037 1945 4728 2378 
8038 4629 4640 4066 
8039 223 4493 222 
8040 1332 4545 4486 
8041 3469 5283 3044 
8042 4765 5187 1505 
8043 4665 4683 3487 
8044 1403 4737 3870 
8045 4380 4479 2089 
8046 4428 4634 352 
8047 2631 4558 4494 
8048 3451 4620 1382 
8049 2235 4892 4831 
8050 1666 1981 1679 
8051 5029 5244 2869 
8052 4498 4645 2843 
8053 2176 2177 2175 
8054 903 4626 879 
8055 590 593 592 
8056 3422 4576 3936 
8057 2409 4458 2393 
8058 695 4500 702 
8059 1347 1360 1359 
8060 2239 4494 4172 
8061 4409 5264 3082 
8062 1953 3881 1954 
8063 2320 4646 2321 
8064 3702 4502 3703 
8065 203 4630 202 
8066 1222 4450 1225 
8067 4315 4551 2871 
8068 3529 4800 3122 
8069 2191 4495 2190 
8070 1794 4496 3643 
8071 4505 4518 2621 
8072 4291 4490 3771 
8073 1797 2834 1795 
8074 606 607 605 
8075 3987 4636 3986 
8076 2346 2348 2347 
8077 2089 4479 2087 
8078 3253 4453 3250 
8079 2910 2954 2911 
8080 4420 4554 3869 
8081 3726 4505 3728 
8082 3640 4706 1921 
8083 2997 4836 3569 
8084 3449 4977 3450 
8085 307 4506 306 
8086 2609 4605 2073 
8087 2348 2639 2349 
8088 2071 4533 2069 
8089 3870 4737 4712 
8090 2461 4504 2462 
8091 1022 1023 932 
8092 1877 4398 1537 
8093 1499 4398 3642 
8094 3079 3219 2325 
8095 3838 4647 3841 
8096 1671 4523 1670 
8097 2344 2345 1799 
8098 1674 4517 1676 
8099 1795 4489 1236 
8100 2870 4507 2871 
8101 2608 4480 4465 
8102 1682 4498 1868 
8103 2093 4444 2144 
8104 942 4751 940 
8105 3169 4421 2539 
8106 1657 4629 4066 
8107 1883 1884 1882 
8108 580 1690 588 
8109 451 4638 232 
8110 4546 4887 947 
8111 1024 1026 1025 
8112 630 4305 622 
8113 2781 4438 2124 
8114 1676 4517 2450 
8115 2881 4516 2880 
8116 3558 4957 4825 
8117 3789 4705 4679 
8118 908 1514 906 
8119 3757 4539 3754 
8120 1958 2723 1879 
8121 909 910 908 
8122 2176 2325 2177 
8123 4068 4631 2256 
8124 1720 4659 1734 
8125 3822 4514 3747 
8126 877 4626 2854 
8127 95 3310 469 
8128 971 4655 982 
8129 1230 4543 1228 
8130 2469 4510 2216 
8131 227 4515 226 
8132 1588 4421 4177 
8133 2904 4711 4081 
8134 3143 3144 2993 
8135 1182 1188 1062 
8136 929 1979 927 
8137 3574 4542 3118 
8138 301 4653 413 
8139 2392 4458 3257 
8140 4449 4482 2876 
8141 1385 5283 3469 
8142 4006 4653 302 
8143 2237 4516 2602 
8144 3497 4847 352 
8145 2621 4518 2617 
8146 1517 4603 1482 
8147 1878 1879 1877 
8148 3807 4658 970 
8149 4426 4512 4316 
8150 465 4654 333 
8151 332 4654 391 
8152 2627 2985 2241 
8153 240 4520 239 
8154 2843 2957 2461 
8155 3018 4519 2572 
8156 1812 4768 4491 
8157 2724 2974 2723 
8158 603 1920 599 
8159 612 4425 607 
8160 1868 2843 2461 
8161 2430 4448 2831 
8162 2397 5172 3425 
8163 621 4544 628 
8164 3327 5007 3328 
8165 3356 3393 3355 
8166 2725 4814 2727 
8167 1361 4685 1504 
8168 2469 4527 4510 
8169 4171 5202 3036 
8170 2917 4697 3523 
8171 887 4758 3681 
8172 4497 4533 3737 
8173 3059 5069 2964 
8174 2953 4589 3306 
8175 3601 4673 3598 
8176 1040 4546 945 
8177 4598 4617 3721 
8178 2634 4444 2100 
8179 578 580 579 
8180 589 4113 587 
8181 3281 4527 2469 
8182 3132 5186 4861 
8183 1350 4964 2646 
8184 3459 5116 5048 
8185 882 884 883 
8186 2547 4672 1930 
8187 1498 4532 4169 
8188 477 4665 175 
8189 174 4665 436 
8190 2104 4808 2106 
8191 2881 4554 4516 
8192 580 587 579 
8193 3007 4499 2345 
8194 884 2743 892 
8195 897 4575 1508 
8196 884 890 883 
8197 2725 2727 2726 
8198 38 4537 37 
8199 3843 4621 4607 
8200 734 736 735 
8201 1617 4730 2034 
8202 3689 4786 3690 
8203 2258 2299 1924 
8204 3621 4700 3622 
8205 2253 2430 2252 
8206 588 589 587 
8207 2243 2244 1959 
8208 4086 4661 1460 
8209 920 4501 3491 
8210 3101 4535 3102 
8211 4316 4512 2584 
8212 590 591 589 
8213 3344 5188 65 
8214 3252 3253 3250 
8215 689 4573 4567 
8216 2346 2347 2345 
8217 4516 4554 2602 
8218 896 898 895 
8219 3618 4763 1668 
8220 2446 2740 2739 
8221 2450 3190 2777 
8222 593 4572 3395 
8223 3664 4547 3663 
8224 592 594 591 
8225 24 4548 25 
8226 1564 2733 2324 
8227 388 4677 42 
8228 41 4677 462 
8229 4161 4660 2882 
8230 3425 5070 1241 
8231 740 742 741 
8232 1990 1992 1991 
8233 1703 4749 2460 
8234 4485 4492 2614 
8235 1853 1950 1568 
8236 2071 4605 4533 
8237 1986 1988 1987 
8238 3018 5019 4997 
8239 4494 4558 4172 
8240 4506 4806 453 
8241 1272 4615 4562 
8242 2966 4487 2747 
8243 4603 4637 4307 
8244 3015 5169 4557 
8245 896 4582 898 
8246 2663 4695 3175 
8247 2986 4998 3291 
8248 3505 4668 3508 
8249 4055 4676 1462 
8250 769 1064 767 
8251 80 4690 79 
8252 2640 3183 2680 
8253 3163 4872 3164 
8254 1921 4730 1619 
8255 892 893 890 
8256 75 4550 74 
8257 2190 4495 4462 
8258 3361 4870 3042 
8259 884 4619 2743 
8260 3003 5152 4461 
8261 2938 3489 2786 
8262 4590 4721 3362 
8263 4081 4756 2904 
8264 894 895 893 
8265 1347 1359 1189 
8266 1880 1958 1879 
8267 2714 4451 2366 
8268 2605 4533 4497 
8269 4438 4580 3641 
8270 718 4701 715 
8271 4512 4562 2584 
8272 2489 4714 1969 
8273 616 617 611 
8274 2665 2667 2666 
8275 2639 2640 2349 
8276 1504 4715 1362 
8277 2348 2349 2347 
8278 1212 4596 1215 
8279 125 4693 124 
8280 736 4534 737 
8281 907 908 906 
8282 2053 4503 1862 
8283 2920 4682 3005 
8284 28 4990 2 
8285 2 4990 92 
8286 3936 4576 454 
8287 1534 1567 1360 
8288 3690 4786 4762 
8289 2667 4699 2671 
8290 592 4588 594 
8291 4295 4528 2616 
8292 734 2665 736 
8293 1368 1555 1369 
8294 604 605 603 
8295 607 610 608 
8296 1374 1375 1372 
8297 600 603 599 
8298 3462 4517 1674 
8299 1160 1161 1038 
8300 607 4425 610 
8301 3198 4703 3974 
8302 1982 1985 1984 
8303 364 4702 135 
8304 1041 4692 720 
8305 3587 4697 350 
8306 2667 2669 2668 
8307 3860 4758 817 
8308 1350 2646 2645 
8309 2861 4923 4549 
8310 4066 4640 2657 
8311 3017 4633 2323 
8312 3307 3309 2699 
8313 3823 4733 2463 
8314 610 616 611 
8315 610 611 608 
8316 3950 5100 3948 
8317 4310 4551 4108 
8318 2700 4703 2942 
8319 5086 5100 3950 
8320 2733 2735 2734 
8321 2491 4565 1168 
8322 3531 4933 2855 
8323 1026 1028 1027 
8324 3030 4694 4146 
8325 2913 2944 2388 
8326 5024 5140 2958 
8327 2610 4425 612 
8328 3494 4634 3496 
8329 3641 4580 1554 
8330 1933 4711 2904 
8331 932 4477 929 
8332 897 906 896 
8333 3026 4875 2939 
8334 4500 4507 2870 
8335 912 913 910 
8336 3128 4559 3605 
8337 2994 4944 3415 
8338 593 599 592 
8339 4559 5190 2761 
8340 4047 5252 4798 
8341 4558 4563 1869 
8342 471 4530 4529 
8343 767 768 642 
8344 4172 4558 1869 
8345 2247 2388 2246 
8346 742 744 743 
8347 173 4723 172 
8348 2182 2956 2271 
8349 182 4566 183 
8350 1180 4987 743 
8351 4941 5131 439 
8352 505 4704 502 
8353 3248 4541 3252 
8354 2245 2246 2244 
8355 500 4704 1575 
8356 607 608 605 
8357 2670 2746 2745 
8358 4474 4534 2666 
8359 361 4726 214 
8360 213 4726 456 
8361 1028 1030 1029 
8362 641 642 633 
8363 3495 4983 3497 
8364 2791 2792 2790 
8365 3006 4622 4381 
8366 3691 4834 4805 
8367 1958 2724 2723 
8368 1869 4563 4149 
8369 2929 4694 3166 
8370 4628 4667 1532 
8371 172 4736 171 
8372 1885 1886 1884 
8373 2665 2666 736 
8374 4566 5190 3126 
8375 2655 4650 2897 
8376 169 4738 168 
8377 1572 4574 1672 
8378 4533 4605 3737 
8379 1382 4620 1387 
8380 4729 4764 2633 
8381 2834 4489 1795 
8382 1030 1032 1031 
8383 1868 4498 2843 
8384 398 3305 273 
8385 2664 4735 3154 
8386 1663 4757 3899 
8387 46 4571 45 
8388 637 4525 630 
8389 2861 3000 2860 
8390 768 1881 1512 
8391 4441 5225 2979 
8392 2885 4577 4563 
8393 3056 4569 2593 
8394 632 633 617 
8395 1032 1067 1037 
8396 2122 4681 3010 
8397 202 4744 201 
8398 4520 4611 239 
8399 3120 5280 3513 
8400 2637 4573 2636 
8401 4643 5166 5094 
8402 2633 4764 4120 
8403 2868 4807 4027 
8404 34 4748 33 
8405 2670 2745 2744 
8406 1252 4761 1254 
8407 2195 4568 2193 
8408 3613 4856 3614 
8409 4660 4689 3747 
8410 4687 4723 436 
8411 3244 4541 3245 
8412 1170 1197 1178 
8413 2388 2389 2246 
8414 3354 3355 3351 
8415 3957 4577 2885 
8416 4484 4552 2639 
8417 1979 4501 927 
8418 744 751 750 
8419 2682 3319 3318 
8420 85 4578 84 
8421 2667 2668 2666 
8422 4395 4649 2676 
8423 1506 4544 621 
8424 281 4996 1 
8425 628 4544 734 
8426 3278 4579 2853 
8427 4168 4729 1490 
8428 2977 5021 3995 
8429 2602 4554 4420 
8430 2745 2748 2747 
8431 3808 4567 4315 
8432 1590 4540 1589 
8433 2347 4526 3007 
8434 1799 4499 1797 
8435 2774 5277 3832 
8436 2450 4517 3190 
8437 2410 4663 2409 
8438 1 4996 9 
8439 2868 2869 2686 
8440 1197 1368 1208 
8441 4286 4716 2730 
8442 742 1194 744 
8443 4649 4718 2676 
8444 3230 4662 3229 
8445 3293 5236 466 
8446 4491 4768 3270 
8447 737 4534 740 
8448 2748 3209 2966 
8449 818 4758 887 
8450 2334 4756 4081 
8451 4573 4585 2636 
8452 2584 4562 4327 
8453 2946 4652 4294 
8454 2359 4752 2360 
8455 4065 4746 1045 
8456 2724 4447 2974 
8457 3248 3252 3250 
8458 455 4983 4616 
8459 2781 4580 4438 
8460 1940 4511 1942 
8461 3302 4749 3490 
8462 3747 4689 3746 
8463 2075 4717 2609 
8464 3507 4929 4148 
8465 2874 4942 3296 
8466 1942 4511 2176 
8467 609 4765 557 
8468 3001 5015 2999 
8469 1409 4586 3957 
8470 3622 4867 2779 
8471 1513 4775 883 
8472 2680 4526 2349 
8473 4676 5250 1462 
8474 3018 4997 4519 
8475 6 5003 260 
8476 2984 4772 3404 
8477 555 4765 1505 
8478 2848 5155 4846 
8479 3415 4944 340 
8480 2275 4681 2120 
8481 1990 1993 1992 
8482 4481 4923 2859 
8483 1044 1151 1150 
8484 421 4772 338 
8485 1986 1989 1988 
8486 4050 4617 2202 
8487 3129 4771 2749 
8488 69 4589 68 
8489 4394 4511 1940 
8490 3948 5110 3949 
8491 2636 4585 2652 
8492 3966 4590 785 
8493 2609 4632 4605 
8494 3690 4762 4508 
8495 3880 4796 3172 
8496 3707 4800 3705 
8497 4543 4774 1238 
8498 196 5003 6 
8499 4270 4583 582 
8500 2195 4598 4568 
8501 3671 5119 2708 
8502 1151 1170 1169 
8503 4586 4594 2638 
8504 3957 4586 4577 
8505 1024 1025 1023 
8506 4488 4729 2633 
8507 5100 5110 3948 
8508 3286 4451 2714 
8509 256 4810 397 
8510 4811 5026 2998 
8511 4864 4954 374 
8512 3689 4805 4786 
8513 2892 4607 4606 
8514 3106 4739 3108 
8515 1407 4895 3463 
8516 1680 4781 3692 
8517 2466 4731 4696 
8518 2669 2670 2668 
8519 1559 1582 1378 
8520 1350 2645 1211 
8521 4444 4587 2144 
8522 3419 4856 2940 
8523 3055 4780 2894 
8524 2639 4552 2640 
8525 3817 4928 3816 
8526 2973 4887 4546 
8527 2751 4782 4071 
8528 881 4775 903 
8529 2957 4504 2461 
8530 3572 5097 2982 
8531 3122 5020 3434 
8532 3258 4587 2634 
8533 2523 4763 2524 
8534 3427 4845 4576 
8535 751 1044 1043 
8536 3032 4994 2997 
8537 3357 5215 3032 
8538 1027 1560 1025 
8539 4047 4790 2762 
8540 2360 5129 3465 
8541 1881 1883 1882 
8542 2955 4792 2266 
8543 1177 5001 3458 
8544 2882 4660 4514 
8545 2630 4600 2628 
8546 1883 2725 1885 
8547 2687 4785 2770 
8548 1037 1038 1031 
8549 368 4791 141 
8550 1567 4639 4338 
8551 3114 5159 3433 
8552 2434 4977 4358 
8553 5021 5185 415 
8554 2367 4584 4552 
8555 298 4601 367 
8556 1190 1211 1191 
8557 3716 4806 4506 
8558 4287 4780 4475 
8559 2268 4792 2672 
8560 295 4795 417 
8561 1195 4525 637 
8562 4509 5218 3447 
8563 2197 4598 2195 
8564 3219 4513 2325 
8565 2859 2860 2728 
8566 767 4561 768 
8567 4750 5157 2170 
8568 4565 4618 1168 
8569 3227 5143 3228 
8570 1465 4793 543 
8571 4528 4603 4307 
8572 1797 4499 2834 
8573 2710 4583 4503 
8574 540 4793 539 
8575 751 1527 1044 
8576 906 4582 896 
8577 2825 4803 3139 
8578 4086 5072 4661 
8579 3816 4806 3715 
8580 595 4798 535 
8581 1482 4603 2249 
8582 5110 5120 3949 
8583 4585 4602 2652 
8584 1599 4804 2276 
8585 533 4798 1507 
8586 2030 4801 2031 
8587 3420 5023 3419 
8588 2345 4499 1799 
8589 4503 4583 4270 
8590 599 4588 592 
8591 1190 1350 1211 
8592 3050 4981 2884 
8593 3949 5120 3987 
8594 2654 4641 4050 
8595 3807 4679 4658 
8596 1646 4606 1648 
8597 1514 4582 906 
8598 3746 4747 3626 
8599 5177 5194 3852 
8600 3490 4749 1701 
8601 2911 4580 2781 
8602 3504 4616 3501 
8603 616 632 617 
8604 2634 4587 4444 
8605 2652 4602 4308 
8606 3263 4783 3304 
8607 3067 4509 2669 
8608 3687 4796 2021 
8609 2644 4607 2892 
8610 2766 4811 1948 
8611 3303 4669 3258 
8612 4027 4807 463 
8613 2698 4762 4272 
8614 4652 4731 3582 
8615 1168 4618 1080 
8616 2325 4513 2177 
8617 2177 4513 2179 
8618 1595 5111 4356 
8619 3434 5020 313 
8620 2911 4743 4580 
8621 3852 5194 3853 
8622 4905 4998 2986 
8623 3519 4627 3520 
8624 2073 4605 2071 
8625 286 4819 285 
8626 3431 4599 2914 
8627 2103 2782 2618 
8628 239 4611 238 
8629 3903 4664 2654 
8630 588 590 589 
8631 335 4613 334 
8632 4622 5120 4132 
8633 430 4966 108 
8634 2882 4609 2881 
8635 580 588 587 
8636 3464 5016 2902 
8637 4356 5111 3110 
8638 3056 5137 5105 
8639 4514 4660 3747 
8640 399 4610 105 
8641 4475 4780 355 
8642 2999 5015 3875 
8643 1360 4472 1359 
8644 3419 5023 414 
8645 118 4612 117 
8646 2786 2787 2785 
8647 884 892 890 
8648 4757 5197 3094 
8649 2666 4534 736 
8650 1151 1177 1170 
8651 4050 4641 4617 
8652 2786 3489 2787 
8653 3842 4640 4629 
8654 3721 4617 3720 
8655 3252 3320 3253 
8656 2495 4855 2496 
8657 908 4557 1514 
8658 316 4825 315 
8659 596 4818 525 
8660 1920 4588 599 
8661 59 4828 58 
8662 892 894 893 
8663 4579 4960 2851 
8664 523 4818 1474 
8665 347 5095 4548 
8666 590 592 591 
8667 73 4830 354 
8668 4584 4651 3183 
8669 929 4477 1979 
8670 2657 4650 2655 
8671 2654 4664 4641 
8672 2144 4587 2711 
8673 2784 2785 2783 
8674 4567 4573 2637 
8675 2935 4623 2643 
8676 4602 4624 4308 
8677 3255 4663 2441 
8678 355 4690 4475 
8679 1490 4729 4488 
8680 1662 4621 4133 
8681 3059 5268 5069 
8682 879 4626 877 
8683 299 5046 4601 
8684 894 896 895 
8685 2646 2648 2647 
8686 734 4544 2665 
8687 4596 4657 1509 
8688 1023 4477 932 
8689 4696 4731 2947 
8690 67 4835 353 
8691 1985 1986 1984 
8692 739 4924 1059 
8693 2848 4852 2500 
8694 1798 4644 2433 
8695 1040 4906 4546 
8696 4747 4770 3626 
8697 3630 4876 442 
8698 4369 4820 3279 
8699 915 4945 893 
8700 4251 4817 2697 
8701 4477 4478 1979 
8702 1886 2253 2252 
8703 1624 4833 1938 
8704 2363 4651 2365 
8705 29 5089 3 
8706 197 5088 7 
8707 4405 4902 2630 
8708 3050 5018 4981 
8709 630 4525 4305 
8710 1953 1954 1582 
8711 422 4630 203 
8712 2638 4594 4456 
8713 2897 4658 2898 
8714 3126 5190 4559 
8715 2722 4858 4742 
8716 4554 4609 3869 
8717 4133 4629 1657 
8718 1026 1027 1025 
8719 4621 4629 4133 
8720 4562 4615 4327 
8721 2349 4526 2347 
8722 4689 4747 3746 
8723 3046 5061 2248 
8724 2640 4584 3183 
8725 2952 4848 2716 
8726 4607 4621 1662 
8727 4308 4624 2972 
8728 3737 4632 3736 
8729 3626 4770 3625 
8730 1211 4596 1212 
8731 1160 1190 1161 
8732 4147 4839 2659 
8733 2324 3016 2323 
8734 1989 1990 1988 
8735 603 4581 1920 
8736 2378 4728 2979 
8737 1358 5218 5138 
8738 2706 4842 3040 
8739 1620 4859 1622 
8740 3614 4828 3616 
8741 4580 4743 1554 
8742 4637 4652 3582 
8743 151 4847 455 
8744 352 4847 152 
8745 2704 4890 4422 
8746 2249 4603 4528 
8747 2978 4702 3467 
8748 768 4561 1881 
8749 2722 4631 4068 
8750 3071 5187 4765 
8751 4327 4615 2649 
8752 1568 4639 1567 
8753 2971 4840 2383 
8754 3311 5101 1558 
8755 632 641 633 
8756 2303 4851 1586 
8757 2476 4691 3462 
8758 3218 5004 475 
8759 3299 5232 4901 
8760 3986 4636 1854 
8761 3560 4799 3536 
8762 1387 4620 1594 
8763 2909 4698 4363 
8764 2727 2728 2726 
8765 4454 4795 296 
8766 4552 4584 2640 
8767 4617 4641 3720 
8768 1506 4699 4544 
8769 1669 4745 4645 
8770 3589 4995 3588 
8771 1376 1564 1375 
8772 1571 2150 1569 
8773 913 4557 910 
8774 4381 4622 584 
8775 4307 4637 2660 
8776 3170 4846 4106 
8777 3536 4832 3534 
8778 1064 4561 767 
8779 232 4638 231 
8780 2881 4609 4554 
8781 434 4861 32 
8782 31 4861 471 
8783 470 4593 4531 
8784 3841 4640 3842 
8785 3269 4707 3586 
8786 949 4887 1390 
8787 1522 1526 1354 
8788 3362 4721 2547 
8789 3533 4903 3511 
8790 1192 1367 1156 
8791 2738 4874 3768 
8792 219 5182 3288 
8793 3309 4759 3310 
8794 2609 4717 4556 
8795 4038 4873 3909 
8796 4834 4871 2732 
8797 3437 5152 2865 
8798 4196 5278 1957 
8799 2179 4555 2182 
8800 477 5107 4521 
8801 476 5108 4522 
8802 4615 4649 2649 
8803 5221 5235 3161 
8804 3048 4646 2320 
8805 3337 4868 2769 
8806 982 4647 3838 
8807 3759 4899 2952 
8808 3463 4879 2624 
8809 2912 4839 2214 
8810 1483 4846 4322 
8811 3391 5244 5029 
8812 3938 4868 3939 
8813 4358 4977 3448 
8814 3 5089 112 
8815 7 5088 280 
8816 1215 1509 1217 
8817 3720 4641 3774 
8818 4639 4862 3243 
8819 3034 4873 2807 
8820 885 4619 882 
8821 2645 4657 4596 
8822 3534 4853 3533 
8823 4636 4659 1854 
8824 2670 4509 2746 
8825 2648 2992 2647 
8826 2676 4718 2926 
8827 3955 4895 1407 
8828 3772 4718 4649 
8829 1883 1885 1884 
8830 582 4802 578 
8831 3913 4785 358 
8832 1037 1160 1038 
8833 3051 5052 5043 
8834 128 4878 3995 
8835 363 4878 129 
8836 1372 4633 1067 
8837 1567 4472 1360 
8838 3676 4918 3679 
8839 2110 4671 1684 
8840 3001 5180 5015 
8841 2780 4867 3280 
8842 133 4880 409 
8843 4091 4732 2681 
8844 438 4914 258 
8845 2747 4885 2744 
8846 641 767 642 
8847 3161 5235 3020 
8848 302 4653 301 
8849 2907 5052 3051 
8850 4623 4692 1041 
8851 2646 2647 2645 
8852 3806 4656 2328 
8853 1028 1029 1027 
8854 265 5266 431 
8855 4508 4762 2698 
8856 970 4655 971 
8857 333 4654 332 
8858 2669 4509 2670 
8859 473 5059 3192 
8860 2924 4732 4091 
8861 440 4985 3651 
8862 1242 5070 1340 
8863 4681 5127 3010 
8864 2960 4904 3014 
8865 2648 2993 2992 
8866 1030 1031 1029 
8867 2126 4879 2303 
8868 4831 4892 2899 
8869 2793 4766 3435 
8870 2723 4680 1879 
8871 2659 4963 2845 
8872 1032 1037 1031 
8873 362 4896 3874 
8874 3487 4683 3308 
8875 2843 4745 2957 
8876 3386 5253 3567 
8877 3749 4754 1359 
8878 3442 4645 3492 
8879 4641 4664 3774 
8880 3625 4812 3601 
8881 4519 4992 2937 
8882 77 4893 76 
8883 4371 4834 2732 
8884 3225 4939 2867 
8885 4530 5236 3293 
8886 1854 4659 1720 
8887 230 4891 381 
8888 3592 5257 3153 
8889 2742 3083 3081 
8890 3258 4669 4587 
8891 1197 1532 1368 
8892 2772 4809 2771 
8893 4422 4890 3997 
8894 910 4557 908 
8895 4398 4680 3482 
8896 3207 4921 3215 
8897 3471 5264 389 
8898 3459 5048 891 
8899 1215 4596 1509 
8900 4294 4652 1517 
8901 3447 5218 1358 
8902 3294 5220 467 
8903 1460 4661 3054 
8904 4901 5232 3444 
8905 2182 4555 2956 
8906 2260 4660 4161 
8907 3774 4664 1041 
8908 3939 4895 2542 
8909 2646 4570 2648 
8910 3518 5133 2489 
8911 4515 4836 349 
8912 3993 5203 3589 
8913 2733 2734 2324 
8914 1564 2323 1375 
8915 3056 5105 4569 
8916 1985 4595 1986 
8917 3875 4902 2999 
8918 2649 4649 4395 
8919 3598 4673 3599 
8920 2275 5209 4681 
8921 3450 4866 4545 
8922 175 4665 174 
8923 3502 4668 3503 
8924 3083 3291 3081 
8925 2979 5225 2773 
8926 2953 4835 4589 
8927 4003 4776 371 
8928 3511 4938 3510 
8929 608 4581 605 
8930 4605 4632 3737 
8931 3260 4678 2677 
8932 1378 4553 1376 
8933 2725 2726 1885 
8934 216 4991 4461 
8935 3131 4967 2875 
8936 78 4908 77 
8937 3136 5250 4676 
8938 4587 4669 2711 
8939 1555 1590 1589 
8940 397 4973 3630 
8941 1935 5207 3893 
8942 4744 4940 433 
8943 1930 4672 1931 
8944 4513 4555 2179 
8945 3510 5125 726 
8946 2902 5016 4845 
8947 1877 4680 4398 
8948 3581 4985 3580 
8949 1181 4688 1182 
8950 2782 2783 2618 
8951 3582 4731 2466 
8952 3229 3231 2304 
8953 3639 4976 376 
8954 2976 4816 2975 
8955 5176 5184 3142 
8956 336 4913 394 
8957 3308 4759 3307 
8958 4718 4761 2926 
8959 5235 5250 3020 
8960 1506 4815 4387 
8961 4625 5117 3128 
8962 3116 5081 3048 
8963 4547 4824 3667 
8964 2976 4674 4478 
8965 2260 4689 4660 
8966 4 5107 176 
8967 8 5108 344 
8968 2867 4939 4807 
8969 3080 5264 3471 
8970 882 4619 884 
8971 418 4920 243 
8972 42 4677 41 
8973 3154 4676 4055 
8974 3142 5184 2987 
8975 2741 4821 2739 
8976 3284 5241 3285 
8977 2697 4817 4502 
8978 4404 5229 2778 
8979 4504 4827 2462 
8980 3768 4953 2889 
8981 2470 4854 3525 
8982 3020 5250 3136 
8983 1375 4633 1372 
8984 2291 5029 2772 
8985 36 4927 420 
8986 1370 4685 1361 
8987 399 4720 4710 
8988 496 4934 499 
8989 4207 4946 2768 
8990 389 5056 3471 
8991 1844 4948 2431 
8992 3608 5047 3008 
8993 4838 5249 3752 
8994 2103 2264 2102 
8995 912 4670 913 
8996 3068 5209 2650 
8997 2922 4682 2920 
8998 2918 5045 3035 
8999 2365 4651 4584 
9000 236 5142 3760 
9001 5137 5163 1904 
9002 1560 4686 1025 
9003 2831 5005 4863 
9004 2244 4734 1959 
9005 1666 4740 1981 
9006 139 4935 410 
9007 2973 4906 2598 
9008 2120 4681 2122 
9009 3742 5062 4354 
9010 1685 5127 3068 
9011 1883 4608 2725 
9012 641 4919 769 
9013 3476 5051 1957 
9014 1373 5231 3311 
9015 3450 4912 4866 
9016 1885 4666 1886 
9017 2694 4741 2693 
9018 3667 4824 396 
9019 79 4690 355 
9020 1560 4816 4686 
9021 3420 5208 5023 
9022 2441 4663 2410 
9023 4550 4830 74 
9024 417 4960 4579 
9025 3008 5047 2119 
9026 340 4944 339 
9027 261 5108 8 
9028 93 5107 4 
9029 2723 4823 4680 
9030 3817 5118 4928 
9031 1024 4898 1026 
9032 1678 5102 3440 
9033 4092 4689 2260 
9034 2884 4950 3637 
9035 2618 2846 2264 
9036 3679 4706 3640 
9037 4544 4699 2665 
9038 2943 4849 2976 
9039 4672 4711 1931 
9040 605 4581 603 
9041 5184 5189 2987 
9042 317 4954 316 
9043 720 4692 718 
9044 4770 4812 3625 
9045 4397 5080 4822 
9046 158 4951 449 
9047 370 4951 159 
9048 3105 5159 3114 
9049 1530 4972 1612 
9050 3761 5281 3469 
9051 2713 4930 2943 
9052 4832 4853 3534 
9053 1385 5281 662 
9054 4000 4955 4009 
9055 3320 5240 769 
9056 2735 3575 2734 
9057 2916 5042 4877 
9058 3037 4933 4753 
9059 4191 4979 505 
9060 2777 4882 2776 
9061 3405 4936 1188 
9062 944 5018 942 
9063 2849 4960 2905 
9064 3875 5015 446 
9065 360 4962 311 
9066 310 4962 448 
9067 3739 4695 2663 
9068 1564 2324 2323 
9069 2961 4970 2959 
9070 2987 5189 3053 
9071 124 4693 362 
9072 170 4968 169 
9073 2575 4866 2007 
9074 2898 4679 4374 
9075 3687 4955 4796 
9076 1986 4595 1989 
9077 143 4971 142 
9078 4146 4694 2929 
9079 3806 4757 4656 
9080 4706 4929 3507 
9081 2528 5028 3805 
9082 1238 4932 3466 
9083 3960 4982 2903 
9084 2253 2731 2653 
9085 2956 4643 2271 
9086 2253 2653 2430 
9087 3134 5171 2130 
9088 3653 5092 3652 
9089 715 4701 714 
9090 4601 5046 3034 
9091 2711 4669 3985 
9092 3048 5081 5049 
9093 2466 4696 3044 
9094 3590 5204 652 
9095 917 4670 912 
9096 2294 4997 1741 
9097 4661 5072 2933 
9098 4039 4984 2991 
9099 2908 4698 2909 
9100 2271 4643 2444 
9101 2984 4913 4772 
9102 1956 3881 1953 
9103 3987 5120 4622 
9104 1950 4639 1568 
9105 4799 4832 3536 
9106 135 4702 134 
9107 2686 4837 2685 
9108 3181 4700 3621 
9109 4708 4919 632 
9110 375 5119 3670 
9111 4461 4991 3003 
9112 3974 4703 2700 
9113 5032 5066 4522 
9114 2662 4783 3263 
9115 2980 5097 3620 
9116 4773 5277 2774 
9117 408 4991 217 
9118 3138 5040 2792 
9119 4696 5135 3469 
9120 499 5012 501 
9121 4903 4938 3511 
9122 4701 4713 714 
9123 580 4802 1690 
9124 502 4704 500 
9125 3312 5091 3313 
9126 3977 4884 2150 
9127 3788 5121 3764 
9128 2919 5074 2922 
9129 3000 4564 2860 
9130 3092 4709 3094 
9131 1734 5073 3748 
9132 4717 4799 3560 
9133 2117 5047 2298 
9134 2922 5074 5062 
9135 1943 4728 1945 
9136 3567 5253 319 
9137 4705 4712 2679 
9138 2321 5031 4445 
9139 2294 4992 4519 
9140 4679 4705 4374 
9141 219 5013 218 
9142 1969 4714 3823 
9143 4656 4709 3087 
9144 4784 5158 392 
9145 313 5020 312 
9146 1931 4711 1933 
9147 1362 4715 1607 
9148 2705 5021 2977 
9149 2679 4712 2678 
9150 414 5023 57 
9151 714 4713 4065 
9152 1736 5019 1735 
9153 4297 4937 2183 
9154 4221 4969 2797 
9155 619 4815 1506 
9156 4556 4717 3560 
9157 757 5043 758 
9158 2730 4716 3072 
9159 4715 4727 1607 
9160 3042 5042 2916 
9161 1439 5034 4256 
9162 2900 5030 3018 
9163 2388 4604 2389 
9164 2908 4725 4698 
9165 1995 2103 2102 
9166 4589 4835 68 
9167 2158 5050 2523 
9168 2653 4448 2430 
9169 2138 5058 2933 
9170 2313 5105 1910 
9171 3570 4836 4515 
9172 4248 4949 2327 
9173 3977 4921 3207 
9174 4645 4745 2843 
9175 732 5090 3750 
9176 4437 5085 1454 
9177 1610 5075 2135 
9178 4686 4816 4478 
9179 413 5046 300 
9180 2826 5053 4012 
9181 1257 4718 3772 
9182 2883 4721 2642 
9183 2103 4675 2782 
9184 3217 5228 1680 
9185 2787 2790 2789 
9186 436 4723 173 
9187 3706 5150 3707 
9188 3863 5121 3862 
9189 1619 4730 1617 
9190 3699 5014 1989 
9191 4774 4932 1238 
9192 2645 4596 1211 
9193 461 5056 208 
9194 207 5056 389 
9195 4092 4747 4689 
9196 3011 5116 3009 
9197 2386 5027 2927 
9198 1607 4727 2322 
9199 214 4726 213 
9200 1709 5275 1707 
9201 3887 5072 765 
9202 3051 4725 2908 
9203 4374 4705 2679 
9204 4305 4722 2610 
9205 4009 5093 359 
9206 3677 5258 3678 
9207 4712 4737 2678 
9208 3531 5064 4933 
9209 137 5279 4289 
9210 3035 4957 3557 
9211 5058 5096 3054 
9212 4854 5002 3078 
9213 4115 5057 3935 
9214 4658 4679 2898 
9215 1359 4754 1189 
9216 2463 4733 3142 
9217 107 4844 106 
9218 287 5256 286 
9219 2077 4717 2075 
9220 3043 5049 1892 
9221 530 5086 581 
9222 664 5281 3761 
9223 3283 4729 4168 
9224 3109 5111 3113 
9225 1993 4675 1992 
9226 1156 4614 1064 
9227 2064 5098 2170 
9228 3136 5246 3884 
9229 891 5048 874 
9230 3202 4735 2664 
9231 236 5103 235 
9232 4751 4767 1014 
9233 3349 4843 3888 
9234 293 5284 292 
9235 171 4736 419 
9236 5094 5213 2866 
9237 2408 5087 2406 
9238 1376 4553 1564 
9239 3291 4998 3081 
9240 742 4724 1194 
9241 4561 4608 1881 
9242 4822 5080 2431 
9243 2396 5265 1651 
9244 410 5279 138 
9245 4588 4926 4815 
9246 4289 5279 3863 
9247 2408 5099 5087 
9248 4647 4650 2657 
9249 168 4738 395 
9250 3397 4769 4496 
9251 940 4751 1014 
9252 876 5048 1500 
9253 3848 5230 3150 
9254 3616 5254 3615 
9255 4680 4823 3482 
9256 417 5139 294 
9257 107 4966 4844 
9258 1701 4749 1703 
9259 3275 5132 2951 
9260 2235 4831 1961 
9261 2944 4604 2388 
9262 4545 4866 2575 
9263 2678 4737 2698 
9264 319 5253 318 
9265 241 5146 357 
9266 4437 5092 3653 
9267 4546 4906 2973 
9268 3032 5215 4994 
9269 1905 5137 1904 
9270 4256 5080 2901 
9271 457 5248 320 
9272 4267 5192 2496 
9273 409 5164 3999 
9274 1045 4746 3892 
9275 3054 5096 4286 
9276 4043 5085 2925 
9277 35 5161 34 
9278 1992 4675 1995 
9279 455 5154 150 
9280 353 5167 66 
9281 2947 4731 2946 
9282 890 4945 1513 
9283 4746 4760 3892 
9284 1958 4734 2724 
9285 4496 4769 2615 
9286 3114 4739 3106 
9287 3597 4888 3595 
9288 354 5203 72 
9289 71 5203 3993 
9290 4131 4824 4547 
9291 4425 4897 1609 
9292 65 5188 64 
9293 852 5221 886 
9294 3440 5102 3394 
9295 1257 4761 4718 
9296 1879 4680 1877 
9297 201 4744 433 
9298 55 5208 369 
9299 372 5193 327 
9300 2862 5216 3034 
9301 2496 5192 2493 
9302 3144 4379 2993 
9303 4247 4986 4191 
9304 4588 4815 594 
9305 2890 4995 3146 
9306 539 5212 537 
9307 2524 4763 3618 
9308 3213 5185 2995 
9309 1455 5177 4121 
9310 2336 5141 3116 
9311 1554 4743 3682 
9312 2323 4633 1375 
9313 4655 4658 2897 
9314 812 5176 811 
9315 1151 4635 1177 
9316 33 4748 434 
9317 2673 5223 2896 
9318 899 5224 4126 
9319 2978 4880 4702 
9320 4767 4777 2538 
9321 4126 5211 1471 
9322 2683 5064 3531 
9323 2330 5178 2912 
9324 2011 4912 2434 
9325 2935 4692 4623 
9326 4534 4724 740 
9327 1527 4635 1044 
9328 2272 4747 4092 
9329 441 5168 4259 
9330 178 4753 179 
9331 616 4708 632 
9332 4600 4896 362 
9333 4620 4740 1594 
9334 2731 3074 2653 
9335 5093 5254 359 
9336 3229 3232 3231 
9337 3158 4750 3033 
9338 1938 4833 4673 
9339 3131 5161 4967 
9340 3997 4890 363 
9341 1881 4608 1883 
9342 3653 5085 4437 
9343 3283 4764 4729 
9344 4478 4674 1979 
9345 4198 5153 2754 
9346 3525 4854 4394 
9347 2665 4699 2667 
9348 1609 4708 616 
9349 3899 4757 3806 
9350 1959 4734 1958 
9351 361 5152 3437 
9352 1961 4831 2536 
9353 3705 4800 3529 
9354 2893 5134 3055 
9355 3072 4756 2334 
9356 1517 4652 4637 
9357 4537 4927 37 
9358 1014 4767 2538 
9359 3107 5115 3104 
9360 1524 5271 4260 
9361 459 4901 3444 
9362 2999 4902 2296 
9363 3892 4760 2544 
9364 268 4719 400 
9365 2787 2789 2785 
9366 817 4758 818 
9367 2272 4770 4747 
9368 4760 4768 2544 
9369 3116 5133 5081 
9370 4519 4997 2294 
9371 2732 4871 2973 
9372 1254 4761 1257 
9373 3323 5196 3088 
9374 4778 5022 2735 
9375 904 4851 3710 
9376 3595 4910 3594 
9377 3466 5148 3388 
9378 1367 4614 1156 
9379 1594 4740 1666 
9380 4363 5099 2408 
9381 3732 5025 3733 
9382 4681 5209 3068 
9383 1064 4614 4561 
9384 3159 4752 2359 
9385 3710 4851 3337 
9386 1582 4553 1378 
9387 557 4765 555 
9388 2544 4768 1812 
9389 462 4865 4024 
9390 4501 4674 3491 
9391 2886 4860 2888 
9392 982 4650 4647 
9393 3108 5011 3148 
9394 2538 4777 3167 
9395 2749 4771 2751 
9396 1609 4897 4453 
9397 5044 5210 3395 
9398 4599 4886 2913 
9399 3017 4797 4633 
9400 4123 4770 2272 
9401 4272 4762 2262 
9402 4561 4614 4608 
9403 3206 4884 3977 
9404 338 4772 337 
9405 4576 4845 454 
9406 3387 4864 3386 
9407 4126 5224 5211 
9408 4331 5037 4332 
9409 3229 4662 3232 
9410 3023 5055 3011 
9411 1886 4666 2253 
9412 2948 5036 4380 
9413 1177 4642 1170 
9414 3462 4691 4517 
9415 883 4775 881 
9416 1979 4674 4501 
9417 2740 4592 2742 
9418 3322 5094 1351 
9419 1044 4635 1151 
9420 2933 5071 2404 
9421 421 4915 3404 
9422 3068 5127 4681 
9423 3221 4773 2736 
9424 3265 5144 2963 
9425 4762 4786 2262 
9426 4358 5024 2434 
9427 3653 5124 5085 
9428 970 4658 4655 
9429 2444 2866 2446 
9430 4773 4779 2736 
9431 4722 4897 2610 
9432 4571 4901 459 
9433 2322 4993 3043 
9434 4788 4789 3919 
9435 740 4724 742 
9436 4549 4787 2150 
9437 391 4956 4026 
9438 2077 4799 4717 
9439 2790 3197 2789 
9440 3048 5049 4646 
9441 3310 4759 469 
9442 4358 5140 5024 
9443 2736 4779 2737 
9444 3476 5278 3179 
9445 3323 4858 2721 
9446 104 5130 103 
9447 4756 4907 2950 
9448 1025 4686 1023 
9449 1189 4754 1188 
9450 4071 4782 1465 
9451 4638 4891 231 
9452 4779 4788 2737 
9453 3112 4781 3100 
9454 2966 5145 4487 
9455 4569 5105 2313 
9456 2378 2979 2773 
9457 4969 4993 2322 
9458 2931 4785 2687 
9459 2726 4666 1885 
9460 4474 4724 4534 
9461 389 5264 4409 
9462 3044 5283 3468 
9463 5094 5166 1351 
9464 4888 4910 3595 
9465 3280 5082 2910 
9466 2737 4788 3919 
9467 2894 4780 4287 
9468 4027 4813 2868 
9469 3159 5172 5171 
9470 2103 2618 2264 
9471 2615 4769 3525 
9472 827 5242 825 
9473 2470 5002 4854 
9474 2142 5024 2958 
9475 4434 4764 3283 
9476 2434 5024 2128 
9477 3722 4883 2683 
9478 3318 5106 4860 
9479 2762 4790 3551 
9480 2266 4792 2268 
9481 3354 4865 3356 
9482 141 4791 140 
9483 2681 4732 4713 
9484 4853 4903 3533 
9485 827 5247 5242 
9486 1170 4642 1197 
9487 1023 4686 4477 
9488 429 5225 4441 
9489 4483 5196 1864 
9490 4097 5247 827 
9491 2262 4786 4304 
9492 2884 4981 4950 
9493 2647 4657 2645 
9494 2021 4796 3880 
9495 3919 4789 4247 
9496 2699 3881 1956 
9497 4343 5200 1029 
9498 4097 5251 5247 
9499 3045 4794 2437 
9500 4477 4686 4478 
9501 296 4795 295 
9502 543 4793 540 
9503 4633 4797 1067 
9504 1197 4642 1532 
9505 4579 5139 417 
9506 3410 4841 3411 
9507 3013 4900 3339 
9508 1529 5234 5213 
9509 4123 4812 4770 
9510 535 4798 533 
9511 4794 4801 2437 
9512 401 4974 3204 
9513 3388 5238 1349 
9514 4517 4691 3190 
9515 4525 4722 4305 
9516 2785 4710 2783 
9517 1466 5251 4097 
9518 1466 5260 5251 
9519 3179 5278 3178 
9520 280 5088 3294 
9521 112 5089 3293 
9522 4593 5220 3294 
9523 2437 4801 2030 
9524 1533 5244 3391 
9525 4702 4880 134 
9526 4397 4822 2972 
9527 3184 4803 2825 
9528 3232 5067 4524 
9529 3034 5216 4601 
9530 1368 4667 1555 
9531 1946 4804 1599 
9532 3691 4871 4834 
9533 2253 4666 2731 
9534 4752 5171 3134 
9535 2997 4994 4836 
9536 3033 5128 609 
9537 4317 4958 4741 
9538 1508 5175 3390 
9539 2772 5029 4813 
9540 4431 5136 2708 
9541 3715 4806 3716 
9542 4312 5180 3001 
9543 1190 4909 1350 
9544 1946 4811 4804 
9545 2974 4823 2723 
9546 463 4807 4023 
9547 5098 5128 3033 
9548 4616 5154 455 
9549 3482 4823 1055 
9550 4101 5260 1466 
9551 3162 5217 3161 
9552 4661 5058 3054 
9553 1569 4787 1522 
9554 2444 4643 2866 
9555 4628 4863 4667 
9556 1948 4811 1946 
9557 4101 5267 5260 
9558 4352 4799 2077 
9559 257 4810 256 
9560 4824 4980 396 
9561 285 4819 402 
9562 3164 4872 4736 
9563 645 5039 1195 
9564 1532 4667 1368 
9565 2976 4849 4674 
9566 4676 5246 3136 
9567 4646 5049 3043 
9568 2933 5058 4661 
9569 1950 4862 4639 
9570 4682 5073 1734 
9571 3392 5156 1180 
9572 4786 4805 4304 
9573 3464 5219 5016 
9574 1938 4812 4123 
9575 4635 5001 1177 
9576 3215 5068 3208 
9577 4785 4978 358 
9578 4304 4805 2273 
9579 451 5147 3751 
9580 3307 4759 3309 
9581 3285 4869 4226 
9582 902 5267 4101 
9583 1188 4936 1062 
9584 4674 4849 3491 
9585 2792 4784 2790 
9586 1522 4787 1526 
9587 3214 4869 3358 
9588 1904 5163 3851 
9589 1981 5162 1982 
9590 3469 5135 3761 
9591 4511 4854 3078 
9592 525 4818 523 
9593 4148 4929 416 
9594 2327 4817 4251 
9595 4910 4950 3594 
9596 5148 5238 3388 
9597 3787 4999 4581 
9598 4805 4834 2273 
9599 2834 4774 4543 
9600 2972 4822 2971 
9601 315 4825 411 
9602 58 4828 414 
9603 3021 4824 4131 
9604 4021 5160 383 
9605 3465 5219 3464 
9606 3569 4836 3570 
9607 2988 5187 3071 
9608 1668 5214 3773 
9609 4865 5035 4024 
9610 3773 5199 2988 
9611 4735 5265 2396 
9612 5163 5181 3851 
9613 3007 4774 4499 
9614 3819 5118 3817 
9615 4725 5028 2528 
9616 1853 5106 1950 
9617 4678 5193 372 
9618 3382 4905 3220 
9619 3556 4864 3387 
9620 74 4830 73 
9621 4724 4885 1194 
9622 2974 4898 4823 
9623 2776 4882 3295 
9624 4403 5179 2764 
9625 2752 4915 2994 
9626 2939 4875 2938 
9627 594 4815 619 
9628 2135 5075 4716 
9629 2462 4827 3222 
9630 1622 4833 1624 
9631 4741 4958 2693 
9632 2797 4969 4727 
9633 3851 5181 3852 
9634 2763 4820 4369 
9635 1555 4667 1590 
9636 3773 5214 5199 
9637 4993 5031 3043 
9638 4734 5007 2724 
9639 2536 4831 4625 
9640 3298 4901 4571 
9641 2915 4922 3195 
9642 1037 4797 1160 
9643 3599 4888 3597 
9644 4611 4848 406 
9645 4022 5205 387 
9646 2940 4856 3613 
9647 4823 4898 1055 
9648 1731 5063 2307 
9649 4673 4833 3599 
9650 2684 4838 3062 
9651 4499 4774 2834 
9652 68 4835 67 
9653 4487 4989 1194 
9654 3007 4932 4774 
9655 3111 5228 3217 
9656 3167 5243 3168 
9657 1367 4911 4481 
9658 2742 4592 3083 
9659 3028 4843 3027 
9660 4352 4832 4799 
9661 4502 4817 3703 
9662 2988 5199 5187 
9663 2214 4839 4147 
9664 65 5167 3344 
9665 2106 4808 2692 
9666 1067 4797 1037 
9667 3116 5141 4714 
9668 2307 5078 3943 
9669 4938 5036 3510 
9670 3944 5104 3950 
9671 2383 4840 3049 
9672 5063 5078 2307 
9673 2922 5073 4682 
9674 1995 4675 2103 
9675 2150 4787 1569 
9676 751 4989 1527 
9677 4881 4916 4872 
9678 3433 5159 1521 
9679 2170 5098 4750 
9680 2708 4842 2706 
9681 4772 4913 337 
9682 2523 5050 4771 
9683 108 4966 107 
9684 2273 4834 4371 
9685 2943 4930 4849 
9686 454 4845 4002 
9687 4713 4732 4065 
9688 2754 5153 4733 
9689 1560 5200 4355 
9690 578 4802 580 
9691 4955 5093 4009 
9692 4797 4909 1160 
9693 3308 5226 4759 
9694 4006 5282 3908 
9695 4106 4846 1483 
9696 4478 4816 2976 
9697 2280 4832 4352 
9698 406 5142 237 
9699 4835 4953 353 
9700 3285 5241 4869 
9701 4852 4855 2498 
9702 152 4847 151 
9703 4796 4955 4001 
9704 2716 4848 2879 
9705 2500 4852 2498 
9706 2777 5210 5044 
9707 4396 5196 3323 
9708 2431 4948 4822 
9709 3154 5246 4676 
9710 3441 4829 3440 
9711 2498 4855 2495 
9712 3299 4901 3298 
9713 4012 5053 4782 
9714 1586 4851 904 
9715 2280 4853 4832 
9716 3055 4908 4780 
9717 2150 4884 4549 
9718 5040 5158 2792 
9719 2768 4946 4840 
9720 3816 4928 4806 
9721 4815 4926 4387 
9722 472 4917 3343 
9723 2949 4857 4040 
9724 2868 4813 2869 
9725 1980 4859 1620 
9726 3343 5131 3061 
9727 2743 5009 4575 
9728 4226 4869 3214 
9729 4408 5237 3313 
9730 257 4914 4810 
9731 4803 5212 539 
9732 5033 5090 732 
9733 2998 5026 596 
9734 32 4861 31 
9735 431 5067 3321 
9736 2790 4784 3197 
9737 2860 4826 2728 
9738 1746 5006 3894 
9739 3200 5149 3431 
9740 1194 4989 744 
9741 2248 5061 4881 
9742 5027 5080 4256 
9743 4791 4935 140 
9744 2618 4720 2846 
9745 5067 5068 4524 
9746 1997 5201 4843 
9747 1989 5014 1990 
9748 4564 4826 2860 
9749 4474 4885 4724 
9750 4880 4982 409 
9751 2859 4923 2861 
9752 2769 4868 3938 
9753 4925 5060 395 
9754 4842 5119 375 
9755 2944 5231 4604 
9756 3002 4892 2235 
9757 898 4958 4317 
9758 3567 4870 3361 
9759 3094 5197 3093 
9760 3004 5170 2452 
9761 4870 5248 457 
9762 2276 5263 4046 
9763 1971 4886 2511 
9764 4046 5252 4047 
9765 1192 4911 1367 
9766 4819 4963 402 
9767 4714 5141 3823 
9768 4553 4778 2733 
9769 3491 4849 917 
9770 1390 4871 3691 
9771 350 4877 3994 
9772 2807 4873 4038 
9773 3437 5262 361 
9774 1526 4911 1354 
9775 4807 4939 4023 
9776 4410 4853 2280 
9777 3344 4874 2738 
9778 439 5131 3343 
9779 442 4876 3683 
9780 2779 4867 2780 
9781 3819 5282 5118 
9782 3409 5273 3410 
9783 396 4980 3631 
9784 2789 4710 2785 
9785 4727 4969 2322 
9786 3395 5210 1356 
9787 2906 5239 3403 
9788 2007 4866 2009 
9789 4716 5075 3072 
9790 2899 4892 2891 
9791 2763 4941 4820 
9792 129 4878 128 
9793 5179 5243 3167 
9794 947 4887 949 
9795 3500 4983 3495 
9796 134 4880 133 
9797 4046 5263 5252 
9798 2624 4879 2126 
9799 4913 5069 394 
9800 358 4978 4005 
9801 103 5130 392 
9802 2896 5223 4876 
9803 3678 5258 4971 
9804 898 5038 4958 
9805 3051 5028 4725 
9806 2783 4720 2618 
9807 3049 4965 3844 
9808 4759 5226 469 
9809 4872 4916 419 
9810 1585 5065 3287 
9811 4355 5200 4343 
9812 4874 5167 353 
9813 4582 5109 5038 
9814 3014 4894 3013 
9815 2977 4890 2704 
9816 4572 5044 3395 
9817 266 5266 265 
9818 4733 5153 3142 
9819 4710 4720 2783 
9820 231 4891 230 
9821 2630 4896 4600 
9822 3021 4980 4824 
9823 3358 5241 829 
9824 3906 5006 1746 
9825 76 4893 407 
9826 3322 5213 5094 
9827 3874 4896 3875 
9828 5037 5116 3011 
9829 4004 5195 2942 
9830 1971 5101 4886 
9831 3328 5007 4734 
9832 2542 4895 3955 
9833 4975 5041 3025 
9834 3760 4899 3759 
9835 829 5241 3284 
9836 4625 4831 2899 
9837 2513 5155 2848 
9838 5059 5178 2934 
9839 3155 5060 4925 
9840 4946 4965 3049 
9841 2931 4978 4785 
9842 2879 4848 4611 
9843 3029 4916 2969 
9844 4657 5040 3138 
9845 3278 5139 4579 
9846 4750 5098 3033 
9847 1055 4898 1024 
9848 1954 4778 1582 
9849 3304 5285 1468 
9850 4394 4854 4511 
9851 3265 5256 5144 
9852 4986 5051 3477 
9853 3166 4900 2930 
9854 4461 5152 361 
9855 3017 4909 4797 
9856 2959 4904 2960 
9857 3160 5172 3159 
9858 3027 5201 3546 
9859 3016 5123 4570 
9860 3391 5029 2291 
9861 2446 4755 2740 
9862 3513 5280 3110 
9863 4029 5165 464 
9864 1980 4910 4888 
9865 3354 5035 4865 
9866 355 4908 78 
9867 4809 4956 391 
9868 4875 4988 2938 
9869 4866 4912 2009 
9870 4845 5016 4002 
9871 3055 5134 4893 
9872 5009 5175 1508 
9873 4742 4858 346 
9874 2764 5179 4777 
9875 2915 5160 4922 
9876 1954 5173 5022 
9877 4934 5132 3275 
9878 4614 4814 4608 
9879 741 4924 739 
9880 475 5003 196 
9881 4849 4930 917 
9882 9 4996 473 
9883 1027 5200 1560 
9884 505 4979 4704 
9885 4026 4956 4027 
9886 337 4913 336 
9887 3202 5265 4735 
9888 2598 4906 3060 
9889 258 4914 257 
9890 2875 4967 3028 
9891 416 5112 144 
9892 741 4987 4924 
9893 3113 5054 3112 
9894 4184 4910 1980 
9895 3219 5084 4513 
9896 4739 5011 3108 
9897 3504 5154 4616 
9898 2911 5008 4743 
9899 313 5270 3434 
9900 474 4990 28 
9901 1582 4778 4553 
9902 4898 4952 1026 
9903 2296 4902 4405 
9904 4541 5017 3252 
9905 2925 5124 3608 
9906 3678 4918 3676 
9907 2927 5090 2945 
9908 2324 5123 3016 
9909 4300 5000 2729 
9910 4978 5195 4005 
9911 475 5274 5003 
9912 243 4920 242 
9913 2610 4897 4425 
9914 4841 5162 1981 
9915 3575 4974 401 
9916 4601 5216 367 
9917 2855 4933 3037 
9918 4410 4903 4853 
9919 2099 4903 4410 
9920 453 4928 4007 
9921 37 4927 36 
9922 4387 4926 3073 
9923 2099 4938 4903 
9924 144 5112 143 
9925 3431 5165 3156 
9926 4771 5050 2751 
9927 3448 4977 3449 
9928 2729 5000 3052 
9929 1059 5002 2470 
9930 2684 5249 4838 
9931 2009 4912 2011 
9932 2726 4889 4666 
9933 1367 4814 4614 
9934 498 4934 496 
9935 4996 5272 473 
9936 4521 5226 4683 
9937 177 4917 472 
9938 3025 5041 3026 
9939 3288 4942 2874 
9940 140 4935 139 
9941 3159 5171 4752 
9942 4024 5035 390 
9943 2744 4885 4474 
9944 92 4990 3666 
9945 4608 4814 2725 
9946 272 5269 271 
9947 3081 4998 3082 
9948 4582 5038 898 
9949 3156 5060 3155 
9950 3477 5051 3476 
9951 1062 4936 748 
9952 2647 5040 4657 
9953 2869 4837 2686 
9954 652 5204 3430 
9955 4023 4939 372 
9956 2328 5126 4483 
9957 2990 4937 4297 
9958 4575 5009 1508 
9959 3076 5025 3732 
9960 4100 4941 2763 
9961 1479 4946 4207 
9962 4379 4931 2993 
9963 4826 4889 2728 
9964 2990 4943 4937 
9965 4980 5168 3631 
9966 4877 5042 3994 
9967 1690 5044 4572 
9968 1354 4911 1192 
9969 3417 5268 3059 
9970 5069 5268 394 
9971 3580 4985 440 
9972 2768 4948 1844 
9973 339 4944 421 
9974 2989 4943 2990 
9975 3908 5282 3819 
9976 4777 5179 3167 
9977 4926 4999 3073 
9978 2930 4947 2928 
9979 1529 5213 3322 
9980 4782 5053 1465 
9981 2889 4953 2953 
9982 159 4951 158 
9983 374 4954 317 
9984 3135 5129 3134 
9985 402 4963 3581 
9986 4001 4955 4000 
9987 893 4945 890 
9988 393 4826 4564 
9989 2989 4961 4943 
9990 2963 4949 4248 
9991 2851 4960 2849 
9992 3685 5093 3687 
9993 4317 5174 915 
9994 743 4987 741 
9995 311 4962 310 
9996 371 5182 220 
9997 2991 4961 2989 
9998 3294 5088 4531 
9999 3293 5089 4529 
10000 2183 4965 1479 
10001 4184 4950 4910 
10002 376 4976 3674 
10003 3352 5035 3354 
10004 3699 4975 3025 
10005 3588 4995 2890 
10006 3637 4950 4184 
10007 220 5182 219 
10008 2866 4755 2446 
10009 4549 4884 3140 
10010 3262 5160 2915 
10011 4881 5061 2969 
10012 419 4968 170 
10013 2693 4958 3542 
10014 2956 5166 4643 
10015 2728 4889 2726 
10016 1479 4965 4946 
10017 3650 4996 281 
10018 624 4972 1530 
10019 3475 4979 3477 
10020 5022 5173 3273 
10021 142 4971 368 
10022 260 5003 3668 
10023 392 5158 4931 
10024 3038 4969 4221 
10025 3251 5076 3249 
10026 2792 5158 4784 
10027 4504 5175 5009 
10028 4743 5008 3316 
10029 3594 4981 1017 
10030 2896 4973 3975 
10031 4028 5113 435 
10032 1920 4999 4926 
10033 3038 4993 4969 
10034 4697 4877 350 
10035 2903 4982 2978 
10036 2511 4886 4599 
10037 1735 5063 1731 
10038 4827 5009 2743 
10039 1351 5166 3392 
10040 3022 4980 3021 
10041 1558 5101 1971 
10042 411 5270 314 
10043 1521 5159 4535 
10044 624 5012 4972 
10045 2830 4863 4628 
10046 4981 5018 1017 
10047 4234 4984 4039 
10048 4904 4970 425 
10049 2773 4959 3151 
10050 4319 4978 2931 
10051 4967 5161 420 
10052 5038 5109 2895 
10053 4479 4938 2099 
10054 2917 4877 4697 
10055 3404 5010 2965 
10056 217 4991 216 
10057 3703 5144 386 
10058 3542 5038 2895 
10059 2969 5061 2967 
10060 4666 4889 2731 
10061 349 4994 3990 
10062 1741 4997 1739 
10063 4597 5054 3113 
10064 3039 4993 3038 
10065 2949 5190 4566 
10066 2740 4755 4592 
10067 2937 4992 4234 
10068 4483 5126 3086 
10069 4667 4863 1590 
10070 4736 4872 419 
10071 469 5226 4521 
10072 4234 4992 4984 
10073 4928 5118 4007 
10074 446 5015 3701 
10075 769 5240 1065 
10076 4909 4964 1350 
10077 4526 4932 3007 
10078 3230 5032 4662 
10079 4555 5156 2956 
10080 1510 5017 4541 
10081 5003 5274 3668 
10082 4920 5146 242 
10083 3087 5126 4656 
10084 632 4919 641 
10085 1160 4909 1190 
10086 3943 5104 3944 
10087 4997 5019 1739 
10088 2964 5069 2984 
10089 4656 5126 2328 
10090 3016 4964 3017 
10091 5156 5166 2956 
10092 3975 5011 2806 
10093 501 5012 624 
10094 3056 5163 5137 
10095 4780 4908 355 
10096 1241 5070 1242 
10097 468 5032 4522 
10098 3260 5193 4678 
10099 218 5013 408 
10100 1017 5018 944 
10101 4002 5016 384 
10102 1739 5019 1736 
10103 3750 5034 1439 
10104 3631 5168 441 
10105 3685 5254 5093 
10106 312 5020 360 
10107 3650 5272 4996 
10108 57 5023 56 
10109 5171 5172 2397 
10110 3805 5028 757 
10111 4859 4888 3599 
10112 3802 5026 2766 
10113 4932 5148 3466 
10114 4447 4952 2974 
10115 4233 5021 2705 
10116 2431 5027 2386 
10117 4504 5009 4827 
10118 2993 4931 2992 
10119 2938 4988 3489 
10120 4531 5088 197 
10121 4529 5089 29 
10122 2895 5109 4342 
10123 4319 5195 4978 
10124 3934 5030 2900 
10125 4958 5038 3542 
10126 4738 4925 395 
10127 3078 5002 3079 
10128 434 5229 4404 
10129 4100 5131 4941 
10130 4806 4928 453 
10131 2404 5071 2907 
10132 3184 5212 4803 
10133 2119 5047 2117 
10134 3434 5045 2918 
10135 3994 5042 457 
10136 2945 5033 2947 
10137 758 5043 761 
10138 2958 5140 3160 
10139 4523 4921 1670 
10140 4836 4994 349 
10141 176 5107 477 
10142 344 5108 476 
10143 237 5142 236 
10144 4976 5202 3674 
10145 4894 4947 2930 
10146 300 5046 299 
10147 3158 5157 4750 
10148 1500 5037 4331 
10149 3228 5113 3230 
10150 3881 5173 1954 
10151 1957 5051 3984 
10152 4012 5050 2158 
10153 5043 5052 761 
10154 2777 5044 4882 
10155 4936 5039 748 
10156 4822 4948 2971 
10157 3139 5053 2826 
10158 1920 4926 4588 
10159 2128 5024 2142 
10160 761 5052 3887 
10161 2332 5136 4431 
10162 2953 4953 4835 
10163 1892 5049 2578 
10164 314 5270 313 
10165 874 5048 876 
10166 208 5056 207 
10167 2930 4900 4894 
10168 2982 5097 2980 
10169 3221 5277 4773 
10170 3748 5073 3742 
10171 748 5039 645 
10172 3652 5092 2313 
10173 2136 5058 2138 
10174 2954 5008 2911 
10175 5035 5259 390 
10176 4899 5142 406 
10177 581 5057 4115 
10178 395 5060 4029 
10179 4894 4900 3013 
10180 3022 5168 4980 
10181 2954 5174 4741 
10182 5015 5180 3701 
10183 319 5248 3567 
10184 3543 5271 1524 
10185 476 5066 4028 
10186 1612 5075 1610 
10187 4005 5195 4004 
10188 4933 5064 427 
10189 3634 5276 1581 
10190 3272 5173 3881 
10191 917 4930 4670 
10192 4548 5095 3014 
10193 2136 5096 5058 
10194 3256 5227 3182 
10195 4994 5215 3990 
10196 3935 5078 3934 
10197 1514 5169 5109 
10198 383 5198 4435 
10199 498 5151 5132 
10200 4704 4979 3475 
10201 1414 5074 3920 
10202 5062 5074 1414 
10203 3086 5126 3087 
10204 5049 5081 2578 
10205 765 5072 4086 
10206 3934 5078 5063 
10207 2406 5087 2919 
10208 3992 5147 451 
10209 3410 5273 5162 
10210 427 5064 3123 
10211 4463 5239 2906 
10212 1454 5085 4043 
10213 4445 5031 3039 
10214 529 5086 530 
10215 5087 5099 3920 
10216 3901 5151 498 
10217 3679 4929 4706 
10218 529 5100 5086 
10219 3920 5099 2936 
10220 2135 5096 2136 
10221 4354 5062 1414 
10222 3314 5225 429 
10223 2755 5098 2064 
10224 269 5191 4719 
10225 2806 5011 4739 
10226 1990 5014 1993 
10227 2452 5170 2948 
10228 5016 5219 384 
10229 3415 5143 3227 
10230 3394 5102 3393 
10231 5023 5208 56 
10232 4950 4981 3594 
10233 431 5068 5067 
10234 3072 4907 4756 
10235 1910 5105 1908 
10236 3669 5122 438 
10237 3009 5116 3459 
10238 744 4989 751 
10239 235 5103 351 
10240 4155 5100 529 
10241 3039 5031 4993 
10242 2755 5128 5098 
10243 2724 5007 4447 
10244 3210 5145 2966 
10245 726 5125 3590 
10246 3110 5111 3109 
10247 4233 5185 5021 
10248 3901 5183 5151 
10249 3862 5121 3788 
10250 5105 5137 1908 
10251 2578 5081 4344 
10252 3670 5119 3671 
10253 2298 5124 3653 
10254 1472 5110 4155 
10255 1472 5120 5110 
10256 4155 5110 5100 
10257 1441 5183 3901 
10258 2735 4974 3575 
10259 4007 5118 365 
10260 4077 5134 2893 
10261 390 5259 4537 
10262 379 5117 3119 
10263 3071 5128 2755 
10264 4808 5091 2692 
10265 2983 5186 3132 
10266 4840 4946 3049 
10267 1441 5206 5183 
10268 4132 5120 1472 
10269 3115 5122 3107 
10270 5109 5169 4342 
10271 2901 5080 4397 
10272 4662 5032 468 
10273 2951 5132 4016 
10274 361 5262 4726 
10275 1908 5137 1905 
10276 3104 5115 3103 
10277 4077 5245 5134 
10278 3712 5150 3706 
10279 3683 5223 2672 
10280 294 5139 293 
10281 3751 5147 3752 
10282 5134 5245 407 
10283 3853 5217 3162 
10284 2130 5171 2397 
10285 4435 5198 3012 
10286 1468 5285 3512 
10287 5132 5151 4016 
10288 2910 5082 2954 
10289 3061 5131 4100 
10290 2754 5141 2336 
10291 242 5146 241 
10292 2680 5238 5148 
10293 4829 5232 2390 
10294 3480 5157 2513 
10295 2731 5077 3074 
10296 4581 4999 1920 
10297 3252 5017 3320 
10298 3969 5206 1441 
10299 4471 5258 3677 
10300 3053 5211 3849 
10301 4110 5276 5255 
10302 464 5149 4022 
10303 3082 5264 3080 
10304 4016 5151 2932 
10305 3353 5259 3352 
10306 4344 5133 3518 
10307 150 5154 149 
10308 3163 4881 4872 
10309 1980 4888 4859 
10310 4380 5036 4479 
10311 2969 4916 4881 
10312 3668 5274 3669 
10313 3010 5127 3023 
10314 811 5153 4198 
10315 2290 5106 1853 
10316 420 5161 35 
10317 3701 5180 385 
10318 3999 5164 3998 
10319 5118 5282 365 
10320 4613 5268 3417 
10321 489 5233 3969 
10322 5151 5183 2932 
10323 2970 5181 5163 
10324 66 5167 65 
10325 3651 5272 3650 
10326 4863 5005 1590 
10327 2970 5163 3056 
10328 3969 5233 5206 
10329 3346 5276 3634 
10330 1590 5005 4540 
10331 2978 4982 4880 
10332 3273 5173 3272 
10333 5255 5276 3346 
10334 2934 5178 2330 
10335 3615 5254 3685 
10336 3073 5138 3067 
10337 5183 5206 3216 
10338 815 5176 812 
10339 489 5255 5233 
10340 2932 5183 3216 
10341 4057 5177 1455 
10342 2761 5190 2949 
10343 4259 5168 3022 
10344 3674 5202 444 
10345 815 5184 5176 
10346 4121 5181 2970 
10347 3849 5224 3848 
10348 4143 5184 815 
10349 466 5236 4377 
10350 3352 5259 5035 
10351 2992 5040 2647 
10352 3893 5197 1663 
10353 4322 5155 3158 
10354 64 5188 405 
10355 3267 5237 4408 
10356 4057 5194 5177 
10357 327 5193 326 
10358 1471 5189 4143 
10359 886 5194 4057 
10360 4143 5189 5184 
10361 2995 5185 4233 
10362 4479 5036 4938 
10363 100 5114 401 
10364 4915 5010 3404 
10365 2752 5010 4915 
10366 1340 5140 4358 
10367 2493 5192 2494 
10368 72 5203 71 
10369 4535 5159 3105 
10370 3216 5206 3978 
10371 662 5281 664 
10372 56 5208 55 
10373 4110 5255 489 
10374 1505 5187 4228 
10375 2869 5244 4837 
10376 5199 5214 2750 
10377 537 5212 595 
10378 3990 5215 447 
10379 4228 5199 2750 
10380 386 5256 287 
10381 2750 5214 3129 
10382 384 5219 4010 
10383 3150 5230 3149 
10384 851 5221 852 
10385 4260 5243 1976 
10386 4170 5216 2862 
10387 433 5222 4030 
10388 1581 5276 4110 
10389 825 5242 899 
10390 3832 5277 2027 
10391 851 5235 5221 
10392 2672 5223 2673 
10393 3884 5246 2396 
10394 5251 5260 3923 
10395 3978 5233 3345 
10396 407 5245 4550 
10397 3886 5249 2684 
10398 3019 5251 3923 
10399 2942 5195 4319 
10400 5187 5199 4228 
10401 5233 5255 3345 
10402 5206 5233 3978 
10403 3345 5255 3346 
10404 3149 5247 3019 
10405 394 5268 4613 
10406 4075 5235 851 
10407 1710 5275 5261 
10408 3886 5261 5249 
10409 3153 5257 3152 
10410 1707 5275 1710 
10411 1710 5261 3886 
10412 320 5248 319 
10413 5247 5251 3019 
10414 1976 5179 4403 
10415 3923 5260 3031 
10416 5260 5267 3031 
10417 1651 5265 1649 
10418 3147 5245 4077 
10419 318 5253 374 
10420 3031 5267 3592 
10421 3178 5278 4196 
10422 292 5284 366 
10423 4075 5250 5235 
10424 1462 5250 4075 
10425 138 5279 137 
10426 5242 5247 3149 
10427 365 5282 4006 
10428 4826 5077 4889 
10429 2692 5091 4377 
10430 4342 5169 3015 
10431 4894 5095 4947 
10432 4959 5220 3151 
10433 3060 5209 2275 
10434 1864 5196 4396 
10435 1507 5252 4265 
10436 4265 5263 3194 
10437 1976 5243 5179 
10438 3687 5093 4955 
10439 4860 5106 2290 
10440 3103 5115 5004 
10441 5081 5133 4344 
10442 4537 5259 3353 
10443 5252 5263 4265 
10444 5211 5224 3849 
10445 3017 4964 4909 
10446 3110 5280 4356 
10447 3410 5162 4841 
10448 1982 5162 1985 
10449 4524 5068 3215 
10450 4825 4957 411 
10451 2772 4956 4809 
10452 4513 5084 4555 
10453 1514 5109 4582 
10454 2984 5069 4913 
10455 2974 4952 4898 
10456 3787 5138 4999 
10457 471 5186 4530 
10458 4530 5186 2983 
10459 4882 5044 1690 
10460 2992 5158 5040 
10461 4843 5201 3027 
10462 2680 5148 4526 
10463 4789 4986 4247 
10464 3119 5117 4625 
10465 4961 5006 3906 
10466 368 5258 4471 
10467 3082 4998 4905 
10468 5138 5218 3067 
10469 2866 5213 4755 
10470 3313 5237 430 
10471 4526 5148 4932 
10472 4918 5112 416 
10473 392 5130 4784 
10474 3190 5210 2777 
10475 3183 5238 2680 
10476 3083 5065 3291 
10477 5065 5079 3291 
10478 5162 5273 1985 
10479 4748 5229 434 
10480 2734 5123 2324 
10481 4557 5169 1514 
10482 4889 5077 2731 
10483 3151 5220 4593 
10484 4643 5094 2866 
10485 4550 5245 3147 
10486 1954 5022 4778 
10487 1985 5273 4595 
10488 2957 5175 4504 
10489 3000 5191 4564 
10490 3067 5218 4509 
10491 2947 5135 4696 
10492 5066 5113 4028 
10493 3230 5113 5066 
10494 4916 4968 419 
10495 3029 4968 4916 
10496 1029 5200 1027 
10497 5034 5090 2927 
10498 3014 5095 4894 
10499 4869 5241 3358 
10500 5033 5135 2947 
10501 2959 4970 4904 
10502 3392 5166 5156 
10503 4942 5182 371 
10504 2431 5080 5027 
10505 1180 5156 5084 
10506 467 5220 4959 
10507 4726 5262 3196 
10508 4683 5226 3308 
10509 4813 5029 2869 
10510 2945 5090 5033 
10511 2708 5119 4842 
10512 4784 5130 3197 
10513 4741 5174 4317 
10514 3313 5091 4808 
10515 3230 5066 5032 
10516 4783 5285 3304 
10517 4949 5144 3703 
10518 5144 5256 386 
10519 4999 5138 3073 
10520 2991 5006 4961 
10521 5045 5270 411 
10522 4947 5095 347 
10523 5030 5063 1735 
10524 915 5174 5082 
10525 3344 5167 4874 
10526 498 5132 4934 
10527 4719 5191 3000 
10528 1500 5116 5037 
10529 3567 5248 4870 
10530 1680 5228 4781 
10531 5057 5104 3943 
10532 4893 5134 407 
10533 393 5077 4826 
10534 1585 5079 5065 
10535 3678 5112 4918 
10536 3760 5142 4899 
10537 4876 5223 3683 
10538 2907 5071 5052 
10539 3934 5063 5030 
10540 4931 5158 2992 
10541 3070 5222 4940 
10542 4940 5222 433 
10543 5004 5274 475 
10544 5052 5071 3887 
10545 5149 5165 3431 
10546 464 5165 5149 
10547 3750 5090 5034 
10548 2963 5144 4949 
10549 2919 5087 5074 
10550 473 5272 5059 
10551 5074 5087 3920 
10552 2948 5170 5125 
10553 581 5104 5057 
10554 5083 5129 3135 
10555 3465 5129 5083 
10556 3288 5182 4942 
10557 5084 5156 4555 
10558 5082 5174 2954 
10559 4971 5258 368 
10560 5125 5170 3590 
10561 5017 5240 3320 
10562 5194 5217 3853 
10563 5189 5211 3053 
10564 3434 5270 5045 
10565 1471 5211 5189 
10566 886 5217 5194 
10567 899 5242 5230 
10568 5230 5242 3149 
$EndElements
